mtllib weirdtextures.mtl
# vertices
v -176 176 -1232
v -176 176 -992
v -176 192 -992
v -176 192 -1232
v -128 208 -1232
v -128 208 -992
v -128 176 -992
v -128 176 -1232
v 1120 48 -880
v 1120 48 -768
v 1120 64 -768
v 1120 64 -880
v 1232 64 -768
v 1232 48 -768
v 1232 48 -880
v 1232 64 -880
v 1120 48 -1104
v 1120 48 -992
v 1120 64 -992
v 1120 64 -1104
v 1232 64 -992
v 1232 48 -992
v 1232 48 -1104
v 1232 64 -1104
v 496 48 -1152
v 496 48 -1104
v 496 64 -1104
v 496 64 -1152
v 1232 64 -1104
v 1232 48 -1104
v 1232 48 -1152
v 1232 64 -1152
v 128 64 -1008
v 128 64 -1232
v 128 48 -1232
v 128 48 -1008
v 496 48 -1104
v 496 48 -1152
v 496 64 -1152
v 496 64 -1104
v 112 32 -1216
v 112 32 -1184
v 112 176 -1184
v 112 176 -1216
v 128 176 -1184
v 128 32 -1184
v 128 32 -1216
v 128 176 -1216
v 112 32 -1184
v 112 32 -1072
v 112 64 -1072
v 112 64 -1184
v 128 64 -1072
v 128 32 -1072
v 128 32 -1184
v 128 64 -1184
v -128 32 -1024
v -128 32 -992
v -128 176 -992
v -128 176 -1024
v 112 176 -992
v 112 32 -992
v 112 32 -1024
v 112 176 -1024
v -160 32 -1216
v -160 32 -992
v -160 176 -992
v -160 176 -1216
v -128 176 -992
v -128 32 -992
v -128 32 -1216
v -128 176 -1216
v -176 32 -1216
v -176 32 -1168
v -176 176 -1168
v -176 176 -1216
v -160 176 -1168
v -160 32 -1168
v -160 32 -1216
v -160 176 -1216
v -176 32 -1088
v -176 32 -992
v -176 176 -992
v -176 176 -1088
v -160 176 -992
v -160 32 -992
v -160 32 -1088
v -160 176 -1088
v 1120 48 -656
v 1120 48 -544
v 1120 64 -544
v 1120 64 -656
v 1232 64 -544
v 1232 48 -544
v 1232 48 -656
v 1232 64 -656
v 880 -80 -1184
v 880 -80 -1152
v 880 160 -1152
v 880 160 -1184
v 1232 160 -1152
v 1232 -80 -1152
v 1232 -80 -1184
v 1232 160 -1184
v 1232 -80 -1184
v 1232 -80 -1072
v 1232 160 -1072
v 1232 160 -1184
v 1248 160 -1072
v 1248 -80 -1072
v 1248 -80 -1184
v 1248 160 -1184
v 672 -3088 -928
v 672 -3088 -736
v 672 1344 -736
v 672 1344 -928
v 864 1344 -736
v 864 -3088 -736
v 864 -3088 -928
v 864 1344 -928
v 672 -3088 -736
v 672 -3088 -288
v 672 64 -288
v 672 64 -736
v 864 64 -288
v 864 -3088 -288
v 864 -3088 -736
v 864 64 -736
v 864 64 -736
v 864 32 -736
v 864 32 -288
v 864 64 -288
v 896 48 -288
v 896 32 -288
v 896 32 -736
v 896 48 -736
v 672 256 -736
v 672 256 -288
v 672 1344 -288
v 672 1344 -736
v 864 1344 -288
v 864 256 -288
v 864 256 -736
v 864 1344 -736
v 640 -3088 -288
v 640 -3088 -176
v 640 1344 -176
v 640 1344 -288
v 832 1344 -176
v 832 -3088 -176
v 832 -3088 -288
v 832 1344 -288
v 1136 -256 400
v 1136 -256 608
v 1136 -240 608
v 1136 -240 400
v 1232 -240 608
v 1232 -256 608
v 1232 -256 400
v 1232 -240 400
v -112 16 192
v -112 16 208
v -112 32 208
v -112 32 192
v 240 32 208
v 240 16 208
v 240 16 192
v 240 32 192
v 240 16 -0
v 240 -16 -0
v 240 -16 208
v 240 16 208
v 592 -128 208
v 592 -128 -0
v 592 -96 208
v 592 -96 -0
v 592 -96 -0
v 592 -128 -0
v 592 -128 424
v 592 -96 424
v 1136 -256 424
v 1136 -256 -0
v 1136 -240 424
v 1136 -240 -0
v 1136 -256 -192
v 1136 -256 400
v 1136 -240 400
v 1136 -240 -192
v 1632 -240 400
v 1632 -256 400
v 1632 -256 -192
v 1632 -240 -192
v -560 0 -1232
v -560 0 -512
v -560 176 -512
v -560 176 -1232
v -544 176 -512
v -544 0 -512
v -544 0 -1232
v -544 176 -1232
v -544 0 -1232
v -544 0 -1216
v -544 176 -1216
v -544 176 -1232
v 128 176 -1216
v 128 0 -1216
v 128 0 -1232
v 128 176 -1232
v -544 0 -1216
v -544 0 -512
v -544 32 -512
v -544 32 -1216
v 128 32 -512
v 128 0 -512
v 128 0 -1216
v 128 32 -1216
v 1456 -144 496
v 1456 -144 608
v 1456 -128 608
v 1456 -128 496
v 1568 -128 608
v 1568 -144 608
v 1568 -144 496
v 1568 -128 496
v 1232 -256 608
v 1232 -240 608
v 1232 -240 496
v 1232 -256 496
v 1456 -128 496
v 1456 -128 608
v 1456 -144 608
v 1456 -144 496
v 1456 -32 208
v 1456 -144 496
v 1456 -128 496
v 1456 -16 208
v 1568 -128 496
v 1568 -144 496
v 1568 -16 208
v 1568 -32 208
v 1456 -32 112
v 1456 -32 208
v 1456 -16 208
v 1456 -16 112
v 1568 -16 208
v 1568 -32 208
v 1568 -32 112
v 1568 -16 112
v 1120 48 32
v 1120 48 496
v 1120 64 496
v 1120 64 32
v 1232 64 496
v 1232 48 496
v 1232 48 32
v 1232 64 32
v 1232 64 32
v 1232 48 32
v 1232 48 112
v 1232 64 112
v 1456 -32 112
v 1456 -32 32
v 1456 -16 112
v 1456 -16 32
v 1456 -32 32
v 1456 -32 112
v 1456 -16 112
v 1456 -16 32
v 1568 -16 112
v 1568 -32 112
v 1568 -32 32
v 1568 -16 32
v 1232 -256 112
v 1232 -256 496
v 1232 64 496
v 1232 64 112
v 1456 64 496
v 1456 -256 496
v 1456 -256 112
v 1456 64 112
v 1120 48 -176
v 1120 48 -64
v 1120 64 -64
v 1120 64 -176
v 1232 64 -64
v 1232 48 -64
v 1232 48 -176
v 1232 64 -176
v 1120 48 -416
v 1120 48 -304
v 1120 64 -304
v 1120 64 -416
v 1232 64 -304
v 1232 48 -304
v 1232 48 -416
v 1232 64 -416
v 112 -16 -512
v 112 -16 -0
v 112 16 -0
v 112 16 -512
v 128 16 -0
v 128 -16 -0
v 128 -16 -512
v 128 16 -512
v 48 -16 -512
v 48 -16 -400
v 48 16 -400
v 48 16 -512
v 112 16 -400
v 112 -16 -400
v 112 -16 -512
v 112 16 -512
v 0 32 -848
v 0 32 -688
v 0 64 -688
v 0 160 -848
v 80 64 -688
v 80 32 -688
v 80 160 -848
v 80 32 -848
v 0 32 -688
v 0 32 -512
v 0 64 -512
v 0 64 -688
v 80 64 -512
v 80 32 -512
v 80 32 -688
v 80 64 -688
v -64 32 -576
v -64 32 -512
v -64 64 -512
v -64 64 -576
v 0 64 -512
v 0 32 -512
v 0 32 -576
v 0 64 -576
v -64 32 -640
v -64 32 -576
v -64 64 -576
v -64 40 -640
v 0 64 -640
v 0 64 -576
v 0 32 -576
v 0 32 -640
v -160 160 -544
v -160 160 -512
v -160 192 -512
v -160 192 -544
v 96 192 -512
v 96 160 -512
v 96 160 -544
v 96 192 -544
v 64 64 -576
v 64 64 -512
v 64 160 -512
v 64 160 -576
v 96 160 -512
v 96 64 -512
v 96 64 -576
v 96 160 -576
v -160 32 -592
v -160 32 -528
v -160 160 -528
v -160 160 -544
v -128 160 -528
v -128 32 -528
v -128 32 -592
v -128 160 -544
v -320 32 -592
v -320 32 -576
v -320 64 -576
v -320 64 -592
v -160 64 -576
v -160 32 -576
v -160 32 -592
v -160 64 -592
v -304 32 -528
v -304 32 -512
v -304 176 -512
v -304 176 -528
v -128 176 -512
v -128 32 -512
v -128 32 -528
v -128 176 -528
v -544 32 -528
v -544 32 -512
v -544 176 -512
v -544 176 -528
v -400 176 -512
v -400 32 -512
v -400 32 -528
v -400 176 -528
v -400 144 -528
v -400 144 -512
v -400 176 -512
v -400 176 -528
v -304 176 -512
v -304 144 -512
v -304 144 -528
v -304 176 -528
v -544 176 -1216
v -544 176 -512
v -544 208 -512
v -544 208 -1216
v -496 208 -512
v -496 176 -512
v -496 176 -1216
v -496 208 -1216
v -496 176 -1216
v -496 176 -992
v -496 208 -992
v -496 208 -1216
v -432 208 -992
v -432 176 -992
v -432 176 -1216
v -432 208 -1216
v -496 176 -928
v -496 176 -512
v -496 208 -512
v -496 208 -928
v -432 208 -512
v -432 176 -512
v -432 176 -928
v -432 208 -928
v -144 112 -176
v -144 112 -160
v -144 128 -160
v -144 128 -176
v -112 128 -160
v -112 112 -160
v -112 112 -176
v -112 128 -176
v -128 0 -512
v -128 0 -436
v -128 32 -436
v -128 32 -512
v -112 32 -436
v -112 0 -436
v -112 0 -512
v -112 32 -512
v -128 0 -380
v -128 0 208
v -128 32 208
v -128 32 -380
v -112 32 208
v -112 0 208
v -112 0 -380
v -112 32 -380
v -128 0 -436
v -128 0 -380
v -128 16 -380
v -128 16 -436
v -112 16 -380
v -112 0 -380
v -112 0 -436
v -112 16 -436
v -256 32 -512
v -256 32 80
v -256 256 80
v -256 256 -512
v -212 256 80
v -212 32 80
v -212 32 -512
v -212 256 -512
v -212 32 -512
v -212 32 -436
v -212 256 -436
v -212 256 -512
v -128 256 -436
v -128 32 -436
v -128 32 -512
v -128 256 -512
v -212 32 -380
v -212 32 208
v -212 256 208
v -212 256 -380
v -128 256 208
v -128 32 208
v -128 32 -380
v -128 256 -380
v -212 104 -436
v -212 104 -380
v -212 256 -380
v -212 256 -436
v -128 256 -380
v -128 104 -380
v -128 104 -436
v -128 256 -436
v -140 104 -452
v -140 104 -352
v -140 124 -352
v -140 124 -452
v -124 124 -352
v -124 104 -352
v -124 104 -452
v -124 124 -452
v 584 -988 404
v 584 -988 896
v 584 1208 896
v 584 1208 404
v 848 1208 896
v 848 -988 896
v 848 -988 404
v 848 1208 404
v 436 -988 404
v 436 -988 552
v 436 1208 552
v 436 1208 404
v 584 1208 552
v 584 -988 552
v 584 -988 404
v 584 1208 404
v 436 -988 620
v 436 -988 896
v 436 1208 896
v 436 1208 620
v 584 1208 896
v 584 -988 896
v 584 -988 620
v 584 1208 620
v 436 280 552
v 436 280 620
v 436 1208 620
v 436 1208 552
v 584 1208 620
v 584 280 620
v 584 280 552
v 584 1208 552
v 436 -988 552
v 436 -988 620
v 436 184 620
v 436 184 552
v 584 184 620
v 584 -988 620
v 584 -988 552
v 584 184 552
v 436 280 552
v 436 280 620
v 436 1208 620
v 436 1208 552
v 584 1208 620
v 584 280 620
v 584 280 552
v 584 1208 552
v 436 -988 552
v 436 -988 620
v 436 184 620
v 436 184 552
v 584 184 620
v 584 -988 620
v 584 -988 552
v 584 184 552
v 32 168 544
v 32 168 640
v 32 184 640
v 32 184 544
v 448 184 640
v 448 168 640
v 448 168 544
v 448 184 544
v 32 144 576
v 32 144 640
v 32 160 640
v 32 160 576
v 448 160 640
v 448 144 640
v 448 144 576
v 448 160 576
v -44 -992 296
v -44 -992 552
v -44 400 552
v -44 400 296
v 76 400 552
v 76 -992 552
v 76 -992 296
v 76 400 296
v -44 -992 620
v -44 -992 800
v -44 420 800
v -44 420 620
v 76 420 800
v 76 -992 800
v 76 -992 620
v 76 420 620
v -44 280 552
v -44 280 620
v -44 420 620
v -44 420 552
v 76 420 620
v 76 280 620
v 76 280 552
v 76 420 552
v -44 -992 552
v -44 -992 620
v -44 184 620
v -44 184 552
v 76 184 620
v 76 -992 620
v 76 -992 552
v 76 184 552
v -48 -992 308
v -48 -992 800
v -48 420 800
v -48 164 308
v -44 420 800
v -44 -992 800
v -44 -992 308
v -44 164 308
v -336 -992 308
v -336 -992 800
v -336 420 800
v -336 164 308
v -264 420 800
v -264 -992 800
v -264 -992 308
v -264 164 308
v -264 -992 308
v -264 -992 368
v -264 195.21951219512198 368
v -264 164 308
v -48 195.21951219512198 368
v -48 -992 368
v -48 -992 308
v -48 164 308
v -264 -992 672
v -264 -992 800
v -264 420 800
v -264 353.39837398373976 672
v -48 420 800
v -48 -992 800
v -48 -992 672
v -48 353.39837398373976 672
v -264 320 607.8125
v -264 320 672
v -264 353.3983739837398 672
v -48 353.3983739837398 672
v -48 320 672
v -48 320 607.8125
v -264 -992 368
v -264 -992 672
v -264 176 672
v -264 176 368
v -48 176 672
v -48 -992 672
v -48 -992 368
v -48 176 368
v -296 -104 -496
v -296 -4 224
v -296 116 224
v -296 16 -496
v 400 116 224
v 400 -4 224
v 400 -104 -496
v 400 16 -496
v 376 -400 192
v 376 -400 304
v 376 400 304
v 376 400 192
v 904 400 304
v 904 -400 304
v 904 -400 192
v 904 400 192
v 264 88 -760
v 264 88 -648
v 264 256 -648
v 264 256 -760
v 280 256 -648
v 280 88 -648
v 280 88 -760
v 280 256 -760
v -16 48 -336
v -16 48 -328
v -16 56 -328
v -16 56 -336
v -8 56 -328
v -8 48 -328
v -8 48 -336
v -8 56 -336
v 264 -16 -1024
v 264 -16 -360
v 264 64 -360
v 264 64 -1024
v 328 64 -360
v 328 -16 -360
v 328 -16 -1024
v 328 64 -1024
v 376 48 -440
v 376 48 32
v 376 136 32
v 376 136 -440
v 424 136 32
v 424 48 32
v 424 48 -440
v 424 136 -440
v 368 48 -248
v 368 48 192
v 368 56 192
v 368 56 -248
v 424 56 192
v 424 48 192
v 424 48 -248
v 424 56 -248
v 360 136 -400
v 360 136 40
v 360 144 40
v 360 144 -400
v 416 144 40
v 416 136 40
v 416 136 -400
v 416 144 -400
v 376 144 -440
v 376 144 32
v 376 232 32
v 376 232 -440
v 424 232 32
v 424 144 32
v 424 144 -440
v 424 232 -440
v 368 232 -248
v 368 232 192
v 368 240 192
v 368 240 -248
v 424 240 192
v 424 232 192
v 424 232 -248
v 424 240 -248
v -176 -80 -376
v -176 -80 176
v -176 104 176
v -176 104 -376
v -88 104 176
v -88 -80 176
v -88 -80 -376
v -88 104 -376
v 320 96 -80
v 320 96 -64
v 320 104 -64
v 320 104 -80
v 328 104 -64
v 328 96 -64
v 328 96 -80
v 328 104 -80
v 664 -136 144
v 664 -136 224
v 664 160 224
v 664 160 144
v 744 160 224
v 744 -136 224
v 744 -136 144
v 744 160 144
v 656 304 80
v 664 160 224
v 664 304 224
v 664 160 144
v 744 304 224
v 744 160 224
v 744 160 144
v 736 304 80
v 800 463.8334777586279 136
v 800 520.1665222413721 136
v 800 560 96.1665222413738
v 800 560 39.83347775862788
v 800 520.16652224137 -0
v 800 463.8334777586297 -0
v 800 424 39.83347775862785
v 800 424 96.16652224137214
v 1016 520.1665222413721 136
v 1016 463.8334777586279 136
v 1016 560 96.16652224137381
v 1016 424 96.16652224137212
v 1016 424 39.83347775862785
v 1016 560 39.83347775862788
v 1016 463.8334777586297 -0
v 1016 520.16652224137 -0
v 600 463.83347775862916 -0
v 600 447.83347775862785 16
v 600 536.1665222413709 16
v 600 520.1665222413727 -0
v 800 536.1665222413709 16
v 800 447.83347775862785 16
v 800 463.83347775862916 -0
v 800 520.1665222413727 -0
v 600 439.83347775862785 112
v 600 463.83347775862785 136
v 600 520.1665222413721 136
v 600 544.1665222413731 112
v 800 520.1665222413721 136
v 800 463.83347775862785 136
v 800 544.1665222413731 112
v 800 439.83347775862785 112
v 600 447.833477758629 16
v 600 424 39.83347775862785
v 600 424 61.57229446063866
v 600 465.77460325558735 16
v 800 465.77460325558735 16
v 800 424 61.57229446063866
v 800 424 39.83347775862787
v 800 447.833477758629 16
v 600 502.2253967444194 112
v 600 544.1665222413721 112
v 600 560 96.16652224137273
v 600 560 48.97316008482031
v 800 560 96.16652224137275
v 800 544.1665222413721 112
v 800 502.2253967444194 112
v 800 560 48.973160084820286
v 600 439.83347775862785 112
v 600 465.7746032555842 112
v 600 424 66.42770553936467
v 600 424 96.16652224137215
v 800 424 66.4277055393647
v 800 465.7746032555842 112
v 800 439.83347775862785 112
v 800 424 96.16652224137214
v 600 502.22539674441373 16
v 600 546.2253967444158 64
v 600 560 48.97316008481779
v 600 560 39.833477758627815
v 600 536.1665222413708 16
v 800 546.2253967444158 64
v 800 502.22539674441373 16
v 800 560 48.973160084817785
v 800 560 39.833477758627815
v 800 536.1665222413708 16
v 600 528 44.11774900608725
v 600 528 83.88225099390911
v 600 546.2253967444177 64
v 800 546.2253967444177 64
v 800 528 83.88225099390908
v 800 528 44.11774900608727
v 600 440 83.88225099390547
v 600 440 44.11774900608725
v 600 424 61.57229446063138
v 600 424 66.427705539365
v 800 424 66.42770553936496
v 800 424 61.572294460631404
v 800 440 44.11774900608725
v 800 440 83.88225099390549
v 656 346.057142857142 16
v 656 736.9698841698773 16
v 656 813.9428571428496 -696
v 736 736.9698841698773 16
v 736 346.057142857142 16
v 736 813.9428571428496 -696
v 656 304 112
v 656 304 192
v 656 717.9428571428507 192
v 656 726.5915057914992 112
v 736 717.9428571428507 192
v 736 304 192
v 736 726.5915057914992 112
v 736 304 112
v 656 346.057142857142 16
v 656 304 80
v 656 304 112
v 656 377.7746032555842 112
v 656 465.7746032555884 16
v 736 465.77460325558843 16
v 736 377.7746032555843 112
v 736 304 112
v 736 304 80
v 736 346.057142857142 16
v 656 590.2253967444192 16
v 656 502.2253967444158 112
v 656 726.5915057914992 112
v 656 736.9698841698782 16
v 736 502.2253967444157 112
v 736 590.2253967444191 16
v 736 726.5915057914992 112
v 736 736.9698841698782 16
v 656 377.7746032555806 112
v 656 465.77460325558786 112
v 656 421.7746032555839 64
v 736 465.77460325558786 112
v 736 377.7746032555806 112
v 736 421.7746032555839 64
v 656 502.2253967444194 16
v 656 546.225396744423 64
v 656 590.2253967444249 16
v 736 590.225396744425 16
v 736 546.225396744423 64
v 736 502.2253967444194 16
v 656 528 44.11774900608725
v 656 528 83.88225099390911
v 656 546.2253967444177 64
v 736 546.2253967444177 64
v 736 528 83.88225099390912
v 736 528 44.11774900608725
v 656 421.7746032555806 64
v 656 440 83.88225099391275
v 656 440 44.117749006086285
v 736 440 83.88225099391275
v 736 421.7746032555806 64
v 736 440 44.11774900608631
v -52 -1 191
v -52 -1 304
v -52 127 304
v -52 127 191
v 52 127 304
v 52 -1 304
v 52 -1 191
v 52 127 191
v -128 328 -136
v -128 104 -136
v -128 104 92
v -128 328 92
v -96 280 92
v -96 104 92
v -96 104 -136
v -96 280 -136
v -116 384 -312
v -116 384 224
v -116 392 224
v -116 392 -312
v -84 392 224
v -84 384 224
v -84 384 -312
v -84 392 -312
v -148 376 -316
v -148 376 220
v -148 384 220
v -148 384 -316
v 12 384 220
v 12 376 220
v 12 376 -316
v 12 384 -316
v -36 392 -336
v -36 392 200
v -36 396 200
v -36 396 -336
v -4 396 200
v -4 392 200
v -4 392 -336
v -4 396 -336
v -184 384 -352
v -184 384 -328
v -184 392 -328
v -184 392 -352
v 272 392 -328
v 272 384 -328
v 272 384 -352
v 272 392 -352
v 64 96 448
v 64 96 512
v 64 224 512
v 64 224 448
v 384 224 512
v 384 96 512
v 384 96 448
v 384 224 448
v 320 16 192
v 320 16 304
v 320 400 304
v 320 400 192
v 376 400 304
v 376 16 304
v 376 16 192
v 376 400 192
v -152 16 192
v -152 16 304
v -152 400 304
v -152 400 192
v 96 400 304
v 96 16 304
v 96 16 192
v 96 400 192
v 96 224 192
v 96 224 304
v 96 400 304
v 96 400 192
v 320 400 304
v 320 224 304
v 320 224 192
v 320 400 192
v 96 16 192
v 96 16 304
v 96 128 304
v 96 128 192
v 320 128 304
v 320 16 304
v 320 16 192
v 320 128 192
v 96 16 192
v 96 16 304
v 96 128 304
v 96 128 192
v 320 128 304
v 320 16 304
v 320 16 192
v 320 128 192
v 96 16 192
v 96 16 304
v 96 128 304
v 96 128 192
v 320 128 304
v 320 16 304
v 320 16 192
v 320 128 192
v 96 16 192
v 96 16 304
v 96 128 304
v 96 128 192
v 320 128 304
v 320 16 304
v 320 16 192
v 320 128 192
v 96 16 192
v 96 16 304
v 96 128 304
v 96 128 192
v 320 128 304
v 320 16 304
v 320 16 192
v 320 128 192
v -384 32 -160
v -384 32 96
v -384 192 96
v -384 192 -160
v -64 192 96
v -64 32 96
v -64 32 -160
v -64 192 -160
v -512 192 -1184
v -512 192 -576
v -512 544 -576
v -512 544 -1184
v -416 544 -576
v -416 192 -576
v -416 192 -1184
v -416 544 -1184
v 0 192 -1120
v 0 192 -960
v 0 512 -960
v 0 512 -1120
v 64 512 -960
v 64 192 -960
v 64 192 -1120
v 64 512 -1120
v -416 544 -1120
v -416 544 -480
v -416 576 -480
v -416 576 -1120
v 0 576 -480
v 0 544 -480
v 0 544 -1120
v 0 576 -1120
v -448 208 -1128
v -448 208 -936
v -448 336 -1128
v -320 336 -1128
v -320 208 -936
v -320 208 -1128
v -128 208 -1136
v -128 208 -944
v -128 336 -1136
v 0 336 -1136
v 0 208 -944
v 0 208 -1136
v -320 208 -1120
v -320 208 -1072
v -320 256 -1072
v -320 256 -1120
v -128 256 -1072
v -128 208 -1072
v -128 208 -1120
v -128 256 -1120
v -320 208 -1072
v -320 208 -880
v -320 256 -1024
v -320 256 -1072
v -128 256 -1024
v -128 208 -880
v -128 208 -1072
v -128 256 -1072
v -144 192 -1184
v -144 192 -1120
v -144 544 -1120
v -144 544 -1184
v 0 544 -1120
v 0 192 -1120
v 0 192 -1184
v 0 544 -1184
v -416 192 -1184
v -416 192 -1120
v -416 544 -1120
v -416 544 -1184
v -304 544 -1120
v -304 192 -1120
v -304 192 -1184
v -304 544 -1184
v -304 384 -1184
v -304 384 -1120
v -304 544 -1120
v -304 544 -1184
v -144 544 -1120
v -144 384 -1120
v -144 384 -1184
v -144 544 -1184
v -304 192 -1184
v -304 192 -1120
v -304 256 -1120
v -304 256 -1184
v -144 256 -1120
v -144 192 -1120
v -144 192 -1184
v -144 256 -1184
v -416 416 -1120
v -416 416 -576
v -416 432 -576
v -416 432 -1120
v -384 432 -576
v -384 416 -576
v -384 416 -1120
v -384 432 -1120
v -288 208 -1024
v -288 208 -896
v -288 528 -896
v -288 528 -1024
v -256 528 -896
v -256 208 -896
v -256 208 -1024
v -256 528 -1024
v -288 208 -736
v -288 208 -656
v -288 528 -656
v -288 528 -736
v -256 528 -656
v -256 208 -656
v -256 208 -736
v -256 528 -736
v -288 384 -896
v -288 384 -736
v -288 528 -736
v -288 528 -896
v -256 528 -736
v -256 384 -736
v -256 384 -896
v -256 528 -896
v -288 208 -896
v -288 208 -736
v -288 224 -736
v -288 224 -896
v -256 224 -736
v -256 208 -736
v -256 208 -896
v -256 224 -896
v -432 176 -1216
v -432 176 -512
v -432 208 -512
v -432 208 -1216
v -160 208 -512
v -160 176 -512
v -160 176 -1216
v -160 208 -1216
v -160 176 -1216
v -160 176 -864
v -160 208 -864
v -160 208 -1216
v -48 208 -864
v -48 176 -864
v -48 176 -1216
v -48 208 -1216
v -160 176 -736
v -160 176 -512
v -160 208 -512
v -160 208 -736
v -48 208 -512
v -48 176 -512
v -48 176 -736
v -48 208 -736
v -48 208 -928
v -48 208 -656
v -48 224 -656
v -48 224 -928
v 0 224 -656
v 0 208 -656
v 0 208 -928
v 0 224 -928
v -256 208 -928
v -256 208 -656
v -256 224 -656
v -256 224 -928
v -160 224 -656
v -160 208 -656
v -160 208 -928
v -160 224 -928
v -160 208 -928
v -160 208 -864
v -160 224 -864
v -160 224 -928
v -48 224 -864
v -48 208 -864
v -48 208 -928
v -48 224 -928
v -160 208 -736
v -160 208 -656
v -160 224 -656
v -160 224 -736
v -48 224 -656
v -48 208 -656
v -48 208 -736
v -48 224 -736
v -160 208 -864
v -160 208 -736
v -160 224 -736
v -160 224 -864
v -48 224 -736
v -48 208 -736
v -48 208 -864
v -48 224 -864
v -256 224 -707.2
v -256 224 -656
v -256 528 -656
v -256 489.59999999999985 -707.2
v -202.66666666666663 496 -656
v -202.66666666666666 224 -656
v -202.66666666666666 224 -707.2
v -202.66666666666666 489.59999999999985 -707.2
v -202.66666666666666 496 -698.6666666666667
v -1072 224 -307.20000000000005
v -1072 224 -256
v -1072 528 -256
v -1072 489.6000000000002 -307.20000000000005
v -1018.6666666666666 496 -256
v -1018.6666666666666 224 -256
v -1018.6666666666666 224 -307.20000000000005
v -1018.6666666666666 489.6000000000002 -307.20000000000005
v -1018.6666666666666 496 -298.6666666666716
v -48 224 -707.2
v -48 224 -656
v -48 528 -656
v -48 489.59999999999985 -707.2
v 5.333333333333371 496 -656
v 5.333333333333343 224 -656
v 5.333333333333343 224 -707.2
v 5.333333333333343 489.59999999999985 -707.2
v 5.333333333333343 496 -698.6666666666691
v -248 256 -520
v -248 256 184
v -248 480 184
v -248 480 -520
v -176 480 184
v -176 256 184
v -176 256 -520
v -176 480 -520
v -176 256 -512
v -176 256 184
v -176 480 184
v -176 480 -512
v -120 480 184
v -120 256 184
v -120 256 -512
v -120 480 -512
v -176 432 -520
v -176 432 -512
v -176 480 -512
v -176 480 -520
v -120 480 -512
v -120 432 -512
v -120 432 -520
v -120 480 -520
v -80 192 -576
v -80 192 -480
v -80 544 -480
v -80 544 -576
v 0 544 -480
v 0 192 -480
v 0 192 -576
v 0 544 -576
v -416 192 -576
v -416 192 -480
v -416 544 -480
v -416 544 -576
v -176 544 -480
v -176 192 -480
v -176 192 -576
v -176 544 -576
v -176 192 -512
v -176 192 -480
v -176 544 -480
v -176 544 -512
v -80 544 -480
v -80 192 -480
v -80 192 -512
v -80 544 -512
v -176 432 -576
v -176 432 -512
v -176 544 -512
v -176 544 -576
v -80 544 -512
v -80 432 -512
v -80 432 -576
v -80 544 -576
v -176 192 -576
v -176 192 -512
v -176 224 -512
v -176 224 -576
v -80 224 -512
v -80 192 -512
v -80 192 -576
v -80 224 -576
v -80 208 -656
v -80 208 -560
v -80 560 -560
v -80 560 -656
v 0 560 -560
v 0 208 -560
v 0 208 -656
v 0 560 -656
v -288 208 -656
v -288 208 -560
v -288 560 -560
v -288 560 -656
v -176 560 -560
v -176 208 -560
v -176 208 -656
v -176 560 -656
v -176 432 -656
v -176 432 -560
v -176 560 -560
v -176 560 -656
v -80 560 -560
v -80 432 -560
v -80 432 -656
v -80 560 -656
v -176 208 -656
v -176 208 -560
v -176 224 -560
v -176 224 -656
v -80 224 -560
v -80 208 -560
v -80 208 -656
v -80 224 -656
v -64 160 -944
v -64 160 -880
v -64 272 -880
v -64 272 -944
v 16 272 -880
v 16 160 -880
v 16 160 -944
v 16 272 -944
v 240 96 -1440
v 240 96 -1056
v 240 160 -1056
v 240 160 -1440
v 432 160 -1056
v 432 96 -1056
v 432 96 -1440
v 432 160 -1440
v 80 64 -1600
v 80 64 -944
v 80 352 -944
v 80 352 -1600
v 224 352 -944
v 224 64 -944
v 224 64 -1600
v 224 352 -1600
v 224 64 -1600
v 224 64 -1360
v 224 352 -1360
v 224 352 -1600
v 256 352 -1360
v 256 64 -1360
v 256 64 -1600
v 256 352 -1600
v 224 64 -1216
v 224 64 -944
v 224 352 -944
v 224 352 -1216
v 256 352 -944
v 256 64 -944
v 256 64 -1216
v 256 352 -1216
v 224 304 -1360
v 224 304 -1216
v 224 352 -1216
v 224 352 -1360
v 256 352 -1216
v 256 304 -1216
v 256 304 -1360
v 256 352 -1360
v 224 64 -1360
v 224 64 -1216
v 224 176 -1216
v 224 176 -1360
v 256 176 -1216
v 256 64 -1216
v 256 64 -1360
v 256 176 -1360
v 1216 128 -2272
v 1216 128 -2208
v 1216 1120 -2208
v 1216 1120 -2272
v 2304 1120 -2208
v 2304 128 -2208
v 2304 128 -2272
v 2304 1120 -2272
v 1024 128 -2208
v 1024 128 -960
v 1024 896 -960
v 1024 896 -2208
v 1216 896 -960
v 1216 128 -960
v 1216 128 -2208
v 1216 896 -2208
v 1216 64 -2240
v 1216 64 -960
v 1216 128 -960
v 1216 128 -2240
v 2304 128 -960
v 2304 64 -960
v 2304 64 -2240
v 2304 128 -2240
v 1408 64 -2624
v 1408 64 -2112
v 1408 896 -2112
v 1408 704 -2624
v 2112 896 -2112
v 2112 64 -2112
v 2112 64 -2624
v 2112 704 -2624
v 2304 128 -2208
v 2304 128 -960
v 2304 896 -960
v 2304 896 -2208
v 2496 896 -960
v 2496 128 -960
v 2496 128 -2208
v 2496 896 -2208
v 2272 88 -1736
v 2272 88 -1368
v 2272 224 -1368
v 2272 224 -1736
v 2360 224 -1368
v 2360 88 -1368
v 2360 88 -1736
v 2360 224 -1736
v 2056 88 -1736
v 2056 88 -1368
v 2056 224 -1368
v 2056 224 -1736
v 2080 224 -1368
v 2080 88 -1368
v 2080 88 -1736
v 2080 224 -1736
v 2080 88 -1736
v 2080 88 -1712
v 2080 224 -1712
v 2080 224 -1736
v 2272 224 -1712
v 2272 88 -1712
v 2272 88 -1736
v 2272 224 -1736
v 2080 88 -1392
v 2080 88 -1368
v 2080 224 -1368
v 2080 224 -1392
v 2272 224 -1368
v 2272 88 -1368
v 2272 88 -1392
v 2272 224 -1392
v 2080 88 -1712
v 2080 88 -1392
v 2080 184 -1392
v 2080 184 -1712
v 2272 184 -1392
v 2272 88 -1392
v 2272 88 -1712
v 2272 184 -1712
v 2080 88 -1736
v 2080 88 -1712
v 2080 224 -1712
v 2080 224 -1736
v 2272 224 -1712
v 2272 88 -1712
v 2272 88 -1736
v 2272 224 -1736
v 2272 88 -1736
v 2272 88 -1368
v 2272 224 -1368
v 2272 224 -1736
v 2360 224 -1368
v 2360 88 -1368
v 2360 88 -1736
v 2360 224 -1736
v 2080 88 -1712
v 2080 88 -1392
v 2080 184 -1392
v 2080 184 -1712
v 2272 184 -1392
v 2272 88 -1392
v 2272 88 -1712
v 2272 184 -1712
v 2056 88 -1736
v 2056 88 -1368
v 2056 224 -1368
v 2056 224 -1736
v 2080 224 -1368
v 2080 88 -1368
v 2080 88 -1736
v 2080 224 -1736
v 1264 88 -1896
v 1264 88 -1872
v 1264 224 -1872
v 1264 224 -1896
v 1456 224 -1872
v 1456 88 -1872
v 1456 88 -1896
v 1456 224 -1896
v 1456 88 -1896
v 1456 88 -1528
v 1456 224 -1528
v 1456 224 -1896
v 1544 224 -1528
v 1544 88 -1528
v 1544 88 -1896
v 1544 224 -1896
v 1264 88 -1872
v 1264 88 -1552
v 1264 184 -1552
v 1264 184 -1872
v 1456 184 -1552
v 1456 88 -1552
v 1456 88 -1872
v 1456 184 -1872
v 1240 88 -1896
v 1240 88 -1528
v 1240 224 -1528
v 1240 224 -1896
v 1264 224 -1528
v 1264 88 -1528
v 1264 88 -1896
v 1264 224 -1896
v 1264 88 -1552
v 1264 88 -1528
v 1264 224 -1528
v 1264 224 -1552
v 1456 224 -1528
v 1456 88 -1528
v 1456 88 -1552
v 1456 224 -1552
v 1424 608 -528
v 1424 608 64
v 1424 656 64
v 1424 656 -528
v 1984 656 64
v 1984 608 64
v 1984 608 -528
v 1984 656 -528
v 1472 656 -496
v 1472 656 -384
v 1472 944 -384
v 1472 944 -496
v 1968 944 -384
v 1968 656 -384
v 1968 656 -496
v 1968 944 -496
v 1840 656 -384
v 1840 656 64
v 1840 976 64
v 1840 976 -384
v 1952 976 64
v 1952 656 64
v 1952 656 -384
v 1952 976 -384
v 1024 256 64
v 1024 256 544
v 1024 288 544
v 1024 288 64
v 1472 288 544
v 1472 256 544
v 1472 256 64
v 1472 288 64
v 1024 320 96
v 1024 320 160
v 1024 672 160
v 1024 672 96
v 1376 672 160
v 1376 320 160
v 1376 320 96
v 1376 672 96
v 1184 288 544
v 1184 288 1120
v 1184 320 1120
v 1184 320 544
v 1376 320 1120
v 1376 288 1120
v 1376 288 544
v 1376 320 544
v 320 352 1504
v 320 352 1632
v 320 704 1632
v 320 704 1504
v 992 704 1632
v 992 352 1632
v 992 352 1504
v 992 704 1504
v 480 352 896
v 480 352 928
v 480 704 928
v 480 704 896
v 832 704 928
v 832 352 928
v 832 352 896
v 832 704 896
v 448 704 832
v 448 704 928
v 448 736 928
v 448 736 832
v 832 736 928
v 832 704 928
v 832 704 832
v 832 736 832
v 992 320 896
v 992 320 1376
v 992 384 1376
v 992 384 896
v 1024 384 1376
v 1024 320 1376
v 1024 320 896
v 1024 384 896
v 800 320 864
v 800 320 896
v 800 384 896
v 800 384 864
v 1024 384 896
v 1024 320 896
v 1024 320 864
v 1024 384 864
v 1000 -988 1372
v 1000 -988 1408
v 1000 1208 1408
v 1000 1208 1372
v 1024 1208 1408
v 1024 -988 1408
v 1024 -988 1372
v 1024 1208 1372
v 1000 -988 1568
v 1000 -988 1864
v 1000 1208 1864
v 1000 1208 1568
v 1024 1208 1864
v 1024 -988 1864
v 1024 -988 1568
v 1024 1208 1568
v 1000 64 1408
v 1000 64 1568
v 1000 1208 1568
v 1000 1208 1408
v 1024 1208 1568
v 1024 64 1568
v 1024 64 1408
v 1024 1208 1408
v 832 -320 960
v 832 -320 1408
v 832 320 1408
v 832 320 960
v 992 320 1408
v 992 -320 1408
v 992 -320 960
v 992 320 960
v 832 64 1408
v 832 64 1568
v 832 320 1568
v 832 320 1408
v 992 320 1568
v 992 64 1568
v 992 64 1408
v 992 320 1408
v 832 -352 1408
v 832 -352 1568
v 832 -224 1568
v 832 -224 1408
v 992 -224 1568
v 992 -352 1568
v 992 -352 1408
v 992 -224 1408
v 160 -160 1040
v 160 -160 1216
v 160 -128 1216
v 160 -128 1040
v 352 -128 1216
v 352 -160 1216
v 352 -160 1040
v 352 -128 1040
v -256 -288 1056
v -256 -288 1728
v -256 288 1728
v -256 288 1056
v 0 288 1728
v 0 -288 1728
v 0 -288 1056
v 0 288 1056
v 672 -192 1056
v 672 -192 1120
v 672 0 1120
v 672 0 1056
v 768 0 1120
v 768 -192 1120
v 768 -192 1056
v 768 0 1056
v 464 -192 1040
v 464 -192 1104
v 464 0 1104
v 464 0 1040
v 560 0 1104
v 560 -192 1104
v 560 -192 1040
v 560 0 1040
v 864 -320 1568
v 864 -320 1760
v 864 320 1760
v 864 320 1568
v 992 320 1760
v 992 -320 1760
v 992 -320 1568
v 992 320 1568
v 832 -320 1568
v 832 -320 1632
v 832 320 1632
v 832 320 1568
v 864 320 1632
v 864 -320 1632
v 864 -320 1568
v 864 320 1568
v 832 64 1632
v 832 64 1760
v 832 320 1760
v 832 320 1632
v 864 320 1760
v 864 64 1760
v 864 64 1632
v 864 320 1632
v 832 -320 1632
v 832 -320 1760
v 832 -160 1760
v 832 -160 1632
v 864 -160 1760
v 864 -320 1760
v 864 -320 1632
v 864 -160 1632
v 0 -192 1728
v 0 -192 1824
v 0 320 1824
v 0 320 1728
v 320 320 1824
v 320 -192 1824
v 320 -192 1728
v 320 320 1728
v 320 64 1728
v 320 64 1824
v 320 320 1824
v 320 320 1728
v 800 320 1824
v 800 64 1824
v 800 64 1728
v 800 320 1728
v 320 -192 1728
v 320 -192 1824
v 320 -160 1824
v 320 -160 1728
v 800 -160 1824
v 800 -192 1824
v 800 -192 1728
v 800 -160 1728
v 288 -224 1600
v 288 -224 1728
v 288 -128 1728
v 288 -128 1600
v 320 -128 1728
v 320 -224 1728
v 320 -224 1600
v 320 -128 1600
v 320 -224 1600
v 320 -224 1632
v 320 32 1632
v 320 32 1600
v 832 32 1632
v 832 -224 1632
v 832 -224 1600
v 832 32 1600
v 320 -224 1632
v 320 -224 1728
v 320 -160 1728
v 320 -160 1632
v 832 -160 1728
v 832 -224 1728
v 832 -224 1632
v 832 -160 1632
v 320 -160 1728
v 320 -160 1792
v 320 64 1792
v 320 64 1728
v 864 64 1792
v 864 -160 1792
v 864 -160 1728
v 864 64 1728
v 1408 16 1456
v 1408 16 2064
v 1408 32 2064
v 1408 32 1456
v 1696 32 2064
v 1696 16 2064
v 1696 16 1456
v 1696 32 1456
v 1248 -988 1372
v 1248 -988 1584
v 1248 1208 1584
v 1248 1208 1372
v 1412 1208 1584
v 1412 -988 1584
v 1412 -988 1372
v 1412 1208 1372
v 1248 256 1584
v 1248 256 1728
v 1248 1208 1728
v 1248 1208 1584
v 1412 1208 1728
v 1412 256 1728
v 1412 256 1584
v 1412 1208 1584
v 1248 -988 1584
v 1248 -988 1728
v 1248 32 1728
v 1248 32 1584
v 1412 32 1728
v 1412 -988 1728
v 1412 -988 1584
v 1412 32 1584
v 1312 64 1856
v 1312 48 1856
v 1312 48 2064
v 1312 64 2064
v 1408 16 2064
v 1408 16 1856
v 1408 32 2064
v 1408 32 1856
v 1120 48 1856
v 1120 48 2064
v 1120 64 2064
v 1120 64 1856
v 1312 64 2064
v 1312 48 2064
v 1312 48 1856
v 1312 64 1856
v 1120 64 2064
v 1040 64 1856
v 1040 48 1856
v 1120 48 2064
v 1120 48 1856
v 1120 64 1856
v 1120 -988 1372
v 1120 -988 1680
v 1120 1208 1680
v 1120 1208 1372
v 1248 1208 1680
v 1248 -988 1680
v 1248 -988 1372
v 1248 1208 1372
v 1120 224 1680
v 1120 224 1864
v 1120 1208 1864
v 1120 1208 1680
v 1248 1208 1864
v 1248 224 1864
v 1248 224 1680
v 1248 1208 1680
v 1120 -988 1680
v 1120 -988 1864
v 1120 64 1864
v 1120 64 1680
v 1248 64 1864
v 1248 -988 1864
v 1248 -988 1680
v 1248 64 1680
v 1264 -988 1728
v 1264 -988 1864
v 1264 1208 1864
v 1264 1208 1728
v 1412 1208 1864
v 1412 -988 1864
v 1412 -988 1728
v 1412 1208 1728
v 1248 224 1728
v 1248 224 1864
v 1248 1208 1864
v 1248 1208 1728
v 1264 1208 1864
v 1264 224 1864
v 1264 224 1728
v 1264 1208 1728
v 1248 -988 1728
v 1248 -988 1864
v 1248 64 1864
v 1248 64 1728
v 1264 64 1864
v 1264 -988 1864
v 1264 -988 1728
v 1264 64 1728
v 1120 64 2048
v 1120 64 2064
v 1120 96 2064
v 1120 96 2048
v 1312 96 2064
v 1312 64 2064
v 1312 64 2048
v 1312 96 2048
v 1408 32 2048
v 1408 32 2064
v 1408 64 2064
v 1408 64 2048
v 1680 64 2064
v 1680 32 2064
v 1680 32 2048
v 1680 64 2048
v 1680 32 1456
v 1680 32 2064
v 1680 64 2064
v 1680 64 1456
v 1696 64 2064
v 1696 32 2064
v 1696 32 1456
v 1696 64 1456
v 1312 96 2048
v 1312 80 2048
v 1312 80 2064
v 1312 96 2064
v 1408 48 2064
v 1408 48 2048
v 1408 64 2064
v 1408 64 2048
v 1408 32 1456
v 1408 32 1472
v 1408 64 1472
v 1408 64 1456
v 1632 64 1472
v 1632 32 1472
v 1632 32 1456
v 1632 64 1456
v 1408 352 1456
v 1408 64 1456
v 1408 64 1472
v 1408 352 1472
v 1504 224 1472
v 1504 64 1472
v 1504 64 1456
v 1504 224 1456
v 1408 320 1728
v 1408 32 1728
v 1408 32 1808
v 1408 320 1808
v 1558 120 1808
v 1558 32 1808
v 1558 32 1728
v 1558 120 1728
v 1408 320 1504
v 1408 32 1504
v 1408 32 1584
v 1408 320 1584
v 1504 192 1584
v 1504 32 1584
v 1504 32 1504
v 1504 192 1504
v 1408 312 1584
v 1424 256 1584
v 1424 256 1728
v 1408 312 1728
v 1440 272 1728
v 1440 256 1728
v 1440 256 1584
v 1440 272 1584
v 1464 232 1576
v 1480 176 1576
v 1480 176 1728
v 1464 232 1728
v 1496 192 1728
v 1496 176 1728
v 1496 176 1576
v 1496 192 1576
v -72 44 -372
v -72 44 -40
v -72 108 -40
v -72 108 -372
v -48 108 -40
v -48 44 -40
v -48 44 -372
v -48 108 -372
v 120 -16 -640
v 120 -16 -476
v 120 20 -476
v 120 20 -640
v 264 20 -476
v 264 -16 -476
v 264 -16 -640
v 264 20 -640
v 132 -16 -1124
v 132 -16 -892
v 132 20 -892
v 132 20 -1124
v 276 20 -892
v 276 -16 -892
v 276 -16 -1124
v 276 20 -1124
v 20 180 -948
v 20 180 -476
v 20 196 -476
v 20 196 -948
v 264 196 -476
v 264 180 -476
v 264 180 -948
v 264 196 -948
v 228.40000000000146 565.977520511362 -480
v 155.48849303947645 656 -480
v 155.48849303947645 656 -1000
v 228.4 565.977520511363 -1000
v 228.40000000000146 622.4741158999168 -480
v 196.33304448273702 656 -480
v 196.33304448273702 656 -1000
v 228.4 622.4741158999202 -1000
v 24.400000000001455 565.977520511362 -480
v 24.400000000001455 594.0366158999306 -480
v 24.400000000001455 594.0366158999298 -1000
v 24.400000000001455 565.977520511363 -1000
v 83.66695551725479 656 -480
v 83.66695551725556 656 -1000
v 97.31150696052646 656 -480
v 97.31150696052282 656 -1000
v 84.15021663794323 639.75 -1000
v 84.15021663794323 639.75 -480
v 97.3115069605239 656 -480
v 97.3115069605239 656 -1000
v 155.48849303947281 656 -480
v 168.6497833620561 639.75 -480
v 168.6497833620555 639.75 -1000
v 155.48849303947281 656 -1000
v -64.14802403323847 663.0050506338812 -888
v -64.14802403323847 663.0050506338812 -372
v -80 679.3854257995329 -372
v -80 679.3854257995329 -888
v -16 679.3854257995329 -372
v -31.851975966761493 663.0050506338812 -372
v -31.851975966761493 663.0050506338812 -888
v -16 679.3854257995329 -888
v 228.40000000000146 622.4741158999204 -1000
v 228.40000000000146 192 -1000
v 228.40000000000146 192 -480
v 228.40000000000146 622.474115899927 -480
v 276 572.7084908999288 -480
v 276 192 -480
v 276 192 -1000
v 276 572.7084908999223 -1000
v 12 680.5050506338812 -372
v 12 684 -372
v 12 684 -888
v 12 680.5050506338823 -888
v 15.994227846993454 684 -372
v 15.994227846993454 684 -888
v 4 192 -1000
v 4 192 -480
v 4 572.7084908999313 -480
v 4 572.7084908999313 -1000
v 24.400000000001455 594.036615899935 -1000
v 24.40000000000013 594.036615899933 -480
v 24.40000000000013 192 -480
v 24.40000000000013 192 -1000
v -72 663.0050506338812 -888
v -72 663.0050506338812 -372
v -95.99422784698739 684 -372
v -95.99422784698739 684 -888
v -84.46571696818864 684 -372
v -64.14802403323853 663.0050506338812 -372
v -64.14802403323853 663.0050506338812 -888
v -84.46571696818864 684 -888
v -31.85197596676153 663.0050506338812 -888
v -31.85197596676153 663.0050506338812 -372
v -11.534283031807728 684 -372
v -11.534283031807728 684 -888
v 12 684 -372
v -8 663.0050506338812 -372
v 12 680.5050506338835 -372
v -8 663.0050506338812 -888
v 12 684 -888
v 12 680.5050506338835 -888
v 96 128 192
v 96 128 224
v 96 224 224
v 96 224 192
v 320 224 224
v 320 128 224
v 320 128 192
v 320 224 192
v -152 96 164
v -152 96 200
v -152 116 200
v -152 116 164
v 392 116 200
v 392 96 200
v 392 96 164
v 392 116 164
v 300 16 -284
v 300 16 -152
v 300 156 -284
v 304 156 -196
v 392 156 -152
v 392 16 -152
v 392 16 -284
v 392 156 -284
v 276 20 -288
v 276 20 -156
v 276 160 -288
v 280 160 -200
v 368 160 -156
v 368 20 -156
v 368 20 -288
v 368 160 -288
v 300 160 -292
v 300 160 -200
v 303.2941176470593 188 -205.9607843137264
v 303.2941176470593 188 -291.3725490196077
v 384 188 -190.58823529411893
v 384 160 -184
v 384 160 -276
v 384 188 -276
v 356 188 -268
v 356 188 -208
v 356 240 -208
v 356 240 -268
v 360 240 -208
v 360 188 -208
v 360 188 -268
v 360 240 -268
v 312 184 -268
v 312 184 -208
v 312 204 -208
v 312 204 -268
v 316 204 -208
v 316 184 -208
v 316 184 -268
v 316 204 -268
v 316 188 -268
v 316 188 -264
v 316 240 -264
v 316 240 -268
v 356 240 -264
v 356 188 -264
v 356 188 -268
v 356 240 -268
v 316 188 -212
v 316 188 -208
v 316 240 -208
v 316 240 -212
v 356 240 -208
v 356 188 -208
v 356 188 -212
v 356 240 -212
v 316 236 -264
v 316 236 -212
v 316 240 -212
v 316 240 -264
v 356 240 -212
v 356 236 -212
v 356 236 -264
v 356 240 -264
v 316 188 -264
v 316 188 -212
v 316 192 -212
v 316 192 -264
v 356 192 -212
v 356 188 -212
v 356 188 -264
v 356 192 -264
v 272 -3104 -1032
v 272 -3104 -280
v 272 1328 -280
v 272 1328 -1032
v 720 1328 -280
v 720 -3104 -280
v 720 -3104 -1032
v 720 1328 -1032
v 380 240 -276.7619047619082
v 380 240 -191.35014005601624
v 380 280 -200.76190476190212
v 380 280 -276.76190476190476
v 384 280 -200
v 384 240 -190.58823529411148
v 384 240 -276
v 384 280 -276
v 318 277.32050807566355 -210.47619047616172
v 318 277.32050807564883 -274.4761904760544
v 301.9245863351189 245.0324331007796 -283.37254901946653
v 301.92458633512194 245.03243310077914 -209.96078431366348
v 305.41257858931385 243.0186398338883 -290.60538967988396
v 321.4879922541838 275.3067148087657 -281.7090311364636
v 305.41257858937024 243.01863983385738 -217.19362497394104
v 321.4879922542385 275.3067148087547 -217.7090311364173
v 307.3217041808539 240 -290.60538967983666
v 307.3217041808539 240 -286.53347380813784
v 312.02758653379504 280 -285.6371152647205
v 312.02758653379504 280 -289.7090311364199
v 380 280 -272.6899888902053
v 380 240 -272.68998889020537
v 380 240 -276.76190476190413
v 380 280 -276.7619047619046
v 307.3217041808539 240 -209.37289668263475
v 307.3217041808539 240 -205.19362497395377
v 312.02758653379504 280 -213.70903113642208
v 312.02758653379504 280 -217.88830284510334
v 380 280 -200.7619047619064
v 380 240 -191.3501400560213
v 380 240 -195.52941176470227
v 380 280 -204.9411764705883
v 311.55699829849846 276 -285.7267511190621
v 311.55699829849846 276 -217.0367622288586
v 312.0275865337926 280 -217.88830284510513
v 312.0275865337926 280 -285.63711526471906
v 380 280 -204.9411764705901
v 380 276 -204
v 380 276 -272.6899888902048
v 380 280 -272.6899888902035
v 307.3217041808539 240 -286.5334738081365
v 307.3217041808539 240 -209.37289668263838
v 307.792292416148 244 -210.22443729888488
v 307.792292416148 244 -286.4438379537942
v 380 244 -196.4705882352946
v 380 240 -195.5294117647059
v 380 240 -272.68998889020395
v 380 244 -272.6899888902035
v 276 20 -288
v 276 20 -156
v 276 160 -288
v 280 160 -200
v 368 160 -156
v 368 20 -156
v 368 20 -288
v 368 160 -288
v 300 160 -292
v 300 160 -200
v 303.2941176470593 188 -205.9607843137264
v 303.2941176470593 188 -291.3725490196077
v 384 188 -190.58823529411893
v 384 160 -184
v 384 160 -276
v 384 188 -276
v 312 184 -268
v 312 184 -208
v 312 204 -208
v 312 204 -268
v 316 204 -208
v 316 184 -208
v 316 184 -268
v 316 204 -268
v 316 188 -212
v 316 188 -208
v 316 240 -208
v 316 240 -212
v 356 240 -208
v 356 188 -208
v 356 188 -212
v 356 240 -212
v 316 188 -268
v 316 188 -264
v 316 240 -264
v 316 240 -268
v 356 240 -264
v 356 188 -264
v 356 188 -268
v 356 240 -268
v 316 236 -264
v 316 236 -212
v 316 240 -212
v 316 240 -264
v 356 240 -212
v 356 236 -212
v 356 236 -264
v 356 240 -264
v 318 277.32050807566355 -210.47619047616172
v 318 277.32050807564883 -274.4761904760544
v 301.9245863351189 245.0324331007796 -283.37254901946653
v 301.92458633512194 245.03243310077914 -209.96078431366348
v 305.41257858931385 243.0186398338883 -290.60538967988396
v 321.4879922541838 275.3067148087657 -281.7090311364636
v 305.41257858937024 243.01863983385738 -217.19362497394104
v 321.4879922542385 275.3067148087547 -217.7090311364173
v 307.3217041808539 240 -286.5334738081365
v 307.3217041808539 240 -209.37289668263838
v 307.792292416148 244 -210.22443729888488
v 307.792292416148 244 -286.4438379537942
v 380 244 -196.4705882352946
v 380 240 -195.5294117647059
v 380 240 -272.68998889020395
v 380 244 -272.6899888902035
v 307.3217041808539 240 -209.37289668263475
v 307.3217041808539 240 -205.19362497395377
v 312.02758653379504 280 -213.70903113642208
v 312.02758653379504 280 -217.88830284510334
v 380 280 -200.7619047619064
v 380 240 -191.3501400560213
v 380 240 -195.52941176470227
v 380 280 -204.9411764705883
v -132 20 -308
v -132 20 -176
v -132 160 -176
v -132 160 -308
v -40 160 -176
v -40 20 -176
v -40 20 -308
v -44 160 -264
v -148 160 -280
v -148 160 -188
v -148 188 -188
v -148 188 -273.4117647058824
v -67.29411764705583 188 -172.6274509803916
v -64 160 -172
v -64 160 -264
v -67.29411764705583 188 -258.03921568627356
v -80 184 -256
v -80 184 -196
v -80 204 -196
v -80 204 -256
v -76 204 -196
v -76 184 -196
v -76 184 -256
v -76 204 -256
v -120 188 -256
v -120 188 -252
v -120 240 -252
v -120 240 -256
v -80 240 -252
v -80 188 -252
v -80 188 -256
v -80 240 -256
v -120 188 -200
v -120 188 -196
v -120 240 -196
v -120 240 -200
v -80 240 -196
v -80 188 -196
v -80 188 -200
v -80 240 -200
v -120 236 -252
v -120 236 -200
v -120 240 -200
v -120 240 -252
v -80 240 -200
v -80 236 -200
v -80 236 -252
v -80 240 -252
v -85.48799225418571 275.30671480877214 -182.2909688635409
v -85.48799225424045 275.30671480876117 -246.29096886358332
v -69.41257858936888 243.01863983386073 -246.80637502606126
v -69.41257858931473 243.0186398338907 -173.3946103201144
v -65.92458633512251 245.03243310078324 -254.03921568634178
v -82 277.3205080756699 -253.52380952383857
v -82 277.3205080756552 -189.52380952394978
v -65.92458633511706 245.03243310078324 -180.6274509805371
v -144 240 -268.4705882352973
v -144 240 -191.3100111097956
v -144 244 -191.3100111097956
v -144 244 -267.52941176470597
v -71.79229241614667 244 -177.55616204620492
v -71.32170418085268 240 -177.46652619186284
v -71.32170418085268 240 -254.62710331736463
v -71.79229241614667 244 -253.77556270111563
v -144 240 -272.6498599439801
v -144 240 -268.4705882352928
v -144 280 -259.0588235294104
v -144 280 -263.2380952380954
v -76.02758653378987 280 -246.1116971548954
v -71.32170418085269 240 -254.62710331736008
v -71.32170418085269 240 -258.80637502604736
v -76.02758653378987 280 -250.29096886358002
v -124 188 -256
v -124 188 -196
v -124 240 -196
v -124 240 -256
v -120 240 -196
v -120 188 -196
v -120 188 -256
v -120 240 -256
v -108 4 -440
v -108 4 -308
v -108 144 -308
v -108 144 -440
v -16 144 -308
v -16 4 -308
v -16 4 -440
v -20 144 -396
v -124 144 -412
v -124 144 -320
v -124 172 -320
v -124 172 -405.4117647058823
v -43.29411764705583 172 -304.6274509803916
v -40 144 -304
v -40 144 -396
v -43.29411764705583 172 -390.03921568627356
v -56 168 -388
v -56 168 -328
v -56 188 -328
v -56 188 -388
v -52 188 -328
v -52 168 -328
v -52 168 -388
v -52 188 -388
v -96 172 -388
v -96 172 -384
v -96 224 -384
v -96 224 -388
v -56 224 -384
v -56 172 -384
v -56 172 -388
v -56 224 -388
v -96 172 -332
v -96 172 -328
v -96 224 -328
v -96 224 -332
v -56 224 -328
v -56 172 -328
v -56 172 -332
v -56 224 -332
v -96 220 -384
v -96 220 -332
v -96 224 -332
v -96 224 -384
v -56 224 -332
v -56 220 -332
v -56 220 -384
v -56 224 -384
v -61.48799225418572 259.3067148087722 -314.2909688635409
v -61.48799225424045 259.30671480876117 -378.29096886358116
v -45.41257858936887 227.01863983386073 -378.80637502605913
v -45.41257858931472 227.0186398338907 -305.39461032011445
v -41.92458633512251 229.03243310078324 -386.03921568633814
v -58 261.3205080756699 -385.5238095238364
v -58 261.3205080756552 -321.5238095239497
v -41.924586335117056 229.03243310078324 -312.6274509805371
v -120 224 -400.4705882352937
v -120 224 -323.3100111097974
v -120 228 -323.3100111097974
v -120 228 -399.52941176470597
v -47.792292416146665 228 -309.55616204620674
v -47.32170418085269 224 -309.46652619186466
v -47.32170418085269 224 -386.627103317361
v -47.792292416146665 228 -385.77556270111563
v -120 224 -404.6498599439801
v -120 224 -400.4705882352928
v -120 264 -391.0588235294104
v -120 264 -395.23809523809535
v -52.02758653378987 264 -378.1116971548954
v -47.321704180852706 224 -386.6271033173601
v -47.321704180852706 224 -390.80637502604736
v -52.02758653378987 264 -382.29096886358
v -100 172 -388
v -100 172 -328
v -100 224 -328
v -100 224 -388
v -96 224 -328
v -96 172 -328
v -96 172 -388
v -96 224 -388
v -100 352 200
v -100 352 404
v -100 424 404
v -100 424 200
v 692 424 404
v 692 352 404
v 692 352 200
v 692 424 200
v -156 388 184
v -156 388 196
v -156 460 196
v -156 460 184
v 676 460 196
v 676 388 196
v 676 388 184
v 676 460 184
v -120 388 384
v -120 388 400
v -120 460 400
v -120 460 384
v 712 460 400
v 712 388 400
v 712 388 384
v 712 460 384
v -452 560 200
v -452 560 404
v -452 584 404
v -452 584 200
v 692 584 404
v 692 560 404
v 692 560 200
v 692 584 200
v -420 560 180
v -420 560 196
v -420 632 196
v -420 632 180
v 676 632 196
v 676 560 196
v 676 560 180
v 676 632 180
v -488 560 384
v -488 560 400
v -488 632 400
v -488 632 384
v 712 632 400
v 712 560 400
v 712 560 384
v 712 632 384
v -100 560 292
v -100 560 348
v -100 564 348
v -100 564 292
v -44 564 348
v -44 560 348
v -44 560 292
v -44 564 292
v -116 384 52
v -116 384 200
v -116 388 200
v -116 388 52
v 656 388 200
v 656 384 200
v 656 384 52
v 656 388 52
v -160 388 56
v -160 388 68
v -160 460 68
v -160 460 56
v 672 460 68
v 672 388 68
v 672 388 56
v 672 460 56
v 272 32 960
v 272 32 1184
v 272 64 1184
v 272 64 960
v 352 64 1184
v 352 32 1184
v 352 32 960
v 352 64 960
v -16 32 944
v -16 32 1168
v -16 64 1168
v -16 64 944
v 48 64 1168
v 48 32 1168
v 48 32 944
v 48 64 944
v 32 32 960
v 32 32 1040
v 32 64 1040
v 32 64 960
v 272 64 1040
v 272 32 1040
v 272 32 960
v 272 64 960
v 0 32 1152
v 0 32 1184
v 0 64 1184
v 0 64 1152
v 272 64 1184
v 272 32 1184
v 272 32 1152
v 272 64 1152
v 16 -128 1200
v 16 -128 1216
v 16 -112 1216
v 16 -112 1200
v 352 -112 1216
v 352 -128 1216
v 352 -128 1200
v 352 -112 1200
v 336 -128 1040
v 336 -128 1200
v 336 -112 1200
v 336 -112 1040
v 352 -112 1200
v 352 -128 1200
v 352 -128 1040
v 352 -112 1040
v -32 256 1056
v -32 256 1120
v -32 288 1120
v -32 288 1056
v 928 288 1120
v 928 256 1120
v 928 256 1056
v 928 288 1056
v 128 256 1504
v 128 256 1728
v 128 288 1728
v 128 288 1504
v 1088 288 1728
v 1088 256 1728
v 1088 256 1504
v 1088 288 1504
v 800 288 896
v 800 288 1760
v 800 352 1760
v 800 352 896
v 928 352 1760
v 928 288 1760
v 928 288 896
v 928 352 896
v -32 288 896
v -32 288 1760
v -32 352 1760
v -32 352 896
v 640 352 1760
v 640 288 1760
v 640 288 896
v 640 352 896
v 640 288 896
v 640 288 1120
v 640 352 1120
v 640 352 896
v 800 352 1120
v 800 288 1120
v 800 288 896
v 800 352 896
v 640 288 1248
v 640 288 1760
v 640 352 1760
v 640 352 1248
v 800 352 1760
v 800 288 1760
v 800 288 1248
v 800 352 1248
v 640 288 1088
v 640 288 1248
v 640 352 1248
v 640 352 1088
v 800 352 1248
v 800 288 1248
v 800 288 1088
v 800 352 1088
v 320 -160 1632
v 320 -160 1728
v 320 160 1728
v 320 160 1632
v 800 160 1728
v 800 -160 1728
v 800 -160 1632
v 800 160 1632
v 400 -152 1594.3083333333343
v 400 -152 1597.9749999999985
v 400 24 1597.9749999999985
v 400 24 1594.3083333333327
v 720 24 1597.9749999999985
v 720 -152 1597.9749999999985
v 720 -152 1594.3083333333343
v 720 24 1594.3083333333327
v 312 -144 1624
v 312 -144 1728
v 312 -16 1728
v 312 -16 1624
v 320 -16 1728
v 320 -144 1728
v 320 -144 1624
v 320 -16 1624
v 1024 -224 960
v 1024 -224 1632
v 1024 -192 1632
v 1024 -192 960
v 1248 -192 1632
v 1248 -224 1632
v 1248 -224 960
v 1248 -192 960
v 1024 -192 1568
v 1024 -192 1600
v 1024 96 1600
v 1024 96 1568
v 1120 96 1600
v 1120 -192 1600
v 1120 -192 1568
v 1120 96 1568
v 1216 -224 960
v 1216 -224 1376
v 1216 288 1376
v 1216 288 960
v 1280 288 1376
v 1280 -224 1376
v 1280 -224 960
v 1280 288 960
v 1024 -224 352
v 1024 -224 960
v 1024 -192 960
v 1024 -192 352
v 1312 -192 960
v 1312 -224 960
v 1312 -224 352
v 1312 -192 352
v -288 -160 1136
v -288 -160 1216
v -288 -128 1216
v -288 -128 1136
v 0 -128 1216
v 0 -160 1216
v 0 -160 1136
v 0 -128 1136
v 0 -192 1152
v 0 -192 1216
v 0 -128 1216
v 0 -128 1152
v 160 -128 1216
v 160 -192 1216
v 160 -192 1152
v 160 -128 1152
v 160 -224 896
v 160 -224 1760
v 160 -192 1760
v 160 -192 896
v 1024 -192 1760
v 1024 -224 1760
v 1024 -224 896
v 1024 -192 896
v 0 -224 896
v 0 -224 1024
v 0 -192 1024
v 0 -192 896
v 160 -192 1024
v 160 -224 1024
v 160 -224 896
v 160 -192 896
v 0 -224 1152
v 0 -224 1760
v 0 -192 1760
v 0 -192 1152
v 160 -192 1760
v 160 -224 1760
v 160 -224 1152
v 160 -192 1152
v 160 -256 896
v 160 -256 1056
v 160 576 1056
v 160 576 896
v 960 576 1056
v 960 -256 1056
v 960 -256 896
v 960 576 896
v -32 -256 896
v -32 -256 1056
v -32 576 1056
v -32 576 896
v 0 576 1056
v 0 -256 1056
v 0 -256 896
v 0 576 896
v 0 -256 896
v 0 -256 1024
v 0 576 1024
v 0 576 896
v 160 576 1024
v 160 -256 1024
v 160 -256 896
v 160 576 896
v 0 -96 1024
v 0 -96 1056
v 0 576 1056
v 0 576 1024
v 160 576 1056
v 160 -96 1056
v 160 -96 1024
v 160 576 1024
v 0 -256 1024
v 0 -256 1056
v 0 -224 1056
v 0 -224 1024
v 160 -224 1056
v 160 -256 1056
v 160 -256 1024
v 160 -224 1024
v 160 -192 1040
v 160 -192 1216
v 160 -128 1216
v 160 -128 1040
v 352 -128 1216
v 352 -192 1216
v 352 -192 1040
v 352 -128 1040
v 256 -160 1600
v 256 -160 1728
v 256 -128 1728
v 256 -128 1600
v 288 -128 1728
v 288 -160 1728
v 288 -160 1600
v 288 -128 1600
v 288 -160 1536
v 288 -160 1600
v 288 -128 1600
v 288 -128 1536
v 448 -128 1600
v 448 -160 1600
v 448 -160 1536
v 448 -128 1536
v 1292 -988 596
v 1292 -988 1088
v 1292 1208 1088
v 1292 1208 596
v 1600 1208 1088
v 1600 -988 1088
v 1600 -988 596
v 1600 1208 596
v 1600 -988 596
v 1600 -988 704
v 1600 1208 704
v 1600 1208 596
v 1704 1208 704
v 1704 -988 704
v 1704 -988 596
v 1704 1208 596
v 1600 -988 992
v 1600 -988 1088
v 1600 1208 1088
v 1600 1208 992
v 1704 1208 1088
v 1704 -988 1088
v 1704 -988 992
v 1704 1208 992
v 1600 192 704
v 1600 192 992
v 1600 1208 992
v 1600 1208 704
v 1704 1208 992
v 1704 192 992
v 1704 192 704
v 1704 1208 704
v 1600 -988 704
v 1600 -988 992
v 1600 -32 992
v 1600 -32 704
v 1704 -32 992
v 1704 -988 992
v 1704 -988 704
v 1704 -32 704
v 1664 -64 -64
v 1664 -64 576
v 1664 256 576
v 1664 256 -64
v 1728 256 576
v 1728 -64 576
v 1728 -64 -64
v 1728 256 -64
v 1664 -64 -192
v 1664 -64 -64
v 1664 320 -64
v 1664 320 -192
v 2112 320 -64
v 2112 -64 -64
v 2112 -64 -192
v 2112 320 -192
v 2248 0 -36
v 2248 0 -28
v 2248 96 -28
v 2248 96 -36
v 2408 96 -28
v 2408 0 -28
v 2408 0 -36
v 2408 96 -36
v 2112 -64 -96
v 2112 -64 -32
v 2112 192 -32
v 2112 192 -96
v 2528 192 -32
v 2528 -64 -32
v 2528 -64 -96
v 2528 192 -96
v 2208 -64 1472
v 2208 -64 2304
v 2208 672 2304
v 2208 672 1472
v 2816 672 2304
v 2816 -64 2304
v 2816 -64 1472
v 2816 672 1472
v 2368 576 -512
v 2368 576 -128
v 2368 896 -128
v 2368 896 -512
v 2688 896 -128
v 2688 576 -128
v 2688 576 -512
v 2688 896 -512
v 2368 256 -512
v 2368 256 -128
v 2368 576 -128
v 2368 576 -512
v 2688 576 -128
v 2688 256 -128
v 2688 256 -512
v 2688 576 -512
v 2368 -64 -512
v 2368 -64 -128
v 2368 256 -128
v 2368 256 -512
v 2688 256 -128
v 2688 -64 -128
v 2688 -64 -512
v 2688 256 -512
v 2432 256 1024
v 2432 256 1408
v 2432 576 1408
v 2432 576 1024
v 2752 576 1408
v 2752 256 1408
v 2752 256 1024
v 2752 576 1024
v 2432 576 1024
v 2432 576 1408
v 2432 896 1408
v 2432 896 1024
v 2752 896 1408
v 2752 576 1408
v 2752 576 1024
v 2752 896 1024
v 2432 -64 -192
v 2432 -64 256
v 2432 704 256
v 2432 704 -192
v 2688 704 256
v 2688 -64 256
v 2688 -64 -192
v 2688 704 -192
v 2432 192 256
v 2432 192 640
v 2432 704 640
v 2432 704 256
v 2688 704 640
v 2688 192 640
v 2688 192 256
v 2688 704 256
v 1344 712 704
v 1344 712 832
v 1344 720 832
v 1344 720 704
v 2560 720 832
v 2560 712 832
v 2560 712 704
v 2560 720 704
v 2432 -64 1216
v 2432 -64 1408
v 2432 256 1408
v 2432 256 1216
v 2560 256 1408
v 2560 -64 1408
v 2560 -64 1216
v 2560 256 1216
v 2432 192 1024
v 2432 192 1216
v 2432 256 1216
v 2432 256 1024
v 2560 256 1216
v 2560 192 1216
v 2560 192 1024
v 2560 256 1024
v 2560 -64 640
v 2560 -64 960
v 2560 704 960
v 2560 704 640
v 2688 704 960
v 2688 -64 960
v 2688 -64 640
v 2688 704 640
v 2432 -64 640
v 2432 -64 704
v 2432 704 704
v 2432 704 640
v 2560 704 704
v 2560 -64 704
v 2560 -64 640
v 2560 704 640
v 2432 192 704
v 2432 192 960
v 2432 704 960
v 2432 704 704
v 2560 704 960
v 2560 192 960
v 2560 192 704
v 2560 704 704
v 2448 -64 688
v 2448 -64 1200
v 2448 0 1200
v 2448 0 688
v 2576 0 1200
v 2576 -64 1200
v 2576 -64 688
v 2576 0 688
v 2432 -80 704
v 2432 -80 1216
v 2432 16 1216
v 2432 16 704
v 2464 16 1216
v 2464 -80 1216
v 2464 -80 704
v 2464 16 704
v 2320 -64 736
v 2320 -64 1152
v 2320 -16 1152
v 2320 -16 736
v 2384 -16 1152
v 2384 -64 1152
v 2384 -64 736
v 2384 -16 736
v 2688 -64 960
v 2688 -64 1408
v 2688 256 1408
v 2688 256 960
v 2752 256 1408
v 2752 -64 1408
v 2752 -64 960
v 2752 256 960
v 2560 -64 960
v 2560 -64 1024
v 2560 256 1024
v 2560 256 960
v 2688 256 1024
v 2688 -64 1024
v 2688 -64 960
v 2688 256 960
v 2560 -64 1152
v 2560 -64 1408
v 2560 256 1408
v 2560 256 1152
v 2688 256 1408
v 2688 -64 1408
v 2688 -64 1152
v 2688 256 1152
v 2560 160 1024
v 2560 160 1152
v 2560 256 1152
v 2560 256 1024
v 2688 256 1152
v 2688 160 1152
v 2688 160 1024
v 2688 256 1024
v 2560 -64 1024
v 2560 -64 1152
v 2560 0 1152
v 2560 0 1024
v 2688 0 1152
v 2688 -64 1152
v 2688 -64 1024
v 2688 0 1024
v 2464 -64 256
v 2464 -64 704
v 2464 192 704
v 2464 192 256
v 2528 192 704
v 2528 -64 704
v 2528 -64 256
v 2528 192 256
v 2816 -64 -384
v 2816 -64 2624
v 2816 1120 2624
v 2816 1120 -384
v 2848 1120 2624
v 2848 -64 2624
v 2848 -64 -384
v 2848 1120 -384
v 2752 -64 -384
v 2752 -64 384
v 2752 1120 384
v 2752 1120 -384
v 2816 1120 384
v 2816 -64 384
v 2816 -64 -384
v 2816 1120 -384
v 2752 -64 544
v 2752 -64 2624
v 2752 1120 2624
v 2752 1120 544
v 2816 1120 2624
v 2816 -64 2624
v 2816 -64 544
v 2816 1120 544
v 2752 128 384
v 2752 128 544
v 2752 1120 544
v 2752 1120 384
v 2816 1120 544
v 2816 128 544
v 2816 128 384
v 2816 1120 384
v 2688 -64 -192
v 2688 -64 384
v 2688 704 384
v 2688 704 -192
v 2752 704 384
v 2752 -64 384
v 2752 -64 -192
v 2752 704 -192
v 2688 -64 544
v 2688 -64 960
v 2688 704 960
v 2688 704 544
v 2752 704 960
v 2752 -64 960
v 2752 -64 544
v 2752 704 544
v 2688 128 384
v 2688 128 544
v 2688 704 544
v 2688 704 384
v 2752 704 544
v 2752 128 544
v 2752 128 384
v 2752 704 384
v 2112 -128 -192
v 2112 -128 2400
v 2112 -64 2400
v 2112 -64 -192
v 2784 -64 2400
v 2784 -128 2400
v 2784 -128 -192
v 2784 -64 -192
v 1440 -128 -64
v 1440 -128 2528
v 1440 -64 2528
v 1440 -64 -64
v 2112 -64 2528
v 2112 -128 2528
v 2112 -128 -64
v 2112 -64 -64
v -288 -64 2144
v -288 -64 2240
v -288 1120 2240
v -288 1120 2144
v 2720 1120 2240
v 2720 -64 2240
v 2720 -64 2144
v 2720 1120 2144
v 1712 192 984
v 1712 192 1048
v 1712 208 1048
v 1712 208 984
v 2000 208 1048
v 2000 192 1048
v 2000 192 984
v 2000 208 984
v 1725.1888904576535 208 956.1795689360115
v 1708.624471571099 208 894.3603160535167
v 1708.624471571099 192 894.3603160535167
v 1725.188890457653 192 956.1795689360134
v 1986.8111095423337 192 819.8204310639921
v 1986.811109542335 208 819.820431063991
v 2003.375528428911 192 881.6396839464815
v 2003.3755284289157 208 881.6396839464788
v 1920 -32 928
v 1920 -32 1056
v 1920 192 1056
v 1920 192 928
v 1952 192 1056
v 1952 -32 1056
v 1952 -32 928
v 1952 192 928
v 1936 0 576
v 1936 0 1248
v 1936 16 1248
v 1936 16 576
v 2000 16 1248
v 2000 0 1248
v 2000 0 576
v 2000 16 576
v 1920 -32 704
v 1920 -32 928
v 1920 64 928
v 1920 64 704
v 1952 64 928
v 1952 -32 928
v 1952 -32 704
v 1952 64 704
v 1920 128 704
v 1920 160 928
v 1920 192 928
v 1920 192 704
v 1952 128 928
v 1952 96 704
v 1952 192 928
v 1952 192 704
v 1696 -32 1056
v 1696 -32 1088
v 1696 192 1088
v 1696 192 1056
v 1952 192 1088
v 1952 -32 1088
v 1952 -32 1056
v 1952 192 1056
v 1696 -64 512
v 1696 -64 1088
v 1696 -32 1088
v 1696 -32 512
v 1952 -32 1088
v 1952 -64 1088
v 1952 -64 512
v 1952 -32 512
v 1920 -32 512
v 1920 -32 704
v 1920 160 704
v 1920 160 512
v 1952 160 704
v 1952 -32 704
v 1952 -32 512
v 1952 160 512
v 1856 -64 576
v 1856 -64 1024
v 1856 0 1024
v 1856 0 576
v 1984 0 1024
v 1984 -64 1024
v 1984 -64 576
v 1984 0 576
v 2112 -64 -128
v 2112 -64 928
v 2112 -32 928
v 2112 -32 -128
v 2176 -32 928
v 2176 -64 928
v 2176 -64 -128
v 2176 -32 -128
v -128 0 -1216
v -128 0 -1024
v -128 176 -1024
v -128 176 -1216
v 112 176 -1024
v 112 0 -1024
v 112 0 -1216
v 112 176 -1216
v 160 -1104 -1296
v 160 -1104 -880
v 160 -1056 -880
v 160 -1056 -1296
v 496 -1056 -880
v 496 -1104 -880
v 496 -1104 -1296
v 496 -1056 -1296

# texture coordinates
vt 2.013072 0.2875817
vt 1.620915 0.2875817
vt 1.620915 0.3137255
vt 2.013072 0.3137255
vt -0.20915033 2.013072
vt -0.2875817 2.013072
vt -0.2875817 1.620915
vt -0.20915033 1.620915
vt -0.20915033 0.3398693
vt -0.2875817 0.3137255
vt -0.2875817 0.2875817
vt -0.20915033 0.2875817
vt 1.4379085 0.078431375
vt 1.254902 0.078431375
vt 1.254902 0.104575165
vt 1.4379085 0.104575165
vt 2.013072 0.104575165
vt 1.8300654 0.104575165
vt 1.8300654 0.078431375
vt 2.013072 0.078431375
vt 2.013072 1.254902
vt 1.8300654 1.254902
vt 1.8300654 1.4379085
vt 2.013072 1.4379085
vt 1.8039216 0.078431375
vt 1.620915 0.078431375
vt 1.620915 0.104575165
vt 1.8039216 0.104575165
vt 2.013072 1.620915
vt 1.8300654 1.620915
vt 1.8300654 1.8039216
vt 2.013072 1.8039216
vt 6.3006544 0.078431375
vt 6.0392165 0.078431375
vt 6.0392165 0.104575165
vt 6.3006544 0.104575165
vt 0.8104575 0.104575165
vt 0.8104575 0.078431375
vt 0.8104575 1.8039216
vt 0.8104575 1.882353
vt 2.013072 1.882353
vt 1.9607843 0.078431375
vt 0.75816995 0.078431375
vt 0.75816995 0.104575165
vt 1.9607843 0.104575165
vt 6.248367 0.104575165
vt 5.986929 0.104575165
vt 5.986929 0.078431375
vt 6.248367 0.078431375
vt 0.3921569 0.104575165
vt 0.4705883 0.104575165
vt 0.4705883 0.078431375
vt 0.3921569 0.078431375
vt 0.20915033 1.6470588
vt 0.20915033 2.013072
vt 0.20915033 0.078431375
vt 0.20915033 0.104575165
vt 1.882353 0.078431375
vt 1.882353 0.104575165
vt 1.9869281 0.052287582
vt 1.9346405 0.052287582
vt 1.9346405 0.2875817
vt 1.9869281 0.2875817
vt 0.20915033 0.2875817
vt 0.18300654 0.2875817
vt 0.18300654 0.052287582
vt 0.20915033 0.052287582
vt 0.20915033 1.9346405
vt 0.18300654 1.9346405
vt 0.18300654 1.9869281
vt 0.20915033 1.9869281
vt 1.751634 0.052287582
vt 1.751634 0.104575165
vt 1.9346405 0.104575165
vt 0.18300654 0.104575165
vt 0.20915033 1.751634
vt 0.18300654 1.751634
vt 1.6732026 0.052287582
vt 1.620915 0.052287582
vt 1.6732026 0.2875817
vt -0.20915033 0.052287582
vt 0.18300654 1.620915
vt -0.20915033 1.6732026
vt 0.18300654 1.6732026
vt -0.26143792 0.2875817
vt -0.26143792 0.052287582
vt -0.26143792 1.620915
vt -0.26143792 1.9869281
vt -0.20915033 1.9869281
vt 1.9084967 0.052287582
vt 1.9084967 0.2875817
vt -0.2875817 0.052287582
vt -0.26143792 1.9084967
vt -0.2875817 1.9084967
vt -0.2875817 1.9869281
vt 1.7777778 0.052287582
vt 1.7777778 0.2875817
vt -0.2875817 1.7777778
vt -0.26143792 1.7777778
vt 1.0718955 0.078431375
vt 0.8888889 0.078431375
vt 0.8888889 0.104575165
vt 1.0718955 0.104575165
vt 2.013072 0.8888889
vt 1.8300654 0.8888889
vt 1.8300654 1.0718955
vt 2.013072 1.0718955
vt 1.9346405 -0.13071896
vt 1.882353 -0.13071896
vt 1.882353 0.26143792
vt 1.9346405 0.26143792
vt 2.013072 0.26143792
vt 1.4379085 0.26143792
vt 1.4379085 -0.13071896
vt 2.013072 -0.13071896
vt 1.4379085 1.882353
vt 1.4379085 1.9346405
vt 2.013072 1.9346405
vt 1.751634 -0.13071896
vt 1.751634 0.26143792
vt 2.0392158 0.26143792
vt 2.0392158 -0.13071896
vt 2.0392158 1.751634
vt 2.013072 1.751634
vt 2.0392158 1.9346405
vt 1.5163399 -5.0457516
vt 1.2026144 -5.0457516
vt 1.2026144 2.1960785
vt 1.5163399 2.1960785
vt 1.4117647 2.1960785
vt 1.0980393 2.1960785
vt 1.0980393 -5.0457516
vt 1.4117647 -5.0457516
vt 1.4117647 1.2026144
vt 1.0980393 1.2026144
vt 1.0980393 1.5163399
vt 1.4117647 1.5163399
vt 1.1446345 -8.577778
vt 0.44790047 -8.577778
vt 0.44790047 0.17777778
vt 1.1446345 0.17777778
vt 1.3437014 0.17777778
vt 1.045101 0.17777778
vt 1.045101 -8.577778
vt 1.3437014 -8.577778
vt 1.3437014 0.8
vt 1.045101 0.8
vt 1.045101 2.0444446
vt 1.3437014 2.0444446
vt 1.1446345 0.08888889
vt 0.44790047 0.08888889
vt 1.3934681 0.13333334
vt 1.3437014 0.08888889
vt 1.3934681 0.08888889
vt 1.3934681 0.8
vt 1.3934681 2.0444446
vt 1.2026144 0.41830066
vt 0.47058824 0.41830066
vt 0.47058824 2.1960785
vt 1.0980393 0.41830066
vt 1.4117647 0.41830066
vt 1.4117647 0.47058824
vt 1.0980393 0.47058824
vt 0.47058824 -5.0457516
vt 0.2875817 -5.0457516
vt 0.2875817 2.1960785
vt 1.4117647 0.2875817
vt 1.0980393 0.2875817
vt -0.6535948 -0.41830066
vt -0.99346405 -0.41830066
vt -0.99346405 -0.39215687
vt -0.6535948 -0.39215687
vt 2.013072 -0.39215687
vt 1.8562092 -0.39215687
vt 1.8562092 -0.41830066
vt 2.013072 -0.41830066
vt 2.013072 -0.99346405
vt 1.8562092 -0.99346405
vt 1.8562092 -0.6535948
vt 2.013072 -0.6535948
vt -0.3137255 0.026143791
vt -0.3398693 0.026143791
vt -0.3398693 0.052287582
vt -0.3137255 0.052287582
vt 0.39215687 0.052287582
vt -0.18300654 0.052287582
vt -0.18300654 0.026143791
vt 0.39215687 0.026143791
vt 0.39215687 -0.3398693
vt -0.18300654 -0.3398693
vt -0.18300654 -0.3137255
vt 0.39215687 -0.3137255
vt 0 -0.18300651
vt 0 -0.2091503
vt -0.3398693 -0.2091503
vt -0.3398693 -0.18300651
vt 0.96732026 -0.3398693
vt 0.39215687 -0
vt 0.96732026 -0
vt 0.96732026 -0.15686275
vt 0.39215687 -0.026143791
vt 0.96732026 -0.20915033
vt 0 -0.20915033
vt 0 -0.18300654
vt -0.3398693 -0.18300654
vt -0.3398693 -0.20915033
vt 0 -0.39215687
vt 0 -0.41830066
vt -0.6928105 -0.41830066
vt -0.6928105 -0.39215687
vt 1.8562092 -0.6928105
vt 0.96732026 -0.6928105
vt 1.8562092 -0
vt 1.8542027 -0.8289119
vt 0.9662747 -0.59361774
vt 0.9662747 -0.6459053
vt 1.8542027 -0.8550557
vt 0.3137255 -0.41830066
vt 0.3137255 -0.39215687
vt 2.6666667 -0.39215687
vt 2.6666667 -0.41830066
vt 2.6666667 -0.6535948
vt 1.8562092 0.3137255
vt 2.6666667 0.3137255
vt 2.013072 -0
vt 0.8366013 -0
vt 0.8366013 0.2875817
vt -0.8888889 0.2875817
vt -0.9150327 0.2875817
vt -0.9150327 -0
vt -0.8888889 -0
vt -0.8888889 0.8366013
vt -0.9150327 0.8366013
vt -0.9150327 2.013072
vt -0.8888889 2.013072
vt 1.9869281 -0
vt 0.20915033 -0
vt -0.8888889 1.9869281
vt 4.75 -0
vt 2 -0
vt 2 0.125
vt 4.75 0.125
vt 0.5 0.125
vt -2.125 0.125
vt -2.125 -0
vt 0.5 -0
vt 0.5 2
vt -2.125 2
vt -2.125 4.75
vt 0.5 4.75
vt -0.8104575 -0.23529412
vt -0.99346405 -0.23529412
vt -0.99346405 -0.20915033
vt -0.8104575 -0.20915033
vt 2.5620916 -0.20915033
vt 2.379085 -0.20915033
vt 2.379085 -0.23529412
vt 2.5620916 -0.23529412
vt 2.5620916 -0.99346405
vt 2.379085 -0.99346405
vt 2.379085 -0.8104575
vt 2.5620916 -0.8104575
vt -0.99346405 -0.36601308
vt -0.8104575 -0.36601308
vt -0.8104575 -0.39215687
vt 2.5256155 -0.80229163
vt 2.1334586 -0.80229163
vt 2.1334586 -0.9834543
vt 2.5256155 -0.9834543
vt 1.944935 -1.3500865
vt 1.552778 -1.3500863
vt 1.5415735 -1.3758748
vt 1.9337304 -1.3758749
vt 2.5255015 -0.9834543
vt 2.1333447 -0.9834543
vt 2.1333447 -0.80229163
vt 2.5255015 -0.80229163
vt -0.325197 0.027183548
vt -0.79578525 0.02718351
vt -0.78695387 0.05308978
vt -0.3163656 0.0530898
vt 2.5620916 -0.3398693
vt 2.379085 -0.3398693
vt 2.5620916 -0.078431375
vt 2.379085 -0.078431375
vt 2.379085 -0.052287582
vt 2.5620916 -0.052287582
vt -0.18300654 -0.052287582
vt -0.3398693 -0.052287582
vt -0.3398693 -0.026143791
vt -0.18300654 -0.026143791
vt 2.5620916 -0.026143791
vt 2.379085 -0.026143791
vt 2.379085 -0.18300654
vt 2.5620916 -0.18300654
vt -0.052287582 0.078431375
vt -0.8104575 0.078431375
vt -0.8104575 0.104575165
vt -0.052287582 0.104575165
vt 2.013072 -0.8104575
vt 1.8300654 -0.8104575
vt 1.8300654 -0.052287582
vt 2.013072 -0.052287582
vt -0.052287582 0.052287582
vt -0.18300654 0.078431375
vt 2.013072 -0.18300654
vt 2.1307724 0.80733716
vt 1.7647593 0.80733675
vt 1.7730402 0.781482
vt 2.1390533 0.7814823
vt -0.052287582 -0.052287582
vt -0.052287582 -0.026143791
vt -0.18300654 -0.41830066
vt -0.8104575 -0.41830066
vt -0.18300654 0.104575165
vt 2.379085 0.104575165
vt 2.379085 -0.41830066
vt 0.2875817 0.078431375
vt 0.104575165 0.078431375
vt 0.104575165 0.104575165
vt 0.2875817 0.104575165
vt 1.8300654 0.2875817
vt 0.6797386 0.078431375
vt 0.49673203 0.078431375
vt 0.49673203 0.104575165
vt 0.6797386 0.104575165
vt 2.013072 0.49673203
vt 1.8300654 0.49673203
vt 1.8300654 0.6797386
vt 2.013072 0.6797386
vt 0.8366013 0.104575165
vt 0 0.104575165
vt 0 0.15686275
vt 0.8366013 0.15686275
vt 0.20915033 0.026143791
vt 0.18300654 0.026143791
vt 0.18300654 -0.026143791
vt 0.20915033 -0.026143791
vt 0.18300654 -0
vt 0.18300654 0.8366013
vt 0.20915033 0.8366013
vt 0.8366013 0.026143791
vt 0 0.026143791
vt 0 -0.026143791
vt 0.8366013 -0.026143791
vt 0.6535948 0.104575165
vt 0.6535948 0.15686275
vt 0.15686275 0.15686275
vt 0.052287582 0.15686275
vt 0.052287582 0.104575165
vt 0.15686275 0.104575165
vt 0.18300654 0.6535948
vt 0.078431375 0.6535948
vt 0.078431375 0.8366013
vt 0.078431375 -0.026143791
vt 0.078431375 0.026143791
vt 1.385621 0.052287582
vt 1.124183 0.052287582
vt 1.124183 0.104575165
vt 1.385621 0.26143792
vt 0.13071896 0.26143792
vt 0 0.26143792
vt 0 0.052287582
vt 0.13071896 0.052287582
vt 0.13071896 1.385621
vt 0 1.385621
vt 0 1.124183
vt 0.13071896 1.124183
vt 0.8366013 0.052287582
vt 0.13071896 0.104575165
vt 0.13071896 0.8366013
vt 0 0.8366013
vt 0.96732026 0.052287582
vt 0.8627451 0.052287582
vt 0.8627451 0.104575165
vt 0.96732026 0.104575165
vt -0.104575165 0.104575165
vt -0.104575165 0.052287582
vt 0 0.8627451
vt -0.104575165 0.8627451
vt -0.104575165 0.96732026
vt 0 0.96732026
vt 1.0457517 0.052287582
vt 0.9411765 0.052287582
vt 0.9411765 0.104575165
vt 1.0457517 0.06535948
vt -0.104575165 1.0457517
vt -0.104575165 0.9411765
vt 0 1.0457517
vt 0 0.9411765
vt -0.104575165 0.06535948
vt 1.0457517 0.104575165
vt 2.176 0.512
vt 2.048 0.512
vt 2.048 0.64
vt 2.176 0.64
vt 0.384 0.64
vt -0.64 0.64
vt -0.64 0.512
vt 0.384 0.512
vt 0.384 2.048
vt -0.64 2.048
vt -0.64 2.176
vt 0.384 2.176
vt 0.8366013 0.26143792
vt 0.9411765 0.26143792
vt 0.15686275 0.26143792
vt 0.104575165 0.26143792
vt 0.15686275 0.8366013
vt 0.104575165 0.8366013
vt 0.104575165 0.9411765
vt 0.15686275 0.9411765
vt 0.8627451 0.26143792
vt -0.20915033 0.26143792
vt -0.26143792 0.26143792
vt -0.20915033 0.8366013
vt -0.26143792 0.8366013
vt -0.26143792 0.9411765
vt -0.20915033 0.9411765
vt -0.20915033 0.8627451
vt -0.26143792 0.8627451
vt 0.99346405 0.052287582
vt 0.99346405 0.104575165
vt -0.2875817 0.104575165
vt -0.54901963 0.104575165
vt -0.54901963 0.052287582
vt -0.2875817 0.96732026
vt -0.54901963 0.96732026
vt -0.54901963 0.99346405
vt -0.2875817 0.99346405
vt 0.99346405 0.15686275
vt 0.96732026 0.15686275
vt 0.96732026 0.39215687
vt 0.99346405 0.39215687
vt -0.49673203 0.2875817
vt -0.49673203 0.052287582
vt -0.026143791 0.96732026
vt -0.3137255 0.96732026
vt -0.3137255 0.99346405
vt -0.026143791 0.99346405
vt -0.49673203 0.8627451
vt -0.49673203 0.8366013
vt 0.8627451 0.2875817
vt -0.6535948 0.2875817
vt -0.8888889 0.052287582
vt -0.6535948 0.052287582
vt -0.47058824 0.96732026
vt -0.7058824 0.96732026
vt -0.7058824 0.99346405
vt -0.47058824 0.99346405
vt -0.6535948 0.8627451
vt -0.8888889 0.8627451
vt -0.6535948 0.8366013
vt 0.99346405 0.3398693
vt 0.96732026 0.3398693
vt -0.6535948 0.23529412
vt -0.49673203 0.23529412
vt 3.9738562 -0
vt 1.6732026 -0
vt 1.6732026 0.104575165
vt 3.9738562 0.104575165
vt -1.620915 0.104575165
vt -1.7777778 0.104575165
vt -1.7777778 -0
vt -1.620915 -0
vt -1.620915 1.6732026
vt -1.7777778 1.6732026
vt -1.7777778 3.9738562
vt -1.620915 3.9738562
vt 2.0392158 0.13071896
vt 0.8888889 0.13071896
vt 2.0392158 0.078431375
vt 1.6732026 0.078431375
vt 1.6732026 0.13071896
vt -0.7058824 0.13071896
vt -0.8104575 0.13071896
vt -0.7058824 0.078431375
vt -1.4117647 3.24183
vt -1.620915 3.24183
vt -1.4117647 3.9738562
vt -1.4117647 -0
vt -1.4117647 0.104575165
vt 1.5686275 0.078431375
vt 1.5686275 0.13071896
vt -1.4117647 1.6732026
vt -1.620915 3.0326798
vt -1.4117647 3.0326798
vt 0.2875817 0.18300654
vt 0.26143792 0.18300654
vt 0.26143792 0.20915033
vt 0.2875817 0.20915033
vt -0.18300654 0.20915033
vt -0.23529412 0.20915033
vt -0.23529412 0.18300654
vt -0.18300654 0.18300654
vt -0.18300654 0.26143792
vt -0.23529412 0.26143792
vt -0.23529412 0.2875817
vt -0.18300654 0.2875817
vt 0.7124183 -0
vt 0.7124183 0.052287582
vt -0.045751635 0.12418301
vt -0.07189543 0.12418301
vt -0.07189543 0.07189543
vt -0.045751635 0.07189543
vt -0.18300654 0.7124183
vt -0.20915033 0.7124183
vt -0.18300654 0.8366013
vt -0.18300654 -0
vt -0.20915033 -0
vt 0.62091506 -0
vt -0.3398693 -0
vt 0.62091506 0.052287582
vt -0.20915033 -0.3398693
vt -0.20915033 0.62091506
vt -0.18300654 0.62091506
vt 0.62091506 0.026143791
vt 0.7124183 0.026143791
vt -0.045751635 0.09803922
vt -0.07189543 0.09803922
vt -0.045751635 0.7647059
vt -0.07189543 0.7647059
vt -0.07189543 0.67320263
vt -0.045751635 0.67320263
vt 0.9705882 -0
vt 0.003267974 -0
vt 0.003267974 0.36601308
vt 0.9705882 0.36601308
vt 0.4509804 0.36601308
vt 0.52287585 0.36601308
vt 0.52287585 -0
vt 0.4509804 -0
vt 0.003267974 0.4509804
vt 0.003267974 0.52287585
vt 0.9705882 0.52287585
vt 0.9705882 0.4509804
vt 0.8888889 0.49019608
vt -0.078431375 0.49019608
vt -0.078431375 0.12418301
vt 0.8888889 0.12418301
vt 0.7647059 0.12418301
vt 0.7647059 0.49019608
vt -0.07189543 0.49019608
vt -0.20915033 0.49019608
vt -0.20915033 0.12418301
vt 0.8464052 0.3137255
vt 0.8464052 0.4509804
vt 0.9705882 0.3137255
vt 0.3137255 -0
vt 0.3137255 0.36601308
vt 0.8464052 0.36601308
vt 0.8464052 -0
vt 0.67320263 0.12418301
vt -0.2875817 0.12418301
vt -0.2875817 0.49019608
vt 0.67320263 0.49019608
vt -0.20588236 0.3137255
vt -0.20588236 0.4509804
vt 0.75490195 0.4509804
vt 0.75490195 0.3137255
vt 0.75490195 0.36601308
vt -0.20588236 0.36601308
vt -0.20588236 -0
vt 0.75490195 -0
vt 0.7647059 0.24183007
vt 0.67320263 0.24183007
vt -0.20915033 0.24183007
vt -0.07189543 0.24183007
vt -0.20915033 0.67320263
vt -0.20915033 0.7647059
vt 0.75490195 0.11764706
vt 0.8464052 0.11764706
vt 0.74509805 0.026143791
vt 0.5816994 0.026143791
vt 0.5816994 0.05882353
vt 0.74509805 0.05882353
vt -0.15686275 0.05882353
vt -0.18300654 0.05882353
vt -0.15686275 0.026143791
vt -0.15686275 0.5816994
vt -0.18300654 0.5816994
vt -0.18300654 0.74509805
vt -0.15686275 0.74509805
vt -0.6928105 -1.614379
vt -1.496732 -1.614379
vt -1.496732 1.9738562
vt -0.6928105 1.9738562
vt -1.375817 2.2107842
vt -0.9444444 2.2107842
vt -0.9444444 -1.377451
vt -1.375817 -1.377451
vt -1.1503268 -1.1405228
vt -1.1503268 -0.7091503
vt -0.34640524 -0.7091503
vt -0.34640524 -1.1405228
vt 1.0408497 -1.253268
vt 0.6094771 -1.253268
vt 0.6094771 2.3349674
vt 1.0408497 2.3349674
vt -0.34640524 2.2107842
vt -1.1503268 2.2107842
vt -1.1503268 -1.377451
vt -0.34640524 -1.377451
vt -0.42810458 -1.253268
vt -0.66993463 -1.253268
vt -0.66993463 2.3349674
vt -0.42810458 2.3349674
vt 0.7124183 1.9738562
vt 0.47058824 1.9738562
vt 0.47058824 -1.614379
vt 0.7124183 -1.614379
vt -0.5882353 -0.7091503
vt -0.5882353 -0.46732026
vt -0.34640524 -0.46732026
vt 0.36764705 -1.253268
vt 0.36764705 2.3349674
vt -0.9346405 1.9738562
vt -0.9346405 -1.614379
vt -0.78104573 -1.253268
vt -1.2320261 -1.253268
vt -1.2320261 2.3349674
vt -0.78104573 2.3349674
vt -0.70261437 2.2107842
vt -0.70261437 -1.377451
vt -1.1503268 -0.46732026
vt -0.6993464 -0.46732026
vt -0.6993464 -0.7091503
vt -1.0457517 1.9738562
vt -1.0457517 -1.614379
vt -0.66993463 0.8186275
vt -0.78104573 0.8186275
vt 0.47058824 0.45751634
vt 0.7124183 0.45751634
vt 0.7124183 -1.0457517
vt 0.47058824 -1.0457517
vt 0.47058824 -0.9346405
vt 0.7124183 -0.9346405
vt -1.0457517 0.45751634
vt -0.9346405 0.45751634
vt -0.78104573 0.6617647
vt -0.66993463 0.6617647
vt 0.7124183 0.3006536
vt 0.47058824 0.3006536
vt -0.9346405 0.3006536
vt -1.0457517 0.3006536
vt -0.8888889 0.26143792
vt -1.0457517 0.26143792
vt -1.0457517 0.2875817
vt 0.73202616 0.2875817
vt 0.052287582 0.2875817
vt 0.052287582 0.26143792
vt 0.73202616 0.26143792
vt 0.73202616 -1.0457517
vt 0.052287582 -1.0457517
vt 0.052287582 -0.8888889
vt 0.73202616 -0.8888889
vt -0.9411765 0.26143792
vt -0.9411765 0.2875817
vt 0.052287582 -0.9411765
vt 0.73202616 -0.9411765
vt -0.5163399 -1.620915
vt -0.9346405 -1.620915
vt -0.9346405 0.6535948
vt -0.5163399 0.6535948
vt -0.11764706 0.6535948
vt -0.3137255 0.6535948
vt -0.3137255 -1.620915
vt -0.11764706 -1.620915
vt -1.3218955 -0.22222222
vt -1.3218955 -0.026143791
vt -0.9035948 -0.026143791
vt -0.9035948 -0.22222222
vt 0.4640523 -1.253268
vt 0.26797387 -1.253268
vt 0.26797387 1.0212418
vt 0.4640523 1.0212418
vt -0.9035948 0.89705884
vt -1.3218955 0.89705884
vt -1.3218955 -1.377451
vt -0.9035948 -1.377451
vt -1.0457517 -1.620915
vt -1.3398693 -1.620915
vt -1.3398693 0.6862745
vt -1.0457517 0.6862745
vt -0.22222222 0.9297386
vt -0.026143791 0.9297386
vt -0.026143791 -1.377451
vt -0.22222222 -1.377451
vt -1.7271242 -0.22222222
vt -1.7271242 -0.026143791
vt -1.4330065 -0.026143791
vt -1.4330065 -0.22222222
vt -0.3137255 0.6862745
vt -0.11764706 0.6862745
vt -1.4330065 0.9297386
vt -1.7271242 0.9297386
vt -1.7271242 -1.377451
vt -1.4330065 -1.377451
vt -0.9346405 0.6862745
vt -0.3137255 0.45751634
vt -0.11764706 0.45751634
vt -0.11764706 -1.0457517
vt -0.3137255 -1.0457517
vt -0.3137255 -0.9346405
vt -0.11764706 -0.9346405
vt -1.3218955 0.9297386
vt -1.4330065 0.70098037
vt -1.3218955 0.70098037
vt -0.11764706 0.3006536
vt -0.3137255 0.3006536
vt -1.3218955 0.5441176
vt -1.4330065 0.5441176
vt -0.6356209 -1.5686275
vt -1.4395425 -1.5686275
vt -1.4395425 0.7385621
vt -0.6356209 0.32026145
vt -0.019607844 0.9297386
vt -0.019607844 -1.377451
vt -1.7271242 -0.019607844
vt -0.92320263 -0.019607844
vt -0.92320263 -0.026143791
vt 0.26797387 -1.7124181
vt 0.26143792 -1.7124181
vt 0.26143792 0.59477127
vt 0.26797387 0.59477127
vt -0.53594774 0.26797387
vt -0.53594774 -1.620915
vt -1.004902 -1.253268
vt -1.8088236 -1.253268
vt -1.8088236 1.0539216
vt -1.004902 0.6356209
vt 0.33333334 0.9297386
vt 0.4509804 0.9297386
vt 0.4509804 -1.377451
vt 0.33333334 -1.377451
vt -1.7271242 0.33333334
vt -1.7271242 0.4509804
vt -0.92320263 0.4509804
vt -0.92320263 0.33333334
vt -0.09150327 -1.7124181
vt -0.20915033 -1.7124181
vt -0.20915033 0.59477127
vt -0.09150327 0.59477127
vt -0.7336601 -1.5686275
vt -0.7336601 0.37127373
vt -0.19607843 0.37127373
vt -0.54901963 0.37127373
vt -0.54901963 -1.5686275
vt -0.19607843 -1.5686275
vt -1.0212418 -0.019607844
vt -1.0212418 0.33333334
vt -1.2303921 -1.5686275
vt -1.2303921 0.6297359
vt -1.5179739 0.33333334
vt -1.5179739 -0.019607844
vt -0.54901963 0.6297359
vt -0.19607843 0.6297359
vt -1.1255106 0.5751634
vt -1.2303921 0.5751634
vt -0.54901963 0.5751634
vt -0.19607843 0.5751634
vt -0.19607843 -1.112745
vt -0.54901963 -1.112745
vt -0.54901963 -1.0078635
vt -0.19607843 -1.0078635
vt -1.4130924 -0.019607844
vt -1.4130924 0.33333334
vt -1.2303921 0.3398693
vt -0.7336601 0.3398693
vt -0.19607843 0.3398693
vt -0.54901963 0.3398693
vt -0.19607843 -0.61601305
vt -0.54901963 -0.61601305
vt 0.62087876 -0.21859711
vt -0.7840336 -0.21855608
vt -0.81593263 0.015095606
vt 0.58897966 0.015054584
vt 1.0625 0.015625
vt -0.296875 0.015625
vt -0.296875 -0.21875
vt 1.0625 -0.21875
vt 1.0625 -0.796875
vt -0.296875 -0.796875
vt -0.296875 0.609375
vt 1.0625 0.609375
vt -1.1156627 -0.96059114
vt -1.3855422 -0.96059114
vt -1.3855422 1.0098522
vt -1.1156627 1.0098522
vt 2.0216868 1.0098522
vt 0.7493976 1.0098522
vt 0.7493976 -0.96059114
vt 2.0216868 -0.96059114
vt 2.0216868 -1.3940886
vt 0.7493976 -1.3940886
vt 0.7493976 -1.1182266
vt 2.0216868 -1.1182266
vt 6.2766943 1.4058577
vt 5.2367687 1.4058577
vt 5.2367687 3.748954
vt 6.2766943 3.748954
vt 2.3881152 3.748954
vt 2.2395544 3.748954
vt 2.2395544 1.4058577
vt 2.3881152 1.4058577
vt 2.3881152 8.870293
vt 2.2395544 8.870293
vt 2.2395544 10.432357
vt 2.3881152 10.432357
vt 0.54901963 0.078431375
vt 0.53594774 0.078431375
vt 0.53594774 0.09150327
vt 0.54901963 0.09150327
vt -0.013071896 0.09150327
vt -0.026143791 0.09150327
vt -0.026143791 0.078431375
vt -0.013071896 0.078431375
vt -0.013071896 0.53594774
vt -0.026143791 0.53594774
vt -0.026143791 0.54901963
vt -0.013071896 0.54901963
vt 0.21912721 0.033472802
vt -0.08913649 0.033472802
vt -0.08913649 0.08926081
vt 0.21912721 0.08926081
vt 0.06685237 0.08926081
vt 0.037140206 0.08926081
vt 0.037140206 0.033472802
vt 0.06685237 0.033472802
vt 0.06685237 -0.13389121
vt 0.037140206 -0.13389121
vt 0.037140206 0.32914925
vt 0.06685237 0.32914925
vt 7.084967 0.78431374
vt -0.627451 0.78431374
vt -0.627451 2.2222223
vt 7.084967 2.2222223
vt 7.0588236 2.2222223
vt 6.27451 2.2222223
vt 6.27451 0.78431374
vt 7.0588236 0.78431374
vt 7.0588236 -0.627451
vt 6.27451 -0.627451
vt 6.27451 7.084967
vt 7.0588236 7.084967
vt 0.5163399 0.22222222
vt -0.20261438 0.22222222
vt -0.20261438 0.23529412
vt 0.5163399 0.23529412
vt 0.49673203 0.23529412
vt 0.40522876 0.23529412
vt 0.40522876 0.22222222
vt 0.49673203 0.22222222
vt 0.49673203 -0.20261438
vt 0.40522876 -0.20261438
vt 0.40522876 0.5163399
vt 0.49673203 0.5163399
vt 7.084967 2.4575164
vt -0.627451 2.4575164
vt -0.627451 3.8954248
vt 7.084967 3.8954248
vt 7.0588236 3.8954248
vt 6.27451 3.8954248
vt 6.27451 2.4575164
vt 7.0588236 2.4575164
vt 0.5816994 0.078431375
vt -0.32026145 0.078431375
vt -0.32026145 0.37908497
vt 0.5816994 0.37908497
vt 0 0.37908497
vt -0.14379086 0.37908497
vt -0.14379086 0.078431375
vt 0 0.078431375
vt 0 -0.32026145
vt -0.14379086 -0.32026145
vt -0.14379086 0.5816994
vt 0 0.5816994
vt 0.13071896 0.15686275
vt 0.104575165 0.15686275
vt 0.104575165 0.16993465
vt 0.13071896 0.16993465
vt 0.53594774 0.16993465
vt 0.52287585 0.16993465
vt 0.52287585 0.15686275
vt 0.53594774 0.15686275
vt 0.53594774 0.104575165
vt 0.52287585 0.104575165
vt 0.52287585 0.13071896
vt 0.53594774 0.13071896
vt -0.15686275 -0.22222222
vt -0.2875817 -0.22222222
vt -0.2875817 0.26143792
vt -0.15686275 0.26143792
vt 1.1895425 0.26143792
vt 1.0588236 0.26143792
vt 1.0588236 -0.22222222
vt 1.1895425 -0.22222222
vt 1.1895425 -0.2875817
vt 1.0588236 -0.2875817
vt 1.0588236 -0.15686275
vt 1.1895425 -0.15686275
vt -0.15686275 0.013071896
vt -0.28758168 -0.22222222
vt -0.28758168 0.013071896
vt -0.08819093 -0.22411588
vt -0.21890987 -0.22411588
vt 0.016384237 0.008295695
vt 1.1895425 0.013071896
vt 1.0588236 0.013071896
vt 1.223021 -0.15404472
vt 1.0923021 -0.15404472
vt 1.105374 -0.28239205
vt 1.2360929 -0.28239205
vt 1.16938 -0.22429687
vt 1.038661 -0.22429687
vt 1.0255891 0.008473116
vt 1.156308 0.008473116
vt -0.112608515 -0.22354549
vt -0.0545112 0.010012558
vt -0.18523014 0.010012558
vt -0.2875817 0.013071896
vt 1.1386169 -0.78104573
vt 1.280872 -0.78104573
vt 1.3814616 -0.68883866
vt 1.3814616 -0.55843806
vt 1.280872 -0.46623096
vt 1.1386169 -0.46623096
vt 1.0380273 -0.55843806
vt 1.0380273 -0.68883866
vt 0.23556618 -1.9215686
vt 0.23556618 -1.5686275
vt 0.14351873 -1.5686275
vt 0.14351873 -1.9215686
vt 0.339598 -1.9215686
vt 0.339598 -1.5686275
vt 0.2745106 -1.5686275
vt 0.2745106 -1.9215686
vt -0.6604028 -1.9215686
vt -0.6604028 -1.5686275
vt -0.5683553 -1.5686275
vt -0.5683553 -1.9215686
vt 0.078431375 -1.9215686
vt 0.078431375 -1.5686275
vt -0.5032688 -1.9215686
vt -0.5032688 -1.5686275
vt -0.56835616 -1.5686275
vt -0.56835616 -1.9215686
vt -0.72549254 -1.9215686
vt -0.72549254 -1.5686275
vt -0.66040516 -1.5686275
vt -0.66040516 -1.9215686
vt 0.14351873 -0.7254902
vt 0.078431375 -0.6604028
vt 0.078431375 -0.5683553
vt 0.14351873 -0.503268
vt 0.23556618 -0.503268
vt 0.3006536 -0.5683553
vt 0.3006536 -0.6604028
vt 0.23556618 -0.7254902
vt 0.11737494 -0.5294118
vt 0.26171 -0.5294118
vt 1.3212761 -1.9215686
vt 1.3212761 -1.5947713
vt 1.0982128 -1.5947713
vt 1.0982128 -1.9215686
vt 0.11737494 -1.5686275
vt 0.11737494 -1.2418301
vt 0.14351873 -1.2418301
vt -0.5032688 -1.2418301
vt -0.52941257 -1.2418301
vt -0.52941257 -1.5686275
vt 0.23556618 -1.2418301
vt 1.3212761 -0.503268
vt 1.0982128 -0.503268
vt 0.10430305 -0.6862745
vt 0.27478188 -0.6862745
vt 0.31372628 -1.5686275
vt 0.31372628 -1.2418301
vt 0.2745106 -1.2418301
vt 0.2546275 -1.5686275
vt 0.2546275 -1.2418301
vt 0.21541181 -1.2418301
vt 0.21541181 -1.5686275
vt 1.0780108 -1.9215686
vt 1.0780108 -1.5947713
vt 1.3414781 -1.5947713
vt 1.3414781 -1.9215686
vt 1.0780108 -0.7254902
vt 1.3414781 -0.7254902
vt 0.078431375 -0.6038763
vt 0.14669052 -0.5294118
vt 0.14351882 -1.9215686
vt 0.14351882 -1.5947713
vt 0.038027395 -1.5947713
vt 0.038027395 -1.9215686
vt -0.6038763 -1.5686275
vt -0.6038763 -1.2418301
vt -0.5683553 -1.2418301
vt 0.078431375 -1.2418301
vt 1.1435187 -1.5947713
vt 1.1435187 -1.9215686
vt 1.1435187 -0.503268
vt 1.0380273 -0.6087594
vt 0.20625065 -0.6862745
vt 0.3006536 -0.58328944
vt 0.339598 -1.2418301
vt 1.2355661 -1.5947713
vt 1.2355661 -1.9215686
vt -0.58328944 -1.5686275
vt -0.58328944 -1.2418301
vt -0.6604028 -1.2418301
vt 0.27451065 -1.9215686
vt 0.27451065 -1.5947713
vt 0.4204061 -1.5947713
vt 0.4204061 -1.9215686
vt 1.2355661 -0.7254902
vt 1.3814616 -0.57959473
vt 0.14669052 -0.6862745
vt 0.078431375 -0.61180997
vt -0.6200011 -1.9215686
vt -0.6200011 -1.5947713
vt -0.72549254 -1.5947713
vt -0.61180997 -1.2418301
vt -0.61180997 -1.5686275
vt 0.18954012 -1.2418301
vt 0.18954012 -1.5686275
vt 1.0380273 -0.6199988
vt 1.1435187 -0.7254902
vt 0.20625065 -0.5294118
vt 0.2781461 -0.60784316
vt -0.6143799 -1.9215686
vt -0.6143799 -1.5947713
vt -0.5032688 -1.5947713
vt 0.38562176 -1.5947713
vt 0.38562176 -1.9215686
vt -0.56835616 -1.2418301
vt 1.3466773 -0.6143791
vt 1.2355661 -0.503268
vt 0.24836601 -0.57535577
vt 0.24836601 -0.6403305
vt 0.339598 -1.5947713
vt -0.66040283 -1.9215686
vt -0.66040283 -1.5947713
vt -0.5683554 -1.5947713
vt -0.5683554 -1.9215686
vt -0.56835616 -1.5947713
vt 1.3006536 -0.66040283
vt 1.3006536 -0.5683554
vt 0.104575165 -0.6403305
vt 0.104575165 -0.57535577
vt 0.07843144 -1.5947713
vt 0.07843144 -1.9215686
vt -0.66040516 -1.5947713
vt 1.0784314 -0.5683554
vt 1.0784314 -0.66040283
vt -0.07843138 0.5654528
vt -0.07843138 1.2041992
vt 0.8734403 1.329972
vt 1.8283552 -1.8169935
vt 1.8283552 -1.6862745
vt 0.8412019 -1.6862745
vt 0.8412019 -1.8169935
vt 1.2039789 0.09978243
vt 1.07326 0.09978243
vt 1.07326 -0.23133014
vt 1.2039789 -0.23133014
vt 1.2002542 0.563141
vt 1.0695353 0.563141
vt 1.0695353 1.3219652
vt 1.2002542 1.3219652
vt 0.98452 1.329972
vt -0.056415547 1.2041992
vt -0.056415547 0.5654528
vt -0.20677364 0.49673203
vt -0.31372553 0.49673203
vt -0.31372553 1.1731093
vt -0.20677364 1.187241
vt 1.2026144 1.3299719
vt 1.0718955 1.3299719
vt 1.0718955 0.49673203
vt 1.2026144 0.49673203
vt 1.2039789 -0.27597454
vt 1.07326 -0.27597454
vt 1.07326 -0.3131782
vt 1.2039789 -0.3131782
vt 1.2026144 -0.3137255
vt 1.0718955 -0.3137255
vt 1.0718955 -0.18300654
vt 1.2026144 -0.18300654
vt 0.73499703 -1.8169935
vt 0.73499703 -1.6862745
vt 1.8021472 -1.6862745
vt 1.8021472 -1.8169935
vt -0.31372547 1.1731093
vt -0.31372547 0.49673203
vt -0.1967664 0.49673203
vt -0.1967664 1.187241
vt -0.16399288 0.49673203
vt -0.20677364 0.61727875
vt -0.07843138 0.7610696
vt 0.14351882 -1.8169935
vt 0.14351882 -1.6862745
vt -0.07870339 -1.6862745
vt -0.07870339 -1.8169935
vt 0.9212965 -1.8169935
vt 0.9212965 -1.6862745
vt 1.0718955 -0.13071896
vt 1.2026144 -0.13071896
vt 1.2002542 0.4949321
vt 1.0695353 0.4949321
vt 1.1435187 -1.6862745
vt 1.1435187 -1.8169935
vt -0.056415547 0.7610696
vt -0.1967664 0.61727875
vt -0.1499828 0.49673203
vt -0.07843138 0.9644206
vt -0.20677364 0.8206297
vt 0.27451065 -1.8169935
vt 0.27451065 -1.6862745
vt 0.49673286 -1.6862745
vt 0.49673286 -1.8169935
vt 1.2355661 -1.6862745
vt 1.2355661 -1.8169935
vt 1.4577883 -1.8169935
vt 1.4577883 -1.6862745
vt -0.1967664 0.8206297
vt -0.056415547 0.9644206
vt -0.20677364 0.7610696
vt -0.1426025 0.6891742
vt -0.61438143 -1.8169935
vt -0.61438143 -1.6862745
vt -0.72549254 -1.6862745
vt -0.72549254 -1.8169935
vt 0.032407712 -1.6862745
vt 0.032407712 -1.8169935
vt -0.12659098 0.6891742
vt -0.1967664 0.7610696
vt -0.07843138 0.8206297
vt -0.1426025 0.8925252
vt 0.38562176 -1.6862745
vt 0.38562176 -1.8169935
vt -0.6143799 -1.8169935
vt -0.6143799 -1.6862745
vt -0.5032688 -1.6862745
vt -0.5032688 -1.8169935
vt -0.12659098 0.8925252
vt -0.056415547 0.8206297
vt -0.11602196 0.8627451
vt -0.16918308 0.8627451
vt 0.339598 -1.6862745
vt 0.339598 -1.8169935
vt -0.66040283 -1.8169935
vt -0.66040283 -1.6862745
vt -0.5683554 -1.6862745
vt -0.5683554 -1.8169935
vt -0.56835616 -1.8169935
vt -0.56835616 -1.6862745
vt -0.1556586 0.8627451
vt -0.09752336 0.8627451
vt -0.16918308 0.71895427
vt -0.11602196 0.71895427
vt -0.66040516 -1.8169935
vt -0.66040516 -1.6862745
vt 0.07843144 -1.6862745
vt 0.07843144 -1.8169935
vt -0.1556586 0.71895427
vt -0.09752336 0.71895427
vt 0.001633987 0.078431375
vt 0.001633987 0.2875817
vt 0.52287585 0.2875817
vt 0.3529412 0.2875817
vt 0.3529412 0.078431375
vt 0.52287585 0.078431375
vt 0.52287585 -0.18300654
vt 0.3529412 -0.18300654
vt 0.3529412 0.001633987
vt 0.52287585 0.001633987
vt 0.20751634 4.7147527
vt 0.20751634 1.0546219
vt -0.5375817 1.0546219
vt -0.5375817 4.7147527
vt -0.22712418 4.7287583
vt -0.33169934 5.513072
vt -0.33169934 1.8529412
vt -0.22712418 1.8529412
vt -0.22712418 -2.2794118
vt -0.33169934 -2.2794118
vt -0.33169934 1.4460784
vt -0.22712418 1.4460784
vt -1.3077343 1.4460784
vt -1.464597 1.4460784
vt -1.464597 -2.2794118
vt -1.3077343 -2.2794118
vt 0.20751634 1.8529412
vt 0.20751634 4.7287583
vt -0.5375817 4.7287583
vt -0.5375817 1.8529412
vt 0.15970288 0.11157601
vt -0.08913649 0.11157601
vt -0.08913649 0.117154814
vt 0.15970288 0.117154814
vt 0.103992574 0.117154814
vt 0.08913649 0.117154814
vt 0.08913649 0.11157601
vt 0.103992574 0.11157601
vt 0.103992574 -0.13389121
vt 0.08913649 -0.13389121
vt 0.08913649 0.23988843
vt 0.103992574 0.23988843
vt 1.1505017 0.95238096
vt -0.64214045 0.95238096
vt -0.64214045 1
vt 1.1505017 1
vt 0.74916387 1
vt 0.21404682 1
vt 0.21404682 0.95238096
vt 0.74916387 0.95238096
vt 0.74916387 -1.1428572
vt 0.21404682 -1.1428572
vt 0.21404682 2.047619
vt 0.74916387 2.047619
vt -0.08913649 0.114365414
vt 0.15970288 0.114365414
vt 0.103992574 0.114365414
vt 0.08913649 0.114365414
vt 0.5751634 0.627451
vt 0.53594774 0.627451
vt 0.53594774 0.6405229
vt 0.5751634 0.6405229
vt 0.44444445 0.6405229
vt -0.3006536 0.6405229
vt -0.3006536 0.627451
vt 0.44444445 0.627451
vt 0.44444445 0.53594774
vt -0.3006536 0.53594774
vt -0.3006536 0.5751634
vt 0.44444445 0.5751634
vt -3.0277777 0.24237475
vt -3.5506537 0.24237475
vt -3.5506537 0.9395425
vt -3.0277777 0.9395425
vt 2.0931373 0.9395425
vt -0.52124184 0.9395425
vt -0.52124184 0.24237475
vt 2.0931373 0.24237475
vt 2.0931373 -2.3208063
vt -0.52124184 -2.3208063
vt -0.52124184 -1.9722224
vt 2.0931373 -1.9722224
vt -0.077108435 0.1182266
vt -0.34698796 0.1182266
vt -0.34698796 1.0640393
vt -0.077108435 1.0640393
vt 1.0216868 0.9852217
vt 0.886747 0.9852217
vt 0.886747 0.039408866
vt 1.0216868 0.039408866
vt 1.0216868 -1.3940886
vt 0.886747 -1.3940886
vt 0.886747 -1.1182266
vt 1.0216868 -1.1182266
vt -1.1156627 0.9852217
vt -1.3855422 0.9852217
vt -1.3855422 0.039408866
vt -1.1156627 0.039408866
vt 0.34698796 0.9852217
vt -0.25060242 0.9852217
vt -0.25060242 0.039408866
vt 0.34698796 0.039408866
vt 0.34698796 -1.3940886
vt -0.25060242 -1.3940886
vt -0.25060242 -1.1182266
vt 0.34698796 -1.1182266
vt -0.077108435 0.63054186
vt -0.34698796 0.63054186
vt 0.34698796 0.55172414
vt 0.886747 0.55172414
vt 0.7710843 -0.3546798
vt 0.2313253 -0.3546798
vt 0.2313253 -0.07881773
vt 0.7710843 -0.07881773
vt -0.23529412 0.078431375
vt -0.052287582 0.26143792
vt 0.6013072 0.20915033
vt 0.23529412 0.20915033
vt 0.23529412 0.026143791
vt 0.6013072 0.026143791
vt 0.6013072 -0.9248366
vt 0.23529412 -0.9248366
vt 0.23529412 -0.74183005
vt 0.6013072 -0.74183005
vt 0.52287585 -0.052287582
vt 0.15686275 -0.052287582
vt 0.15686275 -0.23529412
vt 0.52287585 -0.23529412
vt -0.03125 0.046875
vt -0.140625 0.046875
vt -0.140625 0.15625
vt -0.03125 0.15625
vt 0.359375 0.125
vt 0.140625 0.125
vt 0.140625 0.015625
vt 0.359375 0.015625
vt 0.359375 -0.5527344
vt 0.140625 -0.5527344
vt 0.140625 -0.44335938
vt 0.359375 -0.44335938
vt 0.3125 -0.03125
vt 0.09375 -0.03125
vt 0.09375 -0.140625
vt 0.3125 -0.140625
vt 0.25 0.0625
vt -0.25 0.0625
vt -0.25 0.375
vt 0.25 0.375
vt 0.4375 0.375
vt -0.1875 0.375
vt -0.1875 0.0625
vt 0.4375 0.0625
vt 0.4375 -0.25
vt -0.1875 -0.25
vt -0.1875 0.25
vt 0.4375 0.25
vt 4.183007 -0.052287582
vt 2.1960785 -0.052287582
vt 2.1960785 1.0980393
vt 4.183007 1.0980393
vt -1.9346405 1.0980393
vt -2.248366 1.0980393
vt -2.248366 -0.052287582
vt -1.9346405 -0.052287582
vt -1.9346405 2.1960785
vt -2.248366 2.1960785
vt -2.248366 4.183007
vt -1.9346405 4.183007
vt 1.8300654 0.3137255
vt 1.5686275 0.3137255
vt 1.5686275 0.8366013
vt 1.8300654 0.8366013
vt 0 0.3137255
vt 0.104575165 0.3137255
vt 0.104575165 1.5686275
vt 0 1.5686275
vt 0 1.8300654
vt 0.104575165 1.8300654
vt 1.882353 0.9411765
vt 0.8366013 0.9411765
vt 0.8366013 0.99346405
vt 1.882353 0.99346405
vt 0.20915033 0.99346405
vt -0.47058824 0.9411765
vt 0.20915033 0.9411765
vt -0.47058824 0.8366013
vt -0.47058824 1.882353
vt 0.20915033 1.882353
vt 1.8795266 0.30158713
vt 1.5658011 0.30158713
vt 1.8795266 0.50523156
vt -0.41830066 1.8300654
vt -0.627451 1.8300654
vt -0.627451 1.5163399
vt -0.41830066 1.5163399
vt -0.41830066 0.3137255
vt -0.627451 0.3137255
vt -0.627451 0.52287585
vt -0.41830066 0.52287585
vt 1.8300654 0.3398693
vt 1.751634 0.3398693
vt 1.751634 0.41830066
vt 1.8300654 0.41830066
vt -0.20915033 0.41830066
vt -0.52287585 0.41830066
vt -0.52287585 0.3398693
vt -0.20915033 1.751634
vt -0.52287585 1.751634
vt -0.52287585 1.8300654
vt -0.20915033 1.8300654
vt 1.5163399 0.3398693
vt -0.22293624 0.37683326
vt -0.53666174 0.37683326
vt -0.53666174 0.30284086
vt -0.22293624 0.30284086
vt -0.21877468 0.5643358
vt -0.53250015 0.5643358
vt -0.53250015 0.6406856
vt -0.21877468 0.6406856
vt 1.7572362 0.41830066
vt 1.5387487 0.3398693
vt 1.5163399 0.3137255
vt 1.5163399 0.8888889
vt 1.620915 0.8888889
vt 0 0.8888889
vt -0.23529412 0.8888889
vt -0.23529412 0.3137255
vt -0.23529412 1.8300654
vt -0.23529412 1.9346405
vt 0 1.9346405
vt 1.9346405 0.8888889
vt 1.9346405 0.3137255
vt -0.49673203 0.8888889
vt -0.6797386 0.8888889
vt -0.6797386 0.3137255
vt -0.49673203 0.3137255
vt -0.49673203 1.8300654
vt -0.6797386 1.8300654
vt -0.6797386 1.9346405
vt -0.49673203 1.9346405
vt 1.620915 0.627451
vt 1.5163399 0.627451
vt -0.49673203 0.627451
vt -0.23529412 0.627451
vt -0.23529412 1.5163399
vt -0.49673203 1.5163399
vt -0.49673203 1.620915
vt -0.23529412 1.620915
vt 1.5163399 0.41830066
vt 1.620915 0.41830066
vt -0.23529412 0.41830066
vt -0.49673203 0.41830066
vt 1.8300654 0.6013072
vt 0.9411765 0.6013072
vt 0.9411765 0.627451
vt 1.8300654 0.627451
vt -0.627451 0.627451
vt -0.6797386 0.627451
vt -0.6797386 0.6013072
vt -0.627451 0.6013072
vt -0.627451 0.9411765
vt -0.6797386 0.9411765
vt 1.6993464 0.3398693
vt 1.4901961 0.3398693
vt 1.4901961 0.8627451
vt 1.6993464 0.8627451
vt -0.36601308 0.8627451
vt -0.41830066 0.8627451
vt -0.41830066 0.3398693
vt -0.36601308 0.3398693
vt -0.44444445 1.4901961
vt -0.49673203 1.4901961
vt -0.49673203 1.6993464
vt -0.44444445 1.6993464
vt -0.44444445 0.3398693
vt -0.49673203 0.3398693
vt -0.44444445 0.8627451
vt 1.2287582 0.3398693
vt 1.0980393 0.3398693
vt 1.0980393 0.8627451
vt 1.2287582 0.8627451
vt -0.44444445 1.0980393
vt -0.49673203 1.0980393
vt -0.49673203 1.2287582
vt -0.44444445 1.2287582
vt 1.4901961 0.627451
vt 1.2287582 0.627451
vt -0.41830066 0.627451
vt -0.36601308 0.627451
vt -0.36601308 1.2287582
vt -0.41830066 1.2287582
vt -0.41830066 1.4901961
vt -0.36601308 1.4901961
vt 1.2287582 0.36601308
vt 1.4901961 0.36601308
vt -0.36601308 0.36601308
vt -0.41830066 0.36601308
vt -0.52287585 0.104575165
vt -0.52287585 -0
vt -0.52287585 1.6732026
vt -0.52287585 3.9738562
vt 1.9869281 0.52287585
vt 0.8366013 0.52287585
vt 0.8366013 0.47058824
vt 1.9869281 0.47058824
vt 1.4117647 0.52287585
vt -0.078431375 0.52287585
vt -0.26143792 0.52287585
vt -0.26143792 0.47058824
vt -0.078431375 0.47058824
vt -0.15686275 2.8235295
vt -0.52287585 2.8235295
vt -0.15686275 3.9738562
vt -0.15686275 -0
vt -0.15686275 0.104575165
vt 1.2026144 0.47058824
vt 1.2026144 0.52287585
vt -0.15686275 1.6732026
vt -0.52287585 2.4052289
vt -0.15686275 2.4052289
vt 1.5163399 0.52287585
vt 1.0718955 0.52287585
vt 1.0718955 0.54901963
vt 1.5163399 0.54901963
vt 0 0.36601308
vt -0.078431375 0.36601308
vt -0.078431375 0.3398693
vt 0 0.3398693
vt 0 1.0718955
vt -0.078431375 1.0718955
vt -0.078431375 1.5163399
vt 0 1.5163399
vt 1.5163399 0.36601308
vt 1.0718955 0.36601308
vt 1.0718955 0.3398693
vt -0.26143792 0.36601308
vt -0.26143792 0.3398693
vt -0.26143792 1.0718955
vt -0.41830066 1.0718955
vt -0.26143792 1.5163399
vt 1.4117647 0.54901963
vt -0.078431375 0.54901963
vt -0.26143792 0.54901963
vt -0.078431375 1.4117647
vt -0.26143792 1.4117647
vt 1.2026144 0.54901963
vt -0.26143792 1.2026144
vt -0.078431375 1.2026144
vt 2.8235295 0.6797386
vt 2.4052289 0.6797386
vt 2.4052289 0.73202616
vt 2.8235295 0.73202616
vt -0.15686275 0.73202616
vt -0.52287585 0.73202616
vt -0.52287585 0.6797386
vt -0.15686275 0.6797386
vt 1.1555556 0.23529412
vt 1.0718955 0.23529412
vt 1.0718955 0.73202616
vt 1.1555556 0.66928107
vt -0.3311547 0.6797386
vt -0.41830066 0.73202616
vt -0.41830066 0.23529412
vt -0.3311547 0.23529412
vt -0.3311547 1.0718955
vt -0.41830066 1.1555556
vt -0.3311547 1.1555556
vt -0.3311547 1.1416123
vt -0.41830066 0.66928107
vt -0.3311547 0.66928107
vt 1.1416123 0.6797386
vt 1.0718955 0.6797386
vt 0.7879085 0.23529412
vt 0.7042483 0.23529412
vt 0.7042483 0.73202616
vt 0.7879085 0.66928107
vt -1.4340957 0.6797386
vt -1.5212418 0.73202616
vt -1.5212418 0.23529412
vt -1.4340957 0.23529412
vt -1.4340957 0.7042483
vt -1.5212418 0.7042483
vt -1.5212418 0.7879085
vt -1.4340957 0.7879085
vt -1.5212418 0.70424837
vt -1.4340957 0.7739651
vt -1.5212418 0.66928107
vt -1.4340957 0.66928107
vt -1.4340959 0.7739651
vt -1.4340959 0.70424837
vt 0.77396506 0.6797386
vt 0.7042483 0.6797386
vt 0.9705882 0.4591503
vt -0.17973857 0.4591503
vt -0.17973857 0.8251634
vt 0.9705882 0.8251634
vt 0.40522876 0.8251634
vt 0.52287585 0.8251634
vt 0.52287585 0.4591503
vt 0.40522876 0.4591503
vt -0.17973857 0.40522876
vt -0.17973857 0.52287585
vt 0.9705882 0.40522876
vt 1.0849674 0.78431374
vt -0.06535948 0.78431374
vt -0.06535948 0.41830066
vt 1.0849674 0.41830066
vt 1.0718955 0.41830066
vt 1.0718955 0.78431374
vt 0.3137255 0.8251634
vt 0.3137255 0.4591503
vt -0.17973857 0.3137255
vt 0.9575163 0.40522876
vt 0.9575163 0.3137255
vt -0.19607843 0.41830066
vt -0.2875817 0.41830066
vt -0.2875817 0.78431374
vt -0.19607843 0.78431374
vt 0.9575163 0.8251634
vt 0.9575163 0.4591503
vt 1.0849674 0.7058824
vt 1.0718955 0.7058824
vt -0.2875817 0.7058824
vt -0.19607843 0.7058824
vt -0.19607843 1.0718955
vt -0.2875817 1.0718955
vt -0.2875817 1.0849674
vt -0.19607843 1.0849674
vt 0.3137255 0.746732
vt 0.40522876 0.746732
vt 0.9575163 0.746732
vt 0.9705882 0.746732
vt 1.1764706 0.3137255
vt 1.0196079 0.3137255
vt 1.0196079 0.8888889
vt 1.1764706 0.8888889
vt -0.13071896 0.8888889
vt -0.13071896 0.3137255
vt -0.13071896 0.9411765
vt -0.13071896 1.0980393
vt 0 1.0980393
vt 1.0980393 0.8888889
vt 0.9411765 0.8888889
vt 0.9411765 0.3137255
vt 1.0980393 0.3137255
vt -0.2875817 0.8888889
vt -0.2875817 0.9411765
vt -0.6797386 1.0980393
vt -0.2875817 1.0980393
vt 1.0718955 0.3137255
vt 1.0718955 0.8888889
vt -0.13071896 0.99346405
vt 1.1764706 0.7058824
vt -0.13071896 0.7058824
vt -0.13071896 1.0718955
vt -0.2875817 1.1764706
vt -0.13071896 1.1764706
vt 1.1764706 0.36601308
vt -0.13071896 0.36601308
vt -0.2875817 0.36601308
vt 1.3071896 0.3398693
vt 1.1503268 0.3398693
vt 1.1503268 0.9150327
vt 1.3071896 0.9150327
vt -0.2369281 0.9150327
vt -0.36764705 0.9150327
vt -0.36764705 0.3398693
vt -0.2369281 0.3398693
vt -0.2369281 0.8088235
vt -0.36764705 0.8088235
vt -0.36764705 0.96568626
vt -0.2369281 0.96568626
vt 0.96568626 0.9150327
vt 0.8088235 0.9150327
vt 0.8088235 0.3398693
vt 0.96568626 0.3398693
vt -0.5245098 0.9150327
vt -0.7075163 0.9150327
vt -0.7075163 0.3398693
vt -0.5245098 0.3398693
vt -0.5245098 0.8088235
vt -0.7075163 0.8088235
vt -0.7075163 0.96568626
vt -0.5245098 0.96568626
vt 1.3071896 0.7058824
vt 1.1503268 0.7058824
vt -0.5245098 0.7058824
vt -0.36764705 0.7058824
vt -0.13071896 1.1503268
vt -0.2875817 1.1503268
vt -0.2875817 1.3071896
vt -0.13071896 1.3071896
vt 1.1503268 0.36601308
vt 1.3071896 0.36601308
vt -0.36764705 0.36601308
vt -0.5245098 0.36601308
vt 1.5424837 0.36601308
vt 1.4379085 0.36601308
vt 1.4379085 0.54901963
vt 1.5424837 0.54901963
vt 0.026143791 0.54901963
vt -0.104575165 0.54901963
vt -0.104575165 0.36601308
vt 0.026143791 0.36601308
vt 0.026143791 1.4379085
vt -0.104575165 1.4379085
vt -0.104575165 1.5424837
vt 0.026143791 1.5424837
vt 2.3006537 0.15686275
vt 1.6732026 0.15686275
vt 1.6732026 0.26143792
vt 2.3006537 0.26143792
vt 0.52287585 0.26143792
vt 0.8366013 1.6732026
vt 0.52287585 1.6732026
vt 0.52287585 2.3006537
vt 0.8366013 2.3006537
vt 0.8170845 0.044630405
vt 0.5125348 0.044630405
vt 0.5125348 0.24546723
vt 0.8170845 0.24546723
vt 0.19312906 0.24546723
vt 0.1262767 0.24546723
vt 0.1262767 0.044630405
vt 0.19312906 0.044630405
vt 0.19312906 0.76987445
vt 0.1262767 0.76987445
vt 0.1262767 1.2273362
vt 0.19312906 1.2273362
vt 0.7428041 0.24546723
vt 0.43825442 0.24546723
vt 0.43825442 0.044630405
vt 0.7428041 0.044630405
vt 2.6143792 0.104575165
vt 2.2222223 0.104575165
vt 2.2222223 0.5751634
vt 2.6143792 0.5751634
vt 0.47058824 0.5751634
vt 0.41830066 0.5751634
vt 0.41830066 0.104575165
vt 0.47058824 0.104575165
vt 0.73202616 2.4836602
vt 0.6797386 2.4836602
vt 0.6797386 2.875817
vt 0.73202616 2.875817
vt 0.73202616 0.104575165
vt 0.6797386 0.5751634
vt 0.73202616 0.5751634
vt 2.875817 0.5751634
vt 2.4836602 0.5751634
vt 2.4836602 0.104575165
vt 2.875817 0.104575165
vt 1.9869281 0.104575165
vt 1.5424837 0.104575165
vt 1.5424837 0.5751634
vt 1.9869281 0.5751634
vt 0.73202616 1.8039216
vt 0.6797386 1.8039216
vt 0.6797386 2.248366
vt 0.73202616 2.248366
vt 2.248366 0.5751634
vt 1.8039216 0.5751634
vt 2.248366 0.104575165
vt 2.2222223 0.49673203
vt 1.9869281 0.49673203
vt 0.41830066 0.49673203
vt 0.47058824 0.49673203
vt 0.47058824 1.9869281
vt 0.41830066 1.9869281
vt 0.41830066 2.2222223
vt 0.47058824 2.2222223
vt 2.248366 0.49673203
vt 2.4836602 0.49673203
vt 2.2222223 0.2875817
vt 0.47058824 0.2875817
vt 0.41830066 0.2875817
vt 2.4836602 0.2875817
vt 2.248366 0.2875817
vt 4.1944447 -0.8120915
vt 4.0898695 -0.8120915
vt 4.0898695 0.8088235
vt 4.1944447 0.8088235
vt 3.2941177 0.8088235
vt 1.5163399 0.8088235
vt 1.5163399 -0.8120915
vt 3.2941177 -0.8120915
vt 3.2941177 4.367647
vt 1.5163399 4.367647
vt 1.5163399 4.4722223
vt 3.2941177 4.4722223
vt 3.764706 -0.104575165
vt 1.7254902 -0.104575165
vt 1.7254902 1.1503268
vt 3.764706 1.1503268
vt 2.1960785 1.1503268
vt 1.882353 1.1503268
vt 1.882353 -0.104575165
vt 2.1960785 -0.104575165
vt 2.1960785 1.7254902
vt 1.882353 1.7254902
vt 1.882353 3.764706
vt 2.1960785 3.764706
vt 3.6601307 0.104575165
vt 1.5686275 0.104575165
vt 1.5686275 0.20915033
vt 3.6601307 0.20915033
vt 3.764706 0.20915033
vt 1.9869281 0.20915033
vt 3.764706 0.104575165
vt 3.764706 1.5686275
vt 1.9869281 1.5686275
vt 1.9869281 3.6601307
vt 3.764706 3.6601307
vt 4.9264708 -0.20915033
vt 4.0898695 -0.20915033
vt 4.0898695 1.1503268
vt 4.9264708 0.8366013
vt 3.764706 0.83660144
vt 2.6143792 0.83660144
vt 2.6143792 -0.06971683
vt 3.764706 -0.06971683
vt 3.764706 4.367647
vt 2.6143792 4.367647
vt 2.6143792 5.2042484
vt 3.764706 5.2042484
vt 3.764706 -0.20915033
vt 2.6143792 -0.20915033
vt 2.6143792 0.8366013
vt 3.764706 0.8366013
vt 3.4624183 1.1503268
vt 3.1486928 1.1503268
vt 3.1486928 -0.104575165
vt 3.4624183 -0.104575165
vt 3.4624183 1.7254902
vt 3.1486928 1.7254902
vt 3.1486928 3.764706
vt 3.4624183 3.764706
vt 3.0718954 0.052287582
vt 2.4705882 0.052287582
vt 2.4705882 0.27450982
vt 3.0718954 0.27450982
vt 3.764706 0.43137255
vt 3.620915 0.43137255
vt 3.620915 0.20915033
vt 3.764706 2.4313726
vt 3.620915 2.4313726
vt 3.620915 3.0326798
vt 3.764706 3.0326798
vt 3.0326798 0.43137255
vt 2.4313726 0.43137255
vt 2.4313726 0.20915033
vt 3.0326798 0.20915033
vt 3.3071895 0.43137255
vt 3.267974 0.43137255
vt 3.267974 0.20915033
vt 3.3071895 0.20915033
vt 3.3071895 2.4313726
vt 3.267974 2.4313726
vt 3.267974 3.0326798
vt 3.3071895 3.0326798
vt 3.0326798 0.052287582
vt 3.0326798 0.27450982
vt 3.764706 0.27450982
vt 3.4509804 0.27450982
vt 3.4509804 0.052287582
vt 3.764706 0.052287582
vt 3.620915 2.993464
vt 3.3071895 2.993464
vt 2.509804 0.052287582
vt 2.509804 0.27450982
vt 3.3071895 2.4705882
vt 3.620915 2.4705882
vt 2.509804 0.20915033
vt 3.4509804 0.20915033
vt 3.4509804 3.0326798
vt 3.4509804 2.509804
vt 3.764706 2.509804
vt 2.9330065 0.20915033
vt 2.619281 0.20915033
vt 2.619281 0.052287582
vt 2.9330065 0.052287582
vt 2.7892158 2.4705882
vt 2.47549 2.4705882
vt 2.47549 2.993464
vt 2.7892158 2.993464
vt 2.9330065 3.0326798
vt 2.619281 3.0326798
vt 2.619281 2.509804
vt 2.9330065 2.509804
vt 0.52287585 0.3137255
vt 0.039215688 0.3137255
vt 0.039215688 0.3529412
vt 0.52287585 0.3529412
vt 1.7647059 0.3529412
vt 1.3071896 0.3529412
vt 1.3071896 0.3137255
vt 1.7647059 0.3137255
vt 1.7647059 0.039215688
vt 1.3071896 0.039215688
vt 1.3071896 0.52287585
vt 1.7647059 0.52287585
vt 0.73202616 0.8627451
vt 0.54901963 0.8627451
vt 0.54901963 1.3333334
vt 0.73202616 1.3333334
vt 3.3986928 1.3333334
vt 2.5882354 1.3333334
vt 2.5882354 0.8627451
vt 3.3986928 0.8627451
vt 3.3986928 0.54901963
vt 2.5882354 0.54901963
vt 2.5882354 0.73202616
vt 3.3986928 0.73202616
vt -0.18300654 0.8627451
vt -0.18300654 1.385621
vt 0.54901963 1.385621
vt 3.372549 1.385621
vt 3.1895425 1.385621
vt 3.1895425 0.8627451
vt 3.372549 0.8627451
vt 3.372549 -0.18300654
vt 3.1895425 -0.18300654
vt 3.1895425 0.54901963
vt 3.372549 0.54901963
vt -0.36601308 0.52287585
vt -1.1503268 0.52287585
vt -1.1503268 0.5751634
vt -0.36601308 0.5751634
vt 2.3529413 0.5751634
vt 1.620915 0.5751634
vt 1.620915 0.52287585
vt 2.3529413 0.52287585
vt 2.3529413 -1.1503268
vt 1.620915 -1.1503268
vt 1.620915 -0.36601308
vt 2.3529413 -0.36601308
vt -0.15686275 0.52287585
vt -0.26143792 1.0980393
vt -0.15686275 1.0980393
vt 2.248366 1.0980393
vt 1.6732026 1.0980393
vt 1.6732026 0.52287585
vt 2.248366 0.52287585
vt 2.248366 -0.26143792
vt 1.6732026 -0.26143792
vt 1.6732026 -0.15686275
vt 2.248366 -0.15686275
vt -0.8888889 0.47058824
vt -1.8300654 0.47058824
vt -1.8300654 0.52287585
vt -0.8888889 0.52287585
vt 1.9346405 0.52287585
vt 1.9346405 0.47058824
vt 2.248366 0.47058824
vt 2.248366 -1.8300654
vt 1.9346405 -1.8300654
vt 1.9346405 -0.8888889
vt 2.248366 -0.8888889
vt -2.4575164 0.5751634
vt -2.6666667 0.5751634
vt -2.6666667 1.1503268
vt -2.4575164 1.1503268
vt 1.620915 1.1503268
vt 0.52287585 1.1503268
vt 0.52287585 0.5751634
vt 1.620915 -2.6666667
vt 0.52287585 -2.6666667
vt 0.52287585 -2.4575164
vt 1.620915 -2.4575164
vt -1.4640523 0.5751634
vt -1.5163399 0.5751634
vt -1.5163399 1.1503268
vt -1.4640523 1.1503268
vt 1.5686275 1.1503268
vt 0.99346405 1.1503268
vt 0.99346405 0.5751634
vt 1.5686275 0.5751634
vt 1.5686275 -1.5163399
vt 0.99346405 -1.5163399
vt 0.99346405 -1.4640523
vt 1.5686275 -1.4640523
vt -1.5163399 1.0980393
vt -1.6732026 1.0980393
vt -1.6732026 1.1503268
vt 1.4117647 1.1503268
vt 0.78431374 1.1503268
vt 0.78431374 1.0980393
vt 1.4117647 1.0980393
vt 1.4117647 -1.6732026
vt 0.78431374 -1.6732026
vt 0.78431374 -1.5163399
vt 1.4117647 -1.5163399
vt -1.4640523 0.52287585
vt -2.248366 0.52287585
vt -2.248366 0.627451
vt -1.4640523 0.627451
vt 1.6732026 0.627451
vt 1.6732026 -2.248366
vt 1.620915 -2.248366
vt 1.620915 -1.4640523
vt 1.6732026 -1.4640523
vt -1.4117647 0.5751634
vt -1.4640523 0.6797386
vt -1.4117647 0.6797386
vt 1.7254902 0.6797386
vt 1.3594772 0.6797386
vt 1.3594772 0.5751634
vt 1.7254902 0.5751634
vt 1.7254902 -1.4640523
vt 1.3594772 -1.4640523
vt 1.3594772 -1.4117647
vt 1.7254902 -1.4117647
vt -2.1584966 -1.253268
vt -2.2173202 -1.253268
vt -2.2173202 2.3349674
vt -2.1584966 2.3349674
vt 1.7042483 1.9738562
vt 1.6650326 1.9738562
vt 1.6650326 -1.614379
vt 1.7042483 -1.614379
vt -2.1356208 -1.4248366
vt -2.1356208 -1.385621
vt -2.0767975 -1.385621
vt -2.0767975 -1.4248366
vt 1.5604575 -1.253268
vt 1.5212418 -1.253268
vt 1.5212418 2.3349674
vt 1.5604575 2.3349674
vt -2.1895425 1.9738562
vt -2.248366 1.9738562
vt -2.248366 -1.614379
vt -2.1895425 -1.614379
vt -2.478758 -1.253268
vt -2.9624183 -1.253268
vt -2.9624183 2.3349674
vt -2.478758 2.3349674
vt -1.3186275 2.2107842
vt -1.2794118 2.2107842
vt -1.2794118 -1.377451
vt -1.3186275 -1.377451
vt -2.880719 -1.4248366
vt -2.880719 -1.385621
vt -2.3970587 -1.385621
vt -2.3970587 -1.4248366
vt -2.509804 1.9738562
vt -2.993464 1.9738562
vt -2.993464 -1.614379
vt -2.509804 -1.614379
vt -2.2173202 0.46568626
vt -2.478758 0.46568626
vt 1.6650326 0.104575165
vt 1.7042483 0.104575165
vt 1.7042483 -2.509804
vt 1.6650326 -2.509804
vt 1.6650326 -2.248366
vt 1.7042483 -2.248366
vt -2.509804 0.104575165
vt -2.248366 0.104575165
vt -1.5686275 -0.4852941
vt -2.3006537 -0.4852941
vt -2.3006537 0.5604575
vt -1.5686275 0.5604575
vt 1.6519607 0.52287585
vt 1.3905228 0.52287585
vt 1.3905228 -0.52287585
vt 1.6519607 -0.52287585
vt 1.620915 -2.3006537
vt 1.3594772 -2.3006537
vt 1.3594772 -1.5686275
vt 1.620915 -1.5686275
vt 1.620915 -0.4852941
vt 1.3594772 -0.4852941
vt 1.3594772 0.5604575
vt 1.620915 0.5604575
vt -2.3006537 0.14215687
vt -2.5620916 0.14215687
vt -2.5620916 0.5604575
vt 1.3905228 0.104575165
vt 1.6519607 0.104575165
vt 1.6519607 -2.509804
vt 1.3905228 -2.509804
vt 1.3905228 -2.248366
vt 1.6519607 -2.248366
vt 1.3594772 -2.5620916
vt 1.620915 -2.5620916
vt -5.12 -1.6229508
vt -5.701818 -1.6229508
vt -5.701818 -0.92349726
vt -5.12 -0.92349726
vt 3.6763637 -1.0491803
vt 3.0945454 -1.0491803
vt 3.0945454 -1.7486339
vt 3.6763637 -1.7486339
vt 3.6072726 -8.568306
vt 3.0254545 -8.568306
vt 3.0254545 -7.6939893
vt 3.6072726 -7.6939893
vt 3.6763637 -7.5191255
vt 3.0945454 -7.5191255
vt 3.0945454 -8.393442
vt 3.6763637 -8.393442
vt -2.2109091 -0.29090908
vt -2.530909 -0.29090908
vt -2.530909 -0.23272727
vt -2.2109091 -0.23272727
vt 0.64 -0.23272727
vt 0.29090908 -0.23272727
vt 0.29090908 -0.29090908
vt 0.64 -0.29090908
vt 0.64 -2.530909
vt 0.29090908 -2.530909
vt 0.29090908 -2.2109091
vt 0.64 -2.2109091
vt -4.1890907 -0.34972677
vt -6.632727 -0.34972677
vt -6.632727 2.7978141
vt -4.1890907 2.7978141
vt -0.11636364 2.7978141
vt -1.0472727 2.7978141
vt -1.0472727 -0.34972677
vt -0.11636364 -0.34972677
vt -0.11636364 -9.967213
vt -1.0472727 -9.967213
vt -1.0472727 -6.295082
vt -0.11636364 -6.295082
vt -1.6732026 -0.3137255
vt -1.7777778 -0.3137255
vt -1.6732026 -0
vt 1.4117647 -0
vt 1.254902 -0
vt 1.254902 -0.3137255
vt 1.4117647 -0.3137255
vt 1.4117647 -1.7777778
vt 1.254902 -1.7777778
vt 1.254902 -1.6732026
vt 0.99346405 -0
vt 0.8366013 -0.3137255
vt 0.99346405 -0.3137255
vt 0.99346405 -1.7777778
vt 0.8366013 -1.7777778
vt 0.8366013 -1.6732026
vt 0.99346405 -1.6732026
vt -2.4575164 -0.5751634
vt -2.771242 -0.5751634
vt -2.771242 0.47058824
vt -2.4575164 0.47058824
vt 1.4117647 0.5604575
vt 1.4117647 -0.4852941
vt 1.620915 -2.875817
vt 1.4117647 -2.875817
vt 1.4117647 -2.5620916
vt 1.4428104 -0.52287585
vt 1.4428104 0.52287585
vt -2.875817 0.5604575
vt -2.875817 -0.4852941
vt -2.5620916 -0.4852941
vt -2.6666667 -0.4852941
vt -2.6666667 0.5604575
vt 1.3594772 0.47058824
vt 1.3071896 0.47058824
vt 1.3071896 -0.5751634
vt 1.3594772 -0.5751634
vt 1.4117647 -2.6666667
vt 1.3594772 -2.6666667
vt -2.5620916 0.47058824
vt -2.5620916 -0.5751634
vt -5.9345455 0.47540984
vt -6.4 0.47540984
vt -6.4 1.8743169
vt -5.9345455 1.8743169
vt 3.1418183 1.8743169
vt 3.0254545 1.8743169
vt 3.0254545 0.47540984
vt 3.1418183 0.47540984
vt 3.0254545 -9.267759
vt 2.909091 -9.267759
vt 2.909091 -8.568306
vt 3.1418183 -8.918033
vt 3.0254545 -8.918033
vt 3.0254545 -9.617486
vt 3.1418183 -9.617486
vt 3.0254545 0.17486338
vt 2.909091 0.17486338
vt 2.909091 1.5737705
vt 3.0254545 1.5737705
vt -5.701818 1.5737705
vt -6.1672726 1.5737705
vt -6.1672726 0.17486338
vt -5.701818 0.17486338
vt -2.875817 -0.22385621
vt -2.6666667 -0.22385621
vt 1.4117647 -0.22385621
vt 1.3594772 -0.22385621
vt 1.3594772 -2.875817
vt 1.3071896 -2.5620916
vt 1.3071896 -2.771242
vt 1.3594772 -2.771242
vt 1.3071896 -0.3137255
vt 1.3594772 -0.3137255
vt -2.5620916 -0.3137255
vt -2.771242 -0.3137255
vt -6.2836366 -1.0491803
vt -6.632727 -1.0491803
vt -6.632727 1.7486339
vt -6.2836366 1.7486339
vt 1.1636363 1.7486339
vt 0 1.7486339
vt 0 -1.0491803
vt 1.1636363 -1.0491803
vt 1.1636363 -9.967213
vt 0 -9.967213
vt 0 -9.442623
vt 1.1636363 -9.442623
vt -6.050909 1.5737705
vt -6.4 1.5737705
vt -6.4 -1.2240437
vt -6.050909 -1.2240437
vt -6.050909 0.17486338
vt -6.4 0.17486338
vt 2.909091 1.7486339
vt 1.1636363 0.34972677
vt 2.909091 0.34972677
vt 2.7927272 -9.617486
vt 1.0472727 -9.617486
vt 1.0472727 -9.092896
vt 2.7927272 -9.092896
vt 2.909091 -9.442623
vt 2.909091 -9.967213
vt -6.632727 0.34972677
vt -6.2836366 0.34972677
vt -2.7189543 -0.36601308
vt -2.875817 -0.36601308
vt -2.875817 -0.3137255
vt -2.7189543 -0.3137255
vt 1.3071896 -0.26143792
vt 0.52287585 -0.26143792
vt 0.52287585 -0.3137255
vt 1.3071896 -2.9803922
vt 0.52287585 -2.9803922
vt 0.52287585 -2.8235295
vt 1.3071896 -2.8235295
vt 1.254902 -2.7189543
vt 0.47058824 -2.7189543
vt 0.47058824 -2.875817
vt 1.254902 -2.875817
vt -2.8235295 -0.26143792
vt -2.9803922 -0.26143792
vt -2.9803922 -0.3137255
vt -2.8235295 -0.3137255
vt -5.423729 -1.122807
vt -5.857627 -1.122807
vt -5.857627 -0.5614035
vt -5.423729 -0.5614035
vt 1.0847458 -0.5614035
vt 0.9762712 -0.5614035
vt 0.9762712 -1.122807
vt 1.0847458 -1.122807
vt 1.0847458 -10.105263
vt 0.9762712 -10.105263
vt 0.9762712 -9.356725
vt 1.0847458 -9.356725
vt -5.2067795 -0.9356725
vt -5.640678 -0.9356725
vt -5.640678 -1.497076
vt -5.2067795 -1.497076
vt -5.315254 -1.497076
vt -5.315254 -0
vt -5.2067795 -0
vt 2.7118645 -0
vt 0.9762712 -0
vt 0.9762712 -1.497076
vt 2.7118645 -1.497076
vt 2.820339 -9.5438595
vt 1.0847458 -9.5438595
vt 2.820339 -9.356725
vt 2.820339 -1.122807
vt 1.0847458 0.374269
vt 2.820339 0.374269
vt -5.423729 0.374269
vt -5.532203 0.374269
vt -5.532203 -1.122807
vt -2.5620916 -0.627451
vt -2.7189543 -0.627451
vt -2.7189543 -0.47058824
vt -2.5620916 -0.47058824
vt 0.52287585 -0.47058824
vt 1.3594772 -0.47058824
vt 1.3594772 -4.2352943
vt 0.52287585 -4.2352943
vt 0.52287585 -4
vt 1.3594772 -4
vt 1.3071896 -3.8431373
vt 0.47058824 -3.8431373
vt 0.47058824 -4.0784316
vt 1.3071896 -4.0784316
vt 1.3071896 -0.627451
vt 0.47058824 -0.627451
vt 0.47058824 -0.47058824
vt 1.3071896 -0.47058824
vt -2.6666667 -0.3137255
vt -2.8235295 -0.47058824
vt -2.6666667 -0.47058824
vt -31.301819 -4.371585
vt -32.465454 -4.371585
vt -32.465454 1.7486339
vt -31.301819 1.7486339
vt 15.709091 1.7486339
vt 5.818182 1.7486339
vt 5.818182 -4.371585
vt 15.709091 -4.371585
vt 15.709091 -48.786884
vt 5.818182 -48.786884
vt 5.818182 -47.03825
vt 15.709091 -47.03825
vt -2.379085 0.026143791
vt -3.372549 0.026143791
vt -3.372549 0.052287582
vt -2.379085 0.052287582
vt 2.771242 0.052287582
vt 2.3006537 0.052287582
vt 2.3006537 0.026143791
vt 2.771242 0.026143791
vt 2.771242 -3.372549
vt 2.3006537 -3.372549
vt 2.3006537 -2.379085
vt 2.771242 -2.379085
vt -2.2156863 -1.614379
vt -2.5620916 -1.614379
vt -2.5620916 1.9738562
vt -2.2156863 1.9738562
vt 2.2810457 1.9738562
vt 2.013072 1.9738562
vt 2.013072 -1.614379
vt 2.2810457 -1.614379
vt -2.4232025 -2.0588236
vt -2.4232025 -1.7908497
vt -2.0767975 -1.7908497
vt -2.0767975 -2.0588236
vt 2.1944444 -1.253268
vt 1.9264706 -1.253268
vt 1.9264706 2.3349674
vt 2.1944444 2.3349674
vt -2.0767975 2.2107842
vt -2.4232025 2.2107842
vt -2.4232025 -1.377451
vt -2.0767975 -1.377451
vt -2.5620916 0.41830066
vt -2.7973857 0.41830066
vt -2.7973857 1.9738562
vt 2.013072 0.41830066
vt 2.2810457 0.41830066
vt 2.2810457 -2.7973857
vt 2.013072 -2.7973857
vt 2.013072 -2.5620916
vt 2.2810457 -2.5620916
vt -2.6584966 -1.7908497
vt -2.6584966 -2.0588236
vt -2.6584966 2.2107842
vt -2.6584966 0.65522873
vt -2.4232025 0.65522873
vt -2.7973857 -1.614379
vt -2.7973857 0.052287582
vt -2.5620916 0.052287582
vt 2.2810457 0.052287582
vt 2.013072 0.052287582
vt -2.4232025 0.28921568
vt -2.6584966 0.28921568
vt -2.6584966 -1.377451
vt -3.0326798 0.052287582
vt -3.0326798 0.026143791
vt 6.4849424 -3.09919
vt 6.0404983 -3.09919
vt 6.0404983 -2.7857075
vt 6.4849424 -2.7857075
vt 5.56464 1.0088389
vt 5.1201963 1.0088388
vt 5.1424184 0.98625106
vt 5.5868626 0.9862511
vt 5.562457 0.97991145
vt 5.1180134 0.9799113
vt 5.095791 1.0024991
vt 5.540235 1.0024992
vt 6.4827886 -2.7858179
vt 6.038344 -2.7858179
vt 6.038344 -3.0993001
vt 6.4827886 -3.0993001
vt -3.0326798 0.078431375
vt -3.372549 0.078431375
vt -3.372549 0.104575165
vt -3.0326798 0.104575165
vt 2.143791 0.104575165
vt 2.143791 0.078431375
vt 2.143791 -3.372549
vt 1.8300654 -3.372549
vt 1.8300654 -3.0326798
vt 2.143791 -3.0326798
vt 1.6993464 -3.0326798
vt 1.6993464 0.078431375
vt 1.6993464 0.104575165
vt -2.5294118 -1.614379
vt -3.0326798 -1.614379
vt -3.0326798 1.9738562
vt -2.5294118 1.9738562
vt 1.8039216 1.9738562
vt 1.8039216 -1.614379
vt -2.5800653 -1.7908497
vt -2.5800653 -1.5816994
vt -2.0767975 -1.5816994
vt 1.7173202 -1.253268
vt 1.7173202 2.3349674
vt -2.7189543 1.9738562
vt -2.7189543 -1.614379
vt -3.0326798 0.36601308
vt -3.3333333 0.36601308
vt -3.3333333 1.9738562
vt -1.6846405 2.2107842
vt -1.4754902 2.2107842
vt -1.4754902 0.60294116
vt -1.6846405 0.60294116
vt 2.013072 -3.3333333
vt 1.8039216 -3.3333333
vt 1.8039216 -3.0326798
vt 2.013072 -3.0326798
vt -2.880719 -1.5816994
vt -2.880719 -1.7908497
vt 2.013072 0.36601308
vt 1.8039216 0.36601308
vt -3.0196078 1.9738562
vt -3.0196078 0.36601308
vt -2.7189543 0.36601308
vt -3.3333333 -1.614379
vt -3.3333333 0.104575165
vt -1.6846405 0.34150326
vt -1.4754902 0.34150326
vt -1.4754902 -1.377451
vt -1.6846405 -1.377451
vt -2.7189543 0.104575165
vt -3.0196078 0.104575165
vt -3.0196078 -1.614379
vt -3.1111112 -1.614379
vt -3.1111112 1.9738562
vt -1.9526144 2.2107842
vt -1.7107843 2.2107842
vt -1.7107843 -1.377451
vt -1.9526144 -1.377451
vt -2.880719 -2.0588236
vt -2.880719 -1.8169935
vt -2.6584966 -1.8169935
vt 2.0392158 -1.614379
vt 2.0392158 1.9738562
vt -2.880719 2.2107842
vt -2.880719 -1.377451
vt -2.7973857 0.36601308
vt -1.7107843 0.60294116
vt 2.0392158 -3.3333333
vt 2.013072 -3.1111112
vt 2.0392158 -3.1111112
vt 2.0392158 0.36601308
vt -3.1111112 0.36601308
vt -2.7973857 0.104575165
vt -1.7107843 0.34150326
vt 2.0392158 0.104575165
vt -3.1111112 0.104575165
vt -3.3464053 0.104575165
vt -3.372549 0.15686275
vt -3.3464053 0.15686275
vt 2.143791 0.15686275
vt 1.8300654 0.15686275
vt 1.8300654 -3.3464053
vt 2.143791 -3.3464053
vt 2.509804 0.15686275
vt 2.0653596 0.15686275
vt 2.0653596 0.104575165
vt 2.509804 0.104575165
vt 2.509804 -3.372549
vt 2.0653596 -3.372549
vt 2.0653596 -3.3464053
vt 2.509804 -3.3464053
vt -2.379085 0.104575165
vt 2.745098 0.104575165
vt 2.7189543 0.104575165
vt 2.7189543 0.052287582
vt 2.745098 0.052287582
vt 2.745098 -3.372549
vt 2.7189543 -3.372549
vt 2.7189543 -2.379085
vt 2.745098 -2.379085
vt -3.3202615 0.15686275
vt -3.3202615 0.13071896
vt -3.3464053 0.13071896
vt 2.3267975 -3.3464053
vt 2.143791 -3.3202615
vt 2.3267975 -3.3202615
vt 2.2561226 0.8670762
vt 2.073116 0.8670762
vt 2.0822666 0.8419369
vt 2.265273 0.8419369
vt -2.4052289 0.052287582
vt -2.4052289 0.104575165
vt 2.6666667 0.104575165
vt 2.3006537 0.104575165
vt 2.6666667 0.052287582
vt 2.6666667 -2.4052289
vt 2.3006537 -2.4052289
vt 2.6666667 -2.379085
vt -2.379085 0.36601305
vt -2.379085 0.10457516
vt -2.4052289 0.10457516
vt -2.4052289 0.36601305
vt 2.4575164 0.36601308
vt 2.3006537 0.5751634
vt 2.4575164 0.104575165
vt 2.4575164 -2.4052289
vt 2.4575164 -2.379085
vt -0.10457519 -2.379085
vt -0.26143795 -2.379085
vt -0.26143795 -2.4052289
vt -0.10457519 -2.4052289
vt -2.379085 0.36601308
vt -2.4052289 0.36601308
vt -2.5882354 0.36601302
vt -2.5882354 0.10457515
vt -2.7189543 0.10457515
vt -2.7189543 0.36601302
vt 2.5457516 0.24836601
vt 2.5457516 0.104575165
vt 2.5457516 -2.7189543
vt 2.3006537 -2.7189543
vt 2.3006537 -2.5882354
vt 2.5457516 -2.5882354
vt -0.016339881 -2.5882354
vt -0.26143792 -2.5882354
vt -0.26143792 -2.7189543
vt -0.016339881 -2.7189543
vt -2.5882354 0.104575165
vt -2.5882354 0.24836601
vt -2.7189543 0.24836601
vt 2.4575164 -2.7189543
vt 2.4575164 -2.5882354
vt -0.10457519 -2.5882354
vt -0.10457519 -2.7189543
vt -2.5882354 0.36601308
vt -2.6143792 0.4403094
vt -2.6143792 0.36907983
vt -2.8496733 0.36907983
vt -2.8496733 0.4403094
vt 2.27451 0.3921569
vt 2.2222223 0.45751634
vt 2.248366 0.3660131
vt 2.27451 0.3660131
vt 2.27451 -2.8496733
vt 2.248366 -2.8496733
vt 2.248366 -2.6143792
vt 2.27451 -2.6143792
vt 2.27451 0.36601308
vt 2.248366 0.36601308
vt 2.27451 0.39215687
vt -0.1744064 -1.3938456
vt -0.2005502 -1.3938456
vt -0.2005502 -1.5512815
vt -0.1744064 -1.5512815
vt -2.6143792 1.0980393
vt -2.6143792 1.1764706
vt -2.8496733 1.1764706
vt -2.8496733 1.0980393
vt -2.862745 0.36907983
vt -2.862745 0.4403094
vt 2.27451 -2.862745
vt 2.248366 -2.862745
vt -0.1744064 -1.7598586
vt -0.2005502 -1.7598586
vt -0.2005502 -1.926041
vt -0.1744064 -1.926041
vt -2.862745 1.1764706
vt -2.862745 1.0980393
vt 0.7075812 0.1953125
vt -0.49097472 0.1953125
vt -0.49097472 0.3203125
vt 0.7075812 0.3203125
vt -0.057761732 0.3203125
vt -0.14440434 0.3203125
vt -0.14440434 0.1953125
vt -0.057761732 0.1953125
vt -0.057761732 -0.265625
vt -0.14440434 -0.265625
vt -0.14440434 0.3828125
vt -0.057761732 0.3828125
vt 2.097473 0.125
vt 1.5054152 0.125
vt 1.5054152 0.1953125
vt 2.097473 0.1953125
vt 0.9241877 0.1953125
vt 0.40433213 0.1953125
vt 0.40433213 0.125
vt 0.9241877 0.125
vt 0.9241877 0.2734375
vt 0.40433213 0.2734375
vt 0.40433213 0.59375
vt 0.9241877 0.59375
vt 3.097473 0.125
vt 2.2599277 0.125
vt 2.2599277 0.1953125
vt 3.097473 0.1953125
vt 0.9241877 1.140625
vt 0.40433213 1.140625
vt 0.40433213 1.59375
vt 0.9241877 1.59375
vt 3.2093863 0.125
vt 1.5054152 0.15625
vt 3.2093863 0.15625
vt 0.9241877 0.15625
vt 0.0433213 0.15625
vt 0.0433213 0.125
vt 0.0433213 0.2734375
vt 0.0433213 1.1953125
vt 0.9241877 1.1953125
vt 0.620394 -2.5947711
vt 0.69281024 -2.5947711
vt 0.69281024 -3.4444444
vt 0.620394 -3.4444444
vt 0.28104576 0.69198525
vt 0.250224 0.71895427
vt 0.21096547 0.71895427
vt 0.28104576 0.64653796
vt 0.250224 -2.3104575
vt 0.21096547 -2.3104575
vt 0.21096547 -1.4607843
vt 0.250224 -1.4607843
vt 0.2810457 -2.3104575
vt 0.2502239 -2.3104575
vt 0.2502239 -1.4607843
vt 0.2810457 -1.4607843
vt 0.6203942 -3.4444444
vt 0.66584146 -3.4444444
vt 0.66584146 -2.5947711
vt 0.6203942 -2.5947711
vt 0.6429656 -2.5947711
vt 0.6429656 -3.4444444
vt 0.08496732 -2.3104575
vt 0.08496732 -1.4607843
vt 0.14193292 -1.4607843
vt 0.14193292 -2.3104575
vt 0.1550476 0.71895427
vt 0.14193287 0.71895427
vt 0.084967315 0.6691094
vt 0.084967315 0.64653796
vt 0.15504757 -2.3104575
vt 0.14193286 -2.3104575
vt 0.14193286 -1.4607843
vt 0.15504757 -1.4607843
vt 0.69281036 -3.4444444
vt 0.69281036 -2.5947711
vt 0.6203941 -2.5947711
vt 0.6203941 -3.4444444
vt 0.6797386 -3.4444444
vt 0.6797386 -2.5947711
vt 0.6928105 -2.5947711
vt 0.6928105 -3.4444444
vt 0.15504757 0.71895427
vt 0.14239734 0.7058824
vt 0.2236157 0.7058824
vt 0.19747193 -2.5947711
vt 0.11625355 -2.5947711
vt 0.11625355 -3.4444444
vt 0.19747193 -3.4444444
vt 0.6928104 -3.4444444
vt 0.6928104 -2.5947711
vt 0.6797385 -2.5947711
vt 0.6797385 -3.4444444
vt 0.13138582 -1.470014
vt 0.13138582 -1.1101813
vt 0.13899045 -1.1101813
vt 0.13899045 -1.470014
vt 0.06685237 0.21993406
vt 0.037140206 0.21993406
vt 0.044499524 0.2085112
vt 0.059493046 0.2085112
vt 0.059493046 -0.62622035
vt 0.044499524 -0.62622035
vt 0.044499524 -0.986053
vt 0.059493046 -0.986053
vt 0.059424326 -1.470014
vt 0.029712163 -1.470014
vt 0.029712163 -1.1101813
vt 0.059424326 -1.1101813
vt 0.3195577 -3.4444444
vt 0.3195577 -2.5947711
vt 0.3267974 0.65195256
vt 0.28104576 0.3457015
vt 0.3267974 0.3457015
vt 1.993464 0.7254902
vt 1.9477124 0.7254902
vt 1.9477124 1.5751634
vt 1.993464 1.5751634
vt 0.32679734 -2.3104575
vt 0.32679734 -1.4607843
vt 0.3457015 -2.3104575
vt 0.65195256 -2.3104575
vt 0.65195256 -1.4607843
vt 0.3457015 -1.4607843
vt 0.13951024 -1.1101813
vt 0.14113277 -1.1101813
vt 0.14113277 -1.470014
vt 0.13951024 -1.470014
vt 0.08170577 0.22315203
vt 0.07985144 0.22315203
vt 0.07985144 0.22071482
vt 0.5552434 0.67224544
vt 0.5533891 0.67224544
vt 0.5533891 0.31241283
vt 0.5552434 0.31241283
vt 0.08170577 -0.986053
vt 0.08170577 -0.62622035
vt 0.07985144 -0.62622035
vt 0.07985144 -0.986053
vt 0.06535948 -2.3104575
vt 0.06535948 -1.4607843
vt 0.08496733 0.6691094
vt 0.06535948 0.65195256
vt 0.06535948 0.3457015
vt 0.08496733 0.3457015
vt 1.751634 0.7254902
vt 1.7320261 0.7254902
vt 1.7320261 1.5751634
vt 1.751634 1.5751634
vt 0.040854223 -0.986053
vt 0.040854223 -0.62622035
vt 0.029714845 -0.62622035
vt 0.029714845 -0.986053
vt 0.035066985 0.223152
vt 0.029714845 0.223152
vt 0.040854223 0.20851119
vt 0.044499524 0.20851119
vt 0.5086046 0.67224544
vt 0.50325245 0.67224544
vt 0.50325245 0.31241283
vt 0.5086046 0.31241283
vt 0.14113276 -1.470014
vt 0.14113276 -1.1101813
vt 0.1313858 -1.1101813
vt 0.1313858 -1.470014
vt 0.07985144 0.223152
vt 0.06892559 0.223152
vt 0.059493046 0.20851119
vt 0.070566386 0.20851119
vt 0.07985144 0.22071481
vt 0.070566386 -0.62622035
vt 0.070566386 -0.986053
vt 0.5424632 0.67224544
vt 0.5424632 0.31241283
vt 0.13951023 -1.1101813
vt 0.13951023 -1.470014
vt -0.5485714 0.48854962
vt -0.64 0.48854962
vt -0.64 0.8549618
vt -0.5485714 0.8549618
vt 0.9142857 0.8549618
vt 0.2742857 0.8549618
vt 0.2742857 0.48854962
vt 0.9142857 0.48854962
vt 0.9142857 -0.8549618
vt 0.2742857 -0.8549618
vt 0.2742857 -0.73282444
vt 0.9142857 -0.73282444
vt -0.1248 0.14832535
vt -0.1536 0.14832535
vt -0.1536 0.17224881
vt -0.1248 0.17224881
vt 0.3616 0.17224881
vt -0.0736 0.17224881
vt -0.0736 0.14832535
vt 0.3616 0.14832535
vt 0.3616 -0.22966507
vt -0.0736 -0.22966507
vt -0.0736 -0.18660288
vt 0.3616 -0.18660288
vt 0.096 0.10047847
vt -0.0096 0.10047847
vt 0.096 0.26794258
vt 0.15830378 0.26662675
vt 0.0047037844 0.1001765
vt 0.055903785 0.26662675
vt 0.07510118 0.26716632
vt 0.07175572 0.10027078
vt 0.14870119 0.26716632
vt 0.1472 0.26794258
vt 0.0736 0.10047847
vt 0.1472 0.10047847
vt 0.1472 -0.014354067
vt 0.0736 -0.014354067
vt 0.0736 0.14354067
vt 0.1472 0.14354067
vt 0.0768 0.03827751
vt 0.0736 0.26794258
vt -0.0096 0.26794258
vt 0.096 0.10047848
vt -0.0096 0.10047848
vt 0.15830378 0.26662678
vt 0.0047037844 0.100176506
vt 0.055903785 0.26662678
vt 0.0736 0.10047848
vt 0.1472 0.10047848
vt 0.8385269 0.569395
vt 0.5779037 0.569395
vt 0.59478974 0.66903913
vt 0.83674943 0.66903913
vt 1.0991502 0.66903913
vt 0.8705216 0.66903913
vt 0.8611898 0.569395
vt 1.0991502 0.569395
vt 0.8611898 0.7259787
vt 0.8611898 1.0533807
vt 1.0991502 0.9964413
vt 0.8705216 1.0511479
vt 0.8705216 0.7471914
vt 1.0991502 0.69248486
vt 0.79320115 0.66903913
vt 0.55124146 0.66903913
vt 0.53257793 0.569395
vt 0.79320115 0.569395
vt 0.13958333 0.17407407
vt 0.108333334 0.17407407
vt 0.108333334 0.22222222
vt 0.13958333 0.22222222
vt 0.18541667 0.22222222
vt 0.18333334 0.22222222
vt 0.18333334 0.17407407
vt 0.18541667 0.17407407
vt 0.18541667 0.19259259
vt 0.18333334 0.19259259
vt 0.18333334 0.24814814
vt 0.18541667 0.24814814
vt 0.26171875 0.18359375
vt 0.203125 0.18359375
vt 0.203125 0.203125
vt 0.26171875 0.203125
vt 0.3046875 0.203125
vt 0.30078125 0.203125
vt 0.30078125 0.18359375
vt 0.3046875 0.18359375
vt 0.30078125 0.26171875
vt 0.3046875 0.26171875
vt 0.2144 0.22488038
vt 0.2112 0.22488038
vt 0.2112 0.28708133
vt 0.2144 0.28708133
vt 0.2816 0.28708133
vt 0.2496 0.28708133
vt 0.2496 0.22488038
vt 0.2816 0.22488038
vt 0.2816 0.31578946
vt 0.2496 0.31578946
vt 0.2496 0.32057416
vt 0.2816 0.32057416
vt 0.1696 0.22488038
vt 0.1664 0.22488038
vt 0.1664 0.28708133
vt 0.1696 0.28708133
vt 0.2816 0.24880382
vt 0.2496 0.24880382
vt 0.2496 0.25358853
vt 0.2816 0.25358853
vt 0.2112 0.28229666
vt 0.1696 0.28229666
vt 0.2496 0.28229666
vt 0.2816 0.28229666
vt 0.1375 0.17407407
vt 0.110416666 0.17407407
vt 0.110416666 0.17777778
vt 0.1375 0.17777778
vt 0.18333334 0.17777778
vt 0.1625 0.17777778
vt 0.1625 0.17407407
vt 0.18333334 0.19629629
vt 0.1625 0.19629629
vt 0.1625 0.24444444
vt 0.18333334 0.24444444
vt 0.48333332 -2.4125
vt 0.09166667 -2.4125
vt 0.09166667 1.05
vt 0.48333332 1.05
vt 0.35 1.05
vt 0.11666667 1.05
vt 0.11666667 -2.4125
vt 0.35 -2.4125
vt 0.35 0.1375
vt 0.11666667 0.1375
vt 0.11666667 0.725
vt 0.35 0.725
vt 0.22460952 0.22488038
vt 0.15628012 0.22488038
vt 0.16380952 0.27272728
vt 0.22460952 0.27272728
vt 0.3104 0.27272728
vt 0.3072 0.27272728
vt 0.3072 0.22488038
vt 0.3104 0.22488038
vt 0.3104 0.23276106
vt 0.3072 0.23367243
vt 0.3072 0.3358396
vt 0.3104 0.33492824
vt 0.3072 0.2449305
vt 0.3104 0.24401914
vt 0.224 0.27272728
vt 0.1632 0.27272728
vt 0.1556706 0.22488038
vt 0.224 0.22488038
vt 0.11230108 0.21633056
vt 0.18651983 0.21633056
vt 0.19683665 0.17785865
vt 0.11170338 0.17785865
vt -0.19946206 -0.10058244
vt -0.2033472 -0.100582056
vt -0.21221374 -0.10014114
vt -0.20832859 -0.100141525
vt 0.44313243 0.13753745
vt 0.43947417 0.13753924
vt 0.47008157 0.13773948
vt 0.47373983 0.13773769
vt 0.47318095 0.14481573
vt 0.4695174 0.14481752
vt 0.44280362 0.14464143
vt 0.44646716 0.14463966
vt 0.440245 -0.1708444
vt 0.43636394 -0.1708429
vt 0.44052497 -0.17254864
vt 0.444406 -0.17255013
vt 0.18578461 0.21678796
vt 0.11156586 0.21678796
vt 0.11096817 0.17831603
vt 0.19610143 0.17831603
vt 0.2356843 0.22543944
vt 0.23242678 0.22543944
vt 0.23170969 0.27328634
vt 0.23496723 0.27328634
vt 0.30779874 0.27272728
vt 0.25342083 0.27272728
vt 0.24965613 0.22488038
vt 0.30779874 0.22488038
vt 0.3072 0.33096892
vt 0.24905737 0.34752807
vt 0.24905737 0.35239878
vt 0.25282207 0.3513266
vt 0.25282207 0.34645587
vt 0.24905737 0.22488038
vt 0.25282207 0.27272728
vt 0.221352 0.27272728
vt 0.221352 0.22488038
vt 0.17069831 0.22543944
vt 0.1673549 0.22543944
vt 0.17416723 0.27328634
vt 0.17751065 0.27328634
vt 0.24905737 0.2502316
vt 0.24905737 0.25523072
vt 0.3072 0.23867156
vt 0.3072 0.24992964
vt 0.25282207 0.26541662
vt 0.25282207 0.2604175
vt 0.3066166 0.22595792
vt 0.24847397 0.22595792
vt 0.25223866 0.2738048
vt 0.3066166 0.2738048
vt 0.16715294 0.27272728
vt 0.15962353 0.22488038
vt 0.2317814 0.26850164
vt 0.17682941 0.26850164
vt 0.2518622 0.2690201
vt 0.3066166 0.2690201
vt 0.3072 0.24880382
vt 0.2524456 0.26439804
vt 0.2524456 0.3465631
vt 0.30779874 0.26794258
vt 0.25304437 0.26794258
vt 0.1664 0.26794258
vt 0.221352 0.26794258
vt 0.17137955 0.23022413
vt 0.23235507 0.23022413
vt 0.3066166 0.2307426
vt 0.24885044 0.2307426
vt 0.24943385 0.34742087
vt 0.24943385 0.25624934
vt 0.3072 0.23979734
vt 0.2500326 0.22966507
vt 0.30779874 0.22966507
vt 0.221352 0.22966507
vt 0.16037646 0.22966507
vt 0.073599994 0.10047848
vt 0.071755715 0.10027078
vt 0.14870118 0.26716632
vt 0.07510117 0.26716632
vt 0.0047037597 0.100176506
vt 0.05590376 0.26662678
vt 0.15830375 0.26662678
vt -0.4674221 0.569395
vt -0.20679887 0.569395
vt -0.20679887 0.66903913
vt -0.44875857 0.66903913
vt -0.12947832 0.66903913
vt 0.099150226 0.66903913
vt 0.099150226 0.569395
vt -0.13881011 0.569395
vt -0.1388102 0.053380784
vt 0.09915014 -0.0035587188
vt 0.09915014 -0.33096084
vt -0.1388102 -0.27402136
vt -0.12947841 -0.25280866
vt 0.09915014 -0.30751526
vt 0.09915014 -0.003558773
vt -0.12947841 0.051147785
vt -0.4052102 0.66903913
vt -0.16325054 0.66903913
vt -0.16147305 0.569395
vt -0.42209628 0.569395
vt 0.1857846 0.21678796
vt 0.11096814 0.17831603
vt 0.19610141 0.17831603
vt 0.440525 -0.17254864
vt 0.44440603 -0.17255013
vt 0.44024503 -0.1708444
vt 0.436364 -0.1708429
vt 0.44280353 0.14464144
vt 0.44646707 0.14463967
vt 0.47318086 0.14481574
vt 0.4695173 0.14481752
vt 0.47008133 0.13773948
vt 0.4737396 0.13773768
vt 0.4431322 0.13753743
vt 0.43947393 0.13753922
vt -0.21221365 -0.10014113
vt -0.2083285 -0.10014152
vt -0.19946197 -0.100582436
vt -0.20334712 -0.10058205
vt 0.111703396 0.17785865
vt 0.2496561 0.22488038
vt 0.1562801 0.22488038
vt 0.16715293 0.27272728
vt 0.3072 0.2336724
vt 0.24905737 0.25023162
vt 0.3072 0.24992962
vt 0.16735491 0.22543944
vt 0.073599994 0.10047847
vt -0.12947834 0.66903913
vt -0.1388102 -0.9466192
vt 0.09915014 -1.0035588
vt 0.09915014 -1.3309609
vt -0.1388102 -1.2740214
vt -0.12947842 -1.2528086
vt 0.09915014 -1.3075153
vt -0.12947842 -0.9488521
vt -0.40521023 0.66903913
vt -0.16147308 0.569395
vt -0.4220963 0.569395
vt 0.18578455 0.21678796
vt 0.1115658 0.21678796
vt 0.11096808 0.17831606
vt 0.19610137 0.17831606
vt 0.44052476 -0.17254864
vt 0.4444058 -0.17255013
vt 0.4402448 -0.1708444
vt 0.43636376 -0.1708429
vt 0.44280353 0.14464146
vt 0.44646707 0.14463969
vt 0.47318086 0.14481576
vt 0.46951732 0.14481753
vt 0.4700812 0.13773946
vt 0.4737395 0.13773766
vt 0.4431321 0.13753742
vt 0.4394738 0.13753922
vt -0.21221367 -0.10014112
vt -0.20832852 -0.10014151
vt -0.19946198 -0.10058243
vt -0.20334713 -0.10058204
vt 0.111703366 0.17785865
vt 0.24943385 0.2562493
vt 0.17137954 0.23022413
vt 0.25282207 0.26041752
vt 1.6588541 0.390625
vt 1.6588541 0.7890625
vt 1.8932291 0.7890625
vt 1.8932291 0.390625
vt 1.8932291 -1.3515625
vt 1.8932291 0.1953125
vt 1.6588541 0.1953125
vt 1.6588541 -1.3515625
vt -1.0494791 -1.3515625
vt -1.0494791 0.1953125
vt -0.38541663 0.1953125
vt -0.38541663 -1.3515625
vt -0.7027027 0.9932886
vt -0.7432432 0.9932886
vt -0.7432432 1.2348993
vt -0.7027027 1.2348993
vt 2.1351352 1.2348993
vt -0.6756757 1.2348993
vt -0.6756757 0.9932886
vt 2.1351352 0.9932886
vt 2.1351352 -0.738255
vt -0.6756757 -0.738255
vt -0.6756757 -0.6979866
vt 2.1351352 -0.6979866
vt -0.6891892 0.9932886
vt -0.6891892 1.2348993
vt -0.6756757 -0.68456376
vt 2.1351352 -0.68456376
vt 1.8151041 0.390625
vt 1.8151041 0.7890625
vt 1.8932291 0.8828125
vt 1.8151041 0.8828125
vt 1.8151041 -1.3515625
vt -1.0494791 0.8828125
vt -0.38541663 0.8828125
vt -1.5675676 1.2348993
vt -1.5675676 0.9932886
vt -1.5675676 -0.738255
vt -1.5675676 -0.68456376
vt -1.918919 1.2348993
vt -1.918919 0.9932886
vt -1.918919 -0.738255
vt -1.918919 -0.68456376
vt -0.47712418 0.9150327
vt -0.5686275 0.9150327
vt -0.5686275 0.92156863
vt -0.47712418 0.92156863
vt -0.07189543 0.92156863
vt -0.1633987 0.92156863
vt -0.1633987 0.9150327
vt -0.07189543 0.9150327
vt -0.07189543 -0.5686275
vt -0.1633987 -0.5686275
vt -0.1633987 -0.47712418
vt -0.07189543 -0.47712418
vt -0.08496732 0.627451
vt -0.3267974 0.627451
vt -0.3267974 0.63398695
vt -0.08496732 0.63398695
vt 1.0718955 0.63398695
vt -0.18954249 0.63398695
vt -0.18954249 0.627451
vt 1.0718955 0.627451
vt 1.0718955 -0.3267974
vt -0.18954249 -0.3267974
vt -0.18954249 -0.08496732
vt 1.0718955 -0.08496732
vt -1.5424837 -0
vt -1.9084967 -0
vt -1.9084967 0.078431375
vt -1.5424837 0.078431375
vt 1.0472727 -0.05818182
vt 0.90181816 -0.05818182
vt 0.90181816 -0.11636364
vt 1.0472727 -0.11636364
vt 1.0472727 -2.6763637
vt 0.90181816 -2.6763637
vt 0.90181816 -2.269091
vt 1.0472727 -2.269091
vt 0.5751634 -2.3137255
vt 0.44444445 -2.3137255
vt 0.44444445 -2.862745
vt 0.5751634 -2.862745
vt -2.269091 -0.05818182
vt -2.6763637 -0.05818182
vt -2.6763637 -0.11636364
vt -2.269091 -0.11636364
vt 0.40727273 -0.05818182
vt 0.29090908 -0.05818182
vt 0.29090908 -0.11636364
vt 0.40727273 -0.11636364
vt 0.40727273 -2.6763637
vt 0.29090908 -2.6763637
vt 0.29090908 -2.269091
vt 0.40727273 -2.269091
vt 0 -2.3137255
vt -0.104575165 -2.3137255
vt -0.104575165 -2.862745
vt 0 -2.862745
vt -1.6732026 0.078431375
vt 0.39215687 0.078431375
vt 0 -0
vt 0.84363633 -2.4145455
vt 0.40727273 -2.4145455
vt 0.84363633 -2.269091
vt 0.39215687 -2.3137255
vt 0 -2.509804
vt 0.39215687 -2.509804
vt 0.84363633 -0.11636364
vt 0.84363633 -0.05818182
vt -1.8562092 -0
vt -1.8562092 0.078431375
vt 0.40727273 -2.6181817
vt 0.90181816 -2.6181817
vt 0.44444445 -2.7843137
vt 0 -2.7843137
vt 0.44444445 -0
vt 0.44444445 0.078431375
vt -1.5434783 -0.17802504
vt -1.5652174 -0.17802504
vt -1.5652174 -0.15577191
vt -1.5434783 -0.15577191
vt 0.73913044 -0.15577191
vt 0.2826087 -0.15577191
vt 0.2826087 -0.17802504
vt 0.73913044 -0.17802504
vt 0.73913044 -1.6022253
vt 0.2826087 -1.6022253
vt 0.2826087 -1.5799721
vt 0.73913044 -1.5799721
vt -1.6086956 -0.17802504
vt -1.826087 -0.17802504
vt -1.826087 -0.15577191
vt -1.6086956 -0.15577191
vt 0.45652175 -0.15577191
vt 0.4347826 -0.15577191
vt 0.4347826 -0.17802504
vt 0.45652175 -0.17802504
vt 0.45652175 -1.8692628
vt 0.4347826 -1.8692628
vt 0.4347826 -1.6467316
vt 0.45652175 -1.6467316
vt -1.21875 -0.1875
vt -1.28125 -0.1875
vt -1.28125 -0.15625
vt -1.21875 -0.15625
vt 0.53125 -0.15625
vt -0.40625 -0.15625
vt -0.40625 -0.1875
vt 0.53125 -0.1875
vt 0.53125 -1.28125
vt -0.40625 -1.28125
vt -0.40625 -1.21875
vt 0.53125 -1.21875
vt -1.0625 -0.1875
vt -1.0625 -0.15625
vt -0.40625 -1.0625
vt 0.53125 -1.0625
vt -0.875 0.21875
vt -1.71875 0.21875
vt -1.71875 0.28125
vt -0.875 0.28125
vt 3.36 1.9234973
vt 2.8945456 1.9234973
vt 2.8945456 1.5737705
vt 3.36 1.5737705
vt 3.36 -7.5191255
vt 2.8945456 -7.5191255
vt 2.8945456 -2.7978141
vt 3.36 -2.7978141
vt 0.9375 -0.875
vt 0.8125 -0.875
vt 0.8125 -1.71875
vt 0.9375 -1.71875
vt -2.861818 1.9234973
vt -6.0036364 1.9234973
vt -6.0036364 1.5737705
vt -2.861818 1.5737705
vt -1.8618182 1.5737705
vt -5.0036364 1.5737705
vt -5.0036364 1.9234973
vt -1.8618182 1.9234973
vt 2.3127272 1.9234973
vt -0.13090909 1.9234973
vt -0.13090909 1.5737705
vt 2.3127272 1.5737705
vt 2.3127272 -7.5191255
vt -0.13090909 -7.5191255
vt -0.13090909 -2.7978141
vt 2.3127272 -2.7978141
vt 0.65625 -0.875
vt 0 -0.875
vt 0 -1.71875
vt 0.65625 -1.71875
vt -1.09375 0.21875
vt -1.09375 0.28125
vt 0.8125 0.28125
vt 0.65625 0.28125
vt 0.65625 0.21875
vt 0.8125 0.21875
vt 2.8945456 -4.0218577
vt 2.3127272 -4.0218577
vt 0.65625 -1.09375
vt 0.8125 -1.09375
vt -1.21875 0.21875
vt -1.21875 0.28125
vt 2.3127272 -4.7213116
vt 2.8945456 -4.7213116
vt 0.8125 -1.21875
vt 0.65625 -1.21875
vt -8.059259 3.4735415
vt -9.244445 3.4735415
vt -9.244445 4.3419266
vt -8.059259 4.3419266
vt 5.9259257 4.3419266
vt 4.740741 4.3419266
vt 4.740741 3.4735415
vt 5.9259257 3.4735415
vt 5.9259257 -16.933514
vt 4.740741 -16.933514
vt 4.740741 -14.762551
vt 5.9259257 -14.762551
vt -5.5854545 -1.9234973
vt -5.9345455 -1.9234973
vt -5.9345455 -0.17486338
vt -5.5854545 -0.17486338
vt 2.7927272 -0.17486338
vt 1.0472727 -0.17486338
vt 1.0472727 -1.9234973
vt 2.7927272 -1.9234973
vt 2.7927272 -8.918033
vt 1.0472727 -8.918033
vt 1.0472727 -8.393442
vt 2.7927272 -8.393442
vt 9.229167 -0.98765427
vt 9.25 -0.98765427
vt 9.25 1.13028065e-07
vt 9.229167 1.13028065e-07
vt -2.9999998 1.13028065e-07
vt -2.0000002 1.13028065e-07
vt -2.0000002 -0.98765427
vt -2.9999998 -0.98765427
vt -2.9999998 -11.037036
vt -2.0000002 -11.037036
vt -2.0000002 -11.012344
vt -2.9999998 -11.012344
vt -8.3625 -1.2444445
vt -8.904166 -1.2444445
vt -8.904166 -0.05925926
vt -8.3625 -0.05925926
vt 1.7041667 -0.05925926
vt 1.6625 -0.05925926
vt 1.6625 -1.2444445
vt 1.7041667 -1.2444445
vt 1.7041667 -16.82963
vt 1.6625 -16.82963
vt 1.6625 -15.866667
vt 1.7041667 -15.866667
vt -1.375 -0.4375
vt -2.6875 -0.4375
vt -2.6875 -0.375
vt -1.375 -0.375
vt 2.4375 -0.375
vt 2 -0.375
vt 2 -0.4375
vt 2.4375 -0.4375
vt 2.4375 -2.6875
vt 2 -2.6875
vt 2 -1.375
vt 2.4375 -1.375
vt -1.875 -0.375
vt -3.1875 -0.375
vt -3.1875 -0.4375
vt -1.875 -0.4375
vt -3.4375 -0.125
vt -3.5 -0.125
vt -3.5 0.4375
vt -3.4375 0.4375
vt 2.125 0.4375
vt 1.9375 0.4375
vt 1.9375 -0.125
vt 2.125 -0.125
vt 2.125 -3.5
vt 1.9375 -3.5
vt 1.9375 -3.4375
vt 2.125 -3.4375
vt -3.465704 -1
vt -4.967509 -1
vt -4.967509 -0
vt -3.465704 -0
vt 4.620939 -0
vt 4.3898916 -0
vt 4.3898916 -1
vt 4.620939 -1
vt 4.620939 -2.6875
vt 4.3898916 -2.6875
vt 4.3898916 -1.875
vt 4.620939 -1.875
vt -1.3862816 -0.4375
vt -3.5812275 -0.4375
vt -3.5812275 -0.375
vt -1.3862816 -0.375
vt 4.736462 -0.375
vt 3.6967509 -0.375
vt 3.6967509 -0.4375
vt 4.736462 -0.4375
vt 4.736462 -1.9375
vt 3.6967509 -1.9375
vt 3.6967509 -0.75
vt 4.736462 -0.75
vt -2.0945454 -0.29090908
vt -2.24 -0.29090908
vt -2.24 -0.23272727
vt -2.0945454 -0.23272727
vt 0.11636364 -0.23272727
vt -0.40727273 -0.23272727
vt -0.40727273 -0.29090908
vt 0.11636364 -0.29090908
vt 0.11636364 -2.24
vt -0.40727273 -2.24
vt -0.40727273 -2.0945454
vt 0.11636364 -2.0945454
vt -4.4375 -0.375
vt -4.75 -0.375
vt -4.75 -0.5
vt -4.4375 -0.5
vt -4.5 -0.625
vt -4.75 -0.625
vt -4.5 -0.375
vt 0.40727273 -0.23272727
vt 0.11636364 -0.3490909
vt 0.40727273 -0.3490909
vt 0.40727273 -2.24
vt 0.11636364 -2.1236362
vt 0.40727273 -2.1236362
vt 0.625 -0.625
vt 0 -0.625
vt 0 -0.375
vt 0.625 -0.375
vt -3.5 -0.75
vt -6.875 -0.75
vt -6.875 -0.625
vt -3.5 -0.625
vt 4 -0.75
vt 0.625 -0.75
vt 0.625 -0.875
vt 4 -0.875
vt 4 -6.875
vt 0.625 -6.875
vt 0.625 -3.5
vt 4 -3.5
vt -6.875 -0.875
vt -3.5 -0.875
vt -4 -0.75
vt -4 -0.625
vt 0 -0.75
vt 0.625 -4
vt 0 -4
vt 0 -3.5
vt -4.5 -0.75
vt 0 -6.875
vt 0 -4.5
vt 0.625 -4.5
vt -4.125 -0.875
vt -4.125 2.375
vt -3.5 2.375
vt 3.6072726 3.2240436
vt 0.6981818 3.2240436
vt 0.6981818 -1.3224044
vt 3.6072726 -1.3224044
vt 3.6072726 -5.420765
vt 0.6981818 -5.420765
vt 0.6981818 -4.546448
vt 3.6072726 -4.546448
vt -3.0254545 3.2240436
vt -3.6072726 3.2240436
vt -3.6072726 -1.3224044
vt -3.0254545 -1.3224044
vt 0.11636364 3.2240436
vt 0 3.2240436
vt 0 -1.3224044
vt 0.11636364 -1.3224044
vt 0.11636364 -5.420765
vt 0 -5.420765
vt 0 -4.546448
vt 0.11636364 -4.546448
vt -4 -0.875
vt -4 2.375
vt 0.625 2.375
vt 0 2.375
vt 0.6981818 -5.2459016
vt 0.11636364 -5.2459016
vt -4 -0.25
vt -4.125 -0.25
vt 0.11636364 -0.44808742
vt 0.6981818 -0.44808742
vt 0.625 -4.125
vt 0 -4.125
vt 0.625 -0.25
vt 0 -0.25
vt -4.125 -0.75
vt 0.6981818 -1.1475409
vt 0.11636364 -1.1475409
vt -2.2109091 -0.3490909
vt -2.530909 -0.3490909
vt 0.29090908 -0.3490909
vt 0.64 -0.3490909
vt -6.25 -0.625
vt -6.75 -0.625
vt -6.75 -0.5
vt -6.25 -0.5
vt 1.125 -0.5
vt 1 -0.5
vt 1 -0.625
vt 1.125 -0.625
vt 1.125 -6.75
vt 1 -6.75
vt 1 -6.25
vt 1.125 -6.25
vt -6 -0.625
vt -6 -0.5
vt 1.75 -0.5
vt 1.75 -0.625
vt 1.75 -6.25
vt 1.125 -6
vt 1.75 -6
vt -1.5619792 -3.6867187
vt -2.843229 -3.6867187
vt -2.843229 4.891406
vt -1.5619792 4.891406
vt -4.085417 -4.6054688
vt -3.2833333 -4.6054688
vt -3.2833333 3.9726562
vt -4.085417 3.9726562
vt -2.8171875 -6.3421874
vt -2.8171875 -5.1390624
vt -1.5359375 -5.1390624
vt -1.5359375 -6.3421874
vt 4.1625 -3.6867187
vt 3.3604167 -3.6867187
vt 3.3604167 4.891406
vt 4.1625 4.891406
vt -2.8035715 5.392857
vt -5 5.392857
vt -5 -4.410714
vt -2.8035715 -4.410714
vt -3.2857144 -4.410714
vt -3.2857144 5.392857
vt 8.035714 5.392857
vt 7.571429 5.392857
vt 7.571429 -4.410714
vt 8.035714 -4.410714
vt -1.8171875 -6.7484374
vt -1.8171875 -6.3421874
vt -1.5359375 -6.7484374
vt 4.4333334 -3.6867187
vt 4.4333334 4.891406
vt -1.5359375 4.8320312
vt -1.8171875 4.8320312
vt -1.8171875 -3.7460938
vt -1.5359375 -3.7460938
vt -4.571429 -4.410714
vt -4.571429 5.392857
vt -4.35625 -4.6054688
vt -4.35625 3.9726562
vt -2.8171875 -6.7484374
vt -2.5671875 -6.3421874
vt -2.5671875 -6.7484374
vt -2.5671875 4.8320312
vt -2.8171875 4.8320312
vt -2.8171875 -3.7460938
vt -2.5671875 -3.7460938
vt -3.2857144 0.85714287
vt -4.571429 0.85714287
vt 7.571429 0.85714287
vt 8.035714 0.85714287
vt 8.035714 -4.571429
vt 7.571429 -4.571429
vt 7.571429 -3.2857144
vt 8.035714 -3.2857144
vt -2.5671875 0.86328125
vt -1.8171875 0.86328125
vt -4.571429 -0.14285715
vt -3.2857144 -0.14285715
vt 8.035714 -0.14285715
vt 7.571429 -0.14285715
vt -1.8171875 -0.01171875
vt -2.5671875 -0.01171875
vt 0.0512 -0.07655502
vt -0.4608 -0.07655502
vt -0.4608 0.30622008
vt 0.0512 0.30622008
vt 1.3824 0.30622008
vt 1.3312 0.30622008
vt 1.3312 -0.07655502
vt 1.3824 -0.07655502
vt 1.3824 -0.68899524
vt 1.3312 -0.68899524
vt 1.3312 0.07655502
vt 1.3824 0.07655502
vt 0.1536 -0.07655502
vt 0.0512 0.38277513
vt 0.1536 0.38277513
vt 1.6896 0.38277513
vt 1.3312 0.38277513
vt 1.6896 -0.07655502
vt 1.6896 0.07655502
vt 1.3312 0.22966507
vt 1.6896 0.22966507
vt -0.38333344 -0
vt -0.4250001 -0
vt -0.4250001 1
vt -0.38333344 1
vt 11.941668 1
vt 11.108334 1
vt 11.108334 -0
vt 11.941668 -0
vt 11.941668 0.14999974
vt 11.108334 0.14999974
vt 11.108334 0.23333307
vt 11.941668 0.23333307
vt 0.13043478 -0.08901252
vt 0.04347826 -0.08901252
vt 0.04347826 0.26703754
vt 0.13043478 0.26703754
vt 3.4347825 0.26703754
vt 2.8695652 0.26703754
vt 2.8695652 -0.08901252
vt 3.4347825 -0.08901252
vt 3.4347825 0.04450626
vt 2.8695652 0.04450626
vt 2.8695652 0.13351877
vt 3.4347825 0.13351877
vt -0.52577895 -0.0455516
vt -0.99716705 -0.0455516
vt -0.99716705 0.47829178
vt -0.52577895 0.47829178
vt 1.0152975 0.47829178
vt 0.6708216 0.47829178
vt 0.6708216 -0.0455516
vt 1.0152975 -0.0455516
vt 1.0152975 -1.252669
vt 0.6708216 -1.252669
vt 0.6708216 -0.66049814
vt 1.0152975 -0.66049814
vt -0.47138807 -0
vt -0.6889518 -0
vt -0.6889518 0.227758
vt -0.47138807 0.227758
vt 1.5229461 0.227758
vt 1.3416431 0.227758
vt 1.3416431 -0
vt 1.5229461 -0
vt 1.5229461 -0.86548036
vt 1.3416431 -0.86548036
vt 1.3416431 -0.5921708
vt 1.5229461 -0.5921708
vt -0.47138807 1.3575435e-08
vt -0.6889518 1.3575435e-08
vt 1.3416431 1.3575435e-08
vt 1.5229461 1.3575435e-08
vt -0.47138807 -3.3938587e-09
vt -0.6889518 -3.3938587e-09
vt 1.3416431 -3.3938587e-09
vt 1.5229461 -3.3938587e-09
vt -0.47138813 1.3575435e-08
vt -0.68895185 1.3575435e-08
vt -0.68895185 0.227758
vt -0.47138813 0.227758
vt 1.341643 0.227758
vt 1.341643 1.3575435e-08
vt 1.5229461 -0.8654805
vt 1.341643 -0.8654805
vt 1.341643 -0.59217083
vt 1.5229461 -0.59217083
vt -0.47138813 -0
vt -0.68895185 -0
vt 1.341643 -0
vt 0.1651613 -0.06772487
vt -0.41290322 -0.06772487
vt -0.41290322 0.74497354
vt 0.1651613 0.74497354
vt 11.808888 3.1288888
vt 10.671111 3.1288888
vt 10.671111 -0.28444445
vt 11.808888 -0.28444445
vt 11.808888 -1.1377778
vt 10.671111 -1.1377778
vt 10.671111 0.85333335
vt 11.808888 0.85333335
vt 3.3858066 0.13544974
vt 3.0554838 0.13544974
vt 3.0554838 -0.33862433
vt 3.3858066 -0.33862433
vt 3.3858066 -0.06772487
vt 3.0554838 -0.06772487
vt 3.0554838 0.74497354
vt 3.3858066 0.74497354
vt 0.85333335 3.1288888
vt -1.1377778 3.1288888
vt -1.1377778 -0.28444445
vt 0.85333335 -0.28444445
vt -0.41290322 0.2031746
vt -0.9083871 0.2031746
vt -0.9083871 0.74497354
vt 11.808888 -2.8444445
vt 10.671111 -2.8444445
vt 3.0554838 -0.74497354
vt 3.3858066 -0.74497354
vt -2.8444445 3.1288888
vt -2.8444445 0.85333335
vt -1.1377778 0.85333335
vt -3.1288888 2.9555554
vt -3.6977777 2.9555554
vt -3.6977777 2.991111
vt -3.1288888 2.991111
vt 11.8 2.991111
vt 6.3955555 2.991111
vt 6.3955555 2.9555554
vt 11.8 2.9555554
vt 11.8 -3.6977777
vt 6.3955555 -3.6977777
vt 6.3955555 -3.1288888
vt 11.8 -3.1288888
vt -0.58017 -3.3938587e-09
vt -0.68895185 -3.3938587e-09
vt -0.58017 0.227758
vt 1.4141643 0.227758
vt 1.341643 -3.3938587e-09
vt 1.4141643 -3.3938587e-09
vt 10.808888 -6.2577777
vt 10.24 -6.2577777
vt 10.24 -5.404444
vt 10.808888 -5.404444
vt 1.4141643 -0.7288256
vt 1.341643 -0.7288256
vt 1.4141643 -0.8654805
vt 10.808888 -0.28444445
vt 10.24 -0.28444445
vt 10.24 1.1377778
vt 10.808888 1.1377778
vt -5.404444 1.1377778
vt -6.2577777 1.1377778
vt -6.2577777 -0.28444445
vt -5.404444 -0.28444445
vt -0.47138813 0.1822064
vt -0.58017 0.1822064
vt 10.24 0.85333335
vt 10.808888 0.85333335
vt 10.24 -4.551111
vt 10.808888 -4.551111
vt 1.4141643 -0.59217083
vt 1.4141643 0.1822064
vt 1.341643 0.1822064
vt -4.551111 1.1377778
vt -5.404444 0.85333335
vt -4.551111 0.85333335
vt -2.8444445 -0.28444445
vt -4.266667 -0.28444445
vt -4.266667 3.1288888
vt 3.2206452 0.74497354
vt 3.2206452 -0.06772487
vt 11.377778 -4.266667
vt 10.808888 -4.266667
vt 10.808888 -2.8444445
vt 11.377778 -2.8444445
vt 3.2206452 -0.74497354
vt 3.2206452 -1.0835979
vt 3.3858066 -1.0835979
vt 11.24 -0.28444445
vt 11.24 3.1288888
vt -0.9083871 -0.06772487
vt -0.99096775 -0.06772487
vt -0.99096775 0.74497354
vt 10.808888 3.1288888
vt 10.24 3.1288888
vt 10.808888 -3.1288888
vt 10.24 -3.1288888
vt 10.24 -2.8444445
vt 3.0554838 -0.8126984
vt 3.2206452 -0.8126984
vt -3.1288888 3.1288888
vt -3.1288888 -0.28444445
vt -0.99096775 0.2031746
vt -1.3212904 0.2031746
vt -1.3212904 0.74497354
vt 3.0554838 0.2031746
vt 3.2206452 0.2031746
vt 10.24 -4.266667
vt 3.0554838 -1.0835979
vt -4.266667 0.85333335
vt -3.1288888 0.85333335
vt -2.5415163 -0.125
vt -4.3898916 -0.125
vt -4.3898916 -0
vt -2.5415163 -0
vt 9.241878 -0
vt 8.779783 -0
vt 8.779783 -0.125
vt 9.241878 -0.125
vt 9.241878 -2.375
vt 8.779783 -2.375
vt 8.779783 -1.375
vt 9.241878 -1.375
vt -0.9083871 -0
vt -1.5690323 -0
vt -1.5690323 0.1015873
vt -0.9083871 0.1015873
vt 3.2206452 0.1015873
vt 3.179355 0.1015873
vt 3.179355 -0
vt 3.2206452 -0
vt 3.2206452 -1.2867725
vt 3.179355 -1.2867725
vt 3.179355 -0.74497354
vt -0.9703226 -0.06772487
vt -1.5070968 -0.06772487
vt -1.5070968 -0.016931217
vt -0.9703226 -0.016931217
vt 3.1174192 -0.016931217
vt 3.0348387 -0.016931217
vt 3.0348387 -0.06772487
vt 3.1174192 -0.06772487
vt 3.1174192 -1.2359788
vt 3.0348387 -1.2359788
vt 3.0348387 -0.7957672
vt 3.1174192 -0.7957672
vt -1.2387097 -0.06772487
vt -1.8167742 -0.06772487
vt -1.8167742 0.27089947
vt -1.2387097 0.27089947
vt 1.4866854 0.227758
vt 1.4866854 -3.3938587e-09
vt 11.662222 -6.2577777
vt 11.377778 -6.2577777
vt 11.662222 -4.266667
vt 1.5229461 -0.54661924
vt 1.4866854 -0.54661924
vt 1.4866854 -0.8654805
vt 1.5229462 -3.3938587e-09
vt 1.4866855 -3.3938587e-09
vt 1.4866855 0.227758
vt 1.5229462 0.227758
vt -0.4351275 0.227758
vt -0.4351275 -3.3938587e-09
vt -4.551111 -0.28444445
vt -4.266667 1.1377778
vt 3.3032258 0.27089947
vt 3.1380646 0.27089947
vt 3.1380646 -0.06772487
vt 3.3032258 -0.06772487
vt 11.377778 -4.551111
vt 1.4141643 -0.54661924
vt 1.4866854 -0.59217083
vt -1.3212904 0.27089947
vt -1.3212904 -0.06772487
vt -5.12 -0.28444445
vt -5.12 1.1377778
vt 10.808888 -5.12
vt 11.377778 -5.12
vt 1.4866854 -0.68327403
vt 1.4141643 -0.68327403
vt -1.4864516 0.27089947
vt -1.4864516 -0.06772487
vt -4.551111 0.7111111
vt -5.12 0.7111111
vt 3.1380646 0.16931216
vt 3.3032258 0.16931216
vt 3.3032258 -1.2190477
vt 3.1380646 -1.2190477
vt 3.1380646 -1.0835979
vt 3.3032258 -1.0835979
vt -1.4864516 0.16931216
vt -1.3212904 0.16931216
vt -5.12 -0
vt -4.551111 -0
vt 3.3032258 -0
vt 3.1380646 -0
vt -1.3212904 -0
vt -1.4864516 -0
vt -10 -2.5
vt -27.5 -2.5
vt -27.5 7.5
vt -10 7.5
vt 98.375 7.5
vt 95.875 7.5
vt 95.875 -2.5
vt 98.375 -2.5
vt 98.375 -27.5
vt 95.875 -27.5
vt 95.875 -10
vt 98.375 -10
vt 1.732852 -0.125
vt -9.126354 -0.125
vt -9.126354 2.1875
vt 1.732852 2.1875
vt 1.5954673 0.8676155
vt 1.577337 0.8676155
vt 1.577337 0.024910906
vt 1.5954673 0.024910906
vt 10.397112 -4.9375
vt 10.281589 -4.9375
vt 10.281589 0.9375
vt 10.397112 0.9375
vt 1.5954673 1.0989325
vt 1.577337 1.0989325
vt 1.577337 -1.0419928
vt 1.5954673 -1.0419928
vt 1.1269121 0.8676155
vt -0.5773371 0.8676155
vt -0.5773371 0.024910906
vt 1.1269121 0.024910906
vt 0.6917847 0.024910906
vt 0.6917847 0.8676155
vt 10.281589 2.1875
vt 10.050542 2.1875
vt 10.050542 -0.125
vt 10.281589 -0.125
vt 10.281589 -0.5625
vt 10.050542 -0.5625
vt 10.050542 0.9375
vt 1.5410765 1.0989325
vt 1.5410765 0.5523132
vt 1.577337 0.5523132
vt 1.5410765 0.024910906
vt 1.5410765 0.8676155
vt -1.0397112 2.1875
vt -1.0397112 -0.125
vt 0.6011331 0.024910906
vt 0.6011331 0.8676155
vt 10.050542 -4.9375
vt 10.050542 -0.875
vt 10.281589 -0.875
vt 1.577337 0.4384342
vt 1.5410765 0.4384342
vt 1.5410765 -1.0419928
vt -1.6173285 2.1875
vt -1.6173285 -0.125
vt 0.6917847 0.1615657
vt 0.6011331 0.1615657
vt 10.050542 0.25
vt 10.281589 0.25
vt -1.6173285 0.25
vt -1.0397112 0.25
vt -1.7066667 -0.28444445
vt -1.7066667 3.1288888
vt 10.050542 1.375
vt 9.819494 1.375
vt 9.819494 -0.125
vt 9.819494 -0.5625
vt 9.819494 0.5625
vt 10.050542 0.5625
vt 3.4683871 0.13544974
vt 3.3858066 -0.47407407
vt 3.4683871 -0.47407407
vt 3.4683871 -0.06772487
vt 3.4683871 0.74497354
vt -0.5780645 0.74497354
vt -0.5780645 -0.06772487
vt -2.4177778 -0.28444445
vt -2.4177778 3.1288888
vt 10.050542 -1.6875
vt 9.819494 -1.6875
vt 9.819494 -0.875
vt 3.4683871 -0.64338624
vt 3.3858066 -0.64338624
vt 3.4683871 -1.0835979
vt -0.78451616 0.74497354
vt -0.78451616 -0.06772487
vt -1.7066667 0.5688889
vt -2.4177778 0.5688889
vt 9.819494 0.25
vt -0.78451616 0.13544974
vt -0.5780645 0.13544974
vt 0.25 -0.25
vt -4.8125 -0.25
vt -4.8125 -0.125
vt 0.25 -0.125
vt 5.25 -0.125
vt 3.9375 -0.125
vt 3.9375 -0.25
vt 5.25 -0.25
vt 5.25 -4.8125
vt 3.9375 -4.8125
vt 3.9375 0.25
vt 5.25 0.25
vt 0.46209386 -0.25
vt -8.895307 -0.25
vt -8.895307 -0.125
vt 0.46209386 -0.125
vt 7.8555956 -0.125
vt 5.429603 -0.125
vt 5.429603 -0.25
vt 7.8555956 -0.25
vt 7.8555956 -4.8125
vt 5.429603 -4.8125
vt 5.429603 0.25
vt 7.8555956 0.25
vt -1.4045327 0.024910906
vt -1.4589235 0.024910906
vt -1.4589235 0.8676155
vt -1.4045327 0.8676155
vt -1.577337 0.8676155
vt 0.12691216 0.8676155
vt 0.12691216 0.024910906
vt -1.577337 0.024910906
vt -1.4589235 -2.041993
vt -1.4589235 0.09893237
vt -1.4045327 0.09893237
vt -1.4045327 -2.041993
vt -1.2939347 0.5777778
vt -1.3934681 0.5777778
vt -1.3934681 0.62222224
vt -1.2939347 0.62222224
vt 3.0855365 0.62222224
vt 2.6376362 0.62222224
vt 2.6376362 0.5777778
vt 3.0855365 0.5777778
vt 3.0855365 -2.488889
vt 2.6376362 -2.488889
vt 2.6376362 -2.3111112
vt 3.0855365 -2.3111112
vt 3.0855365 -3.488889
vt 2.6376362 -3.488889
vt 2.6376362 -3.3111112
vt 3.0855365 -3.3111112
vt 3.0855362 0.62222224
vt 3.0855362 0.5777778
vt -2.4166667 -0.125
vt -2.75 -0.125
vt -2.75 0.75
vt -2.4166667 0.75
vt 5.0833335 0.75
vt 5 0.75
vt 5 -0.125
vt 5.0833335 -0.125
vt 5.0833335 -4.125
vt 5 -4.125
vt 5 -3.625
vt 5.0833335 -3.625
vt 0.880597 -0.02247191
vt 0.86567163 -0.02247191
vt 0.86567163 0.13483146
vt 0.880597 0.13483146
vt -0.8051613 -0.06772487
vt -1.672258 -0.06772487
vt -1.672258 -0.05079365
vt -0.8051613 -0.05079365
vt 2.580645 -0.05079365
vt 2.4980645 -0.05079365
vt 2.4980645 -0.06772487
vt 2.580645 -0.06772487
vt 2.580645 -1.3714286
vt 2.4980645 -1.3714286
vt 2.4980645 -0.6603175
vt 2.580645 -0.6603175
vt -1.8333334 -0.125
vt -2.4166667 0.25
vt -1.8333334 0.25
vt 0.880597 0.04494382
vt 0.86567163 0.04494382
vt 5 -2.75
vt 5.0833335 -2.75
vt 0.880597 -0.49438202
vt 0.86567163 -0.49438202
vt 0.86567163 -0.6516854
vt 0.880597 -0.6516854
vt -1.8333334 0.5
vt -2.4166667 0.625
vt -1.8333334 0.75
vt 0.86567163 0.11235955
vt 0.880597 0.08988764
vt 0.880597 0.101123594
vt -1.8333334 0.609375
vt -2.4166667 0.65625
vt -2.8333333 -0.125
vt -2.8333333 0.75
vt 4.4166665 0.75
vt 4.4166665 -0.125
vt 5.0833335 -4.25
vt 4.4166665 -4.25
vt 4.4166665 -4.125
vt -0.19402985 -0.04494382
vt -0.46268657 -0.04494382
vt -0.46268657 -0.02247191
vt -0.19402985 -0.02247191
vt 0.9104478 -0.02247191
vt 0.7910448 -0.02247191
vt 0.7910448 -0.04494382
vt 0.9104478 -0.04494382
vt 0.9104478 -0.6966292
vt 0.7910448 -0.6966292
vt 0.7910448 -0.29213482
vt 0.9104478 -0.29213482
vt -1.3333334 -0.125
vt -1.8333334 0.625
vt -1.3333334 0.625
vt 0.880597 0.11235955
vt 5 -2
vt 5.0833335 -2
vt 5 0.625
vt 5.0833335 0.625
vt -0.3072 -0.07655502
vt -0.6656 -0.07655502
vt -0.6656 -0
vt -0.3072 -0
vt 1.6384 -0
vt 1.536 -0
vt 1.536 -0.07655502
vt 1.6384 -0.07655502
vt 1.6384 -0.9952153
vt 1.536 -0.9952153
vt 1.536 -0.45933014
vt 1.6384 -0.45933014
vt 0.052287582 -0.104575165
vt -1.6732026 -0.104575165
vt -1.6732026 -0.052287582
vt 0.052287582 -0.052287582
vt 3.5555556 -0.052287582
vt 3.4509804 -0.052287582
vt 3.4509804 -0.104575165
vt 3.5555556 -0.104575165
vt 3.5555556 -1.6732026
vt 3.4509804 -1.6732026
vt 3.5555556 0.052287582
vt 38 -0
vt 32 -0
vt 32 5.5
vt 38 5.5
vt 3.5 5.5
vt -4 5.5
vt -4 -0
vt 3.5 -0
vt 3.5 32
vt -4 32
vt -4 38
vt 3.5 38
vt 40.5 -35
vt 27.5 -35
vt 27.5 -33.5
vt 40.5 -33.5
vt 15.5 -33.5
vt 5 -33.5
vt 5 -35
vt 15.5 -35
vt 15.5 27.5
vt 5 27.5
vt 5 40.5
vt 15.5 40.5

# normals
vn -1 0 0
vn -0.31622776601683794 0.9486832980505139 -0
vn 0 0 1
vn 0 -1 -0
vn 0 -0 -1
vn 1 0 0
vn 0 1 -0
vn 0.2124296443310437 -0 -0.9771763639228009
vn 0.25242189714700275 0 0.9676172723968438
vn 0.4472135954999579 0.8944271909999159 -0
vn -0.303203657276947 -0.952925780013262 -0
vn 0.303203657276947 0.952925780013262 -0
vn -0.22903933372554727 -0.9734171683335759 -0
vn 0.25589256031628255 0.9667052278615119 -0
vn -0.4472135954999579 0.8944271909999159 -0
vn 0.4472135954999579 -0.8944271909999159 -0
vn 0 0.932004671541296 0.36244626115494843
vn 0 -0.932004671541296 -0.36244626115494843
vn -0.33633639699815626 -0.9417419115948374 -0
vn 0.33633639699815626 0.9417419115948374 -0
vn 0 0.8574929257125442 0.5144957554275266
vn -0.3312945782245396 0.8834522085987723 -0.3312945782245396
vn -0 0.3511234415883917 -0.9363291775690445
vn 0 0.8870986885487812 -0.46157980542375604
vn -0 0.8870986885487813 -0.4615798054237561
vn -0 0.887098688548781 -0.4615798054237562
vn -0 0.8870986885487813 -0.4615798054237558
vn 0 -0.9904922731777516 0.1375683712746877
vn -0 0.9904922731777516 -0.1375683712746877
vn -0.9984603532054125 0 0.05547001962252291
vn -0.9984603532054125 -0.05547001962252291 -0
vn 0 -0.4061384660534476 -0.9138115486202572
vn 0.9979865878865898 0.03080205518168487 -0.05544369932703277
vn 0 0.707106781186533 0.7071067811865621
vn 0 -0.7071067811865311 -0.707106781186564
vn 0 0.7071067811865281 -0.7071067811865669
vn 4.652125803507483e-17 -0.7071067811865471 0.7071067811865478
vn 0 -0.7071067811865311 -0.7071067811865638
vn 0 0.7071067811865275 -0.7071067811865677
vn 0 0.7071067811865341 0.7071067811865609
vn -0 -0.7071067811865475 0.7071067811865475
vn 0 0.7371541402007261 0.6757246285173631
vn -5.024295867788172e-17 0.7071067811865345 0.7071067811865605
vn 0 -0.7371541402007281 -0.6757246285173609
vn -4.801312261672042e-17 0.7371541402007266 -0.6757246285173625
vn 5.02429586778808e-17 -0.7071067811865476 0.7071067811865476
vn -0 -0.7371541402007276 0.6757246285173615
vn 0 0.7371541402007284 0.6757246285173606
vn -0 0.7071067811865287 -0.7071067811865664
vn 0 0.737154140200728 0.675724628517361
vn -0 0.7371541402007272 -0.6757246285173617
vn 0 -0.737154140200726 -0.675724628517363
vn 4.801312261672042e-17 -0.7371541402007267 0.6757246285173626
vn 0 0.9942070475658493 0.10748184298009078
vn 0 -0.8357054797012777 -0.5491778866608318
vn 0 0.9942070475658493 0.10748184298009036
vn -5.237795194551079e-16 0.7371541402007254 0.6757246285173636
vn 0 -0.8357054797012776 -0.5491778866608317
vn -5.237795194551098e-16 -0.7371541402007282 -0.6757246285173608
vn 0 0.9942070475658493 0.10748184298009131
vn 0 0.7371541402007267 -0.6757246285173625
vn 0 -0.7371541402007253 -0.6757246285173638
vn -1.0475590389102188e-15 0.7371541402007276 0.6757246285173615
vn 0 0.7371541402007277 0.6757246285173611
vn -0 0.7371541402007274 -0.6757246285173614
vn 0 -0.7371541402007256 0.6757246285173637
vn 0 -0.7371541402007263 -0.6757246285173628
vn 0.8320502943378436 0.5547001962252291 -0
vn 0 0.8320502943378437 0.5547001962252291
vn 0 0.9486832980505138 0.31622776601683794
vn -0 0.8 -0.6
vn 0.5144957554275265 0.8574929257125441 -0
vn -0 0.9363291775690444 -0.3511234415883917
vn -0.31622776601683794 -0.9486832980505138 -0
vn 0.31622776601683794 0.9486832980505138 -0
vn -0.9333456062030595 0 0.3589790793088691
vn 0.8 0.6 -0
vn -0.9615239476408232 -0.27472112789737807 -0
vn 0.7808688094430304 0.6246950475544243 -0
vn -0.7770921712302368 -0.6293868106440399 -0
vn 0.7226556542760301 0.6912082214086308 -0
vn -0.7226556542760282 0.6912082214086328 -1.0697452616704048e-15
vn 0.7770921712302364 -0.6293868106440402 -0
vn -0.7770921712302347 0.6293868106440423 -0
vn 0.7770921712302361 0.6293868106440407 -8.282357959255322e-16
vn -0.7186021417665516 -0.6954214275160964 0
vn 0.7186021417665508 -0.6954214275160969 -0
vn 0.7226556542760264 0.6912082214086347 -9.746514964233214e-15
vn 0.6585046078685752 -0.7525766947068278 -1.6581020264380874e-15
vn -0.7226556542760542 0.6912082214086057 -0
vn -0.6585046078686043 -0.7525766947068024 0
vn 0.7186021417665904 0.6954214275160558 0
vn -0.718602141766589 0.6954214275160575 -0
vn 0.6585046078685447 -0.7525766947068544 -0
vn -0.9980542683776368 0.04277375435904158 0.0453661031080744
vn -0.4290685138765608 0.28195930911888284 0.8581370277531216
vn -0.9931506043228763 0.11684124756739721 -0
vn -0.18230563002680836 0.22520107238605905 0.957104557640751
vn 0.18711210788999383 -0 -0.982338566422475
vn -0.18230563002680555 0.22520107238613893 0.9571045576407325
vn 0.18711210788999455 0 -0.982338566422475
vn -0.8951869341543104 0.44569087147865893 4.018758908235695e-14
vn -0.7218964023380319 0.49316742592944574 -0.48543946511746544
vn -0.5000000000002116 -0.8660254037843164 1.5542328972139013e-14
vn 0.4999999999981658 0.8660254037854976 -2.786335638021045e-13
vn 0.7856209112186539 -0.38338913521145906 0.48560534887682355
vn 0.8951869341544652 -0.44569087147834785 -8.421360814745125e-13
vn -0.9931506043228763 0.11684124756739679 -0
vn -0.18711210788999347 -0 0.982338566422475
vn 0.18711210788999427 -4.187961194570881e-15 -0.9823385664224749
vn -0.9931506043228762 0.11684124756739678 -0
vn -0.18230563002680483 0.22520107238613446 0.9571045576407339
vn 0.18230563002680808 -0.22520107238606002 -0.9571045576407508
vn -0.9931506043228755 0.11684124756740374 -0
vn -0.18230563002680777 0.22520107238606477 0.9571045576407498
vn 0.18711210788999347 -1.1231474463875042e-15 -0.982338566422475
vn -0.993150604322877 0.11684124756738981 -0
vn -0.1823056300268082 0.22520107238605686 0.9571045576407514
vn 0.18711210788999433 -0 -0.9823385664224749
vn 0.4290685138765608 0.28195930911888284 -0.8581370277531216
vn 0.9980542683776368 0.04277375435904158 -0.0453661031080744
vn -0.18711210788999383 0 0.982338566422475
vn 0.18230563002680836 0.22520107238605905 -0.957104557640751
vn 0.9931506043228763 0.11684124756739721 -0
vn -0.8951869341544652 -0.44569087147834785 8.421360814745125e-13
vn -0.7856209112186539 -0.38338913521145906 -0.48560534887682355
vn -0.4999999999981658 0.8660254037854976 2.786335638021045e-13
vn 0.5000000000002117 -0.8660254037843165 -1.554232897213901e-14
vn 0.7218964023380319 0.49316742592944574 0.48543946511746544
vn 0.8951869341543103 0.4456908714786589 -4.018758908235693e-14
vn -0.18711210788999433 0 0.9823385664224749
vn 0.1823056300268082 0.22520107238605686 -0.9571045576407514
vn 0.993150604322877 0.11684124756738981 0
vn -0.1823056300268081 -0.22520107238605938 0.9571045576407509
vn 0.18230563002680553 0.22520107238613574 -0.9571045576407334
vn 0.9931506043228762 0.11684124756739679 -0
vn -0.9659258262890933 0 0.2588190451024272
vn -0.2588190451025333 0 -0.965925826289065
vn 0.2588190451025333 0 0.965925826289065
vn 0.9659258262889796 -0 -0.2588190451028515
vn -0.7035264706814485 -0.7035264706814485 0.10050378152592121

o entity0_brush0
usemtl arcade/trench/graffiti
f  1/1/1  2/2/1  3/3/1  4/4/1
usemtl arcade/trench/graffiti
f  5/5/2  4/6/2  3/7/2  6/8/2
usemtl arcade/trench/graffiti
f  6/9/3  3/10/3  2/11/3  7/12/3
usemtl arcade/trench/graffiti
f  7/8/4  2/7/4  1/6/4  8/5/4
usemtl arcade/trench/graffiti
f  8/12/5  1/11/5  4/10/5  5/9/5
usemtl arcade/trench/graffiti
f  7/2/6  8/1/6  5/4/6  6/3/6

o entity0_brush1
usemtl arcade/trench/graffiti
f  9/13/1  10/14/1  11/15/1  12/16/1
usemtl arcade/trench/graffiti
f  13/17/3  11/18/3  10/19/3  14/20/3
usemtl arcade/trench/graffiti
f  14/21/4  10/22/4  9/23/4  15/24/4
usemtl arcade/trench/graffiti
f  16/24/7  12/23/7  11/22/7  13/21/7
usemtl arcade/trench/graffiti
f  15/20/5  9/19/5  12/18/5  16/17/5
usemtl arcade/trench/graffiti
f  16/16/6  13/15/6  14/14/6  15/13/6

o entity0_brush2
usemtl arcade/trench/graffiti
f  17/25/1  18/26/1  19/27/1  20/28/1
usemtl arcade/trench/graffiti
f  21/17/3  19/18/3  18/19/3  22/20/3
usemtl arcade/trench/graffiti
f  22/29/4  18/30/4  17/31/4  23/32/4
usemtl arcade/trench/graffiti
f  24/32/7  20/31/7  19/30/7  21/29/7
usemtl arcade/trench/graffiti
f  23/20/5  17/19/5  20/18/5  24/17/5
usemtl arcade/trench/graffiti
f  24/28/6  21/27/6  22/26/6  23/25/6

o entity0_brush3
usemtl arcade/trench/graffiti
f  25/33/1  26/34/1  27/35/1  28/36/1
usemtl arcade/trench/graffiti
f  29/17/3  27/37/3  26/38/3  30/20/3
usemtl arcade/trench/graffiti
f  30/32/4  26/39/4  25/40/4  31/41/4
usemtl arcade/trench/graffiti
f  32/41/7  28/40/7  27/39/7  29/32/7
usemtl arcade/trench/graffiti
f  31/42/5  25/43/5  28/44/5  32/45/5
usemtl arcade/trench/graffiti
f  32/46/6  29/47/6  30/48/6  31/49/6

o entity0_brush4
usemtl arcade/trench/graffiti
f  33/50/1  34/51/1  35/52/1  36/53/1
usemtl arcade/trench/graffiti
f  37/39/4  36/54/4  35/55/4  38/40/4
usemtl arcade/trench/graffiti
f  39/40/7  34/55/7  33/54/7  40/39/7
usemtl arcade/trench/graffiti
f  38/38/8  35/56/8  34/57/8  39/37/8
usemtl arcade/trench/graffiti
f  40/37/9  33/57/9  36/56/9  37/38/9
usemtl arcade/trench/graffiti
f  40/28/6  37/25/6  38/58/6  39/59/6

o entity0_brush5
usemtl arcade/trench/graffiti
f  41/60/1  42/61/1  43/62/1  44/63/1
usemtl arcade/trench/graffiti
f  45/64/3  43/65/3  42/66/3  46/67/3
usemtl arcade/trench/graffiti
f  46/68/4  42/69/4  41/70/4  47/71/4
usemtl arcade/trench/graffiti
f  48/71/7  44/70/7  43/69/7  45/68/7
usemtl arcade/trench/graffiti
f  47/67/5  41/66/5  44/65/5  48/64/5
usemtl arcade/trench/graffiti
f  48/63/6  45/62/6  46/61/6  47/60/6

o entity0_brush6
usemtl arcade/trench/graffiti
f  49/61/1  50/72/1  51/73/1  52/74/1
usemtl arcade/trench/graffiti
f  53/57/3  51/75/3  50/66/3  54/67/3
usemtl arcade/trench/graffiti
f  54/76/4  50/77/4  49/69/4  55/68/4
usemtl arcade/trench/graffiti
f  56/68/7  52/69/7  51/77/7  53/76/7
usemtl arcade/trench/graffiti
f  55/67/5  49/66/5  52/75/5  56/57/5
usemtl arcade/trench/graffiti
f  56/74/6  53/73/6  54/72/6  55/61/6

o entity0_brush7
usemtl arcade/trench/graffiti
f  57/78/1  58/79/1  59/2/1  60/80/1
usemtl arcade/trench/graffiti
f  61/65/3  59/12/3  58/81/3  62/66/3
usemtl arcade/trench/graffiti
f  62/82/4  58/8/4  57/83/4  63/84/4
usemtl arcade/trench/graffiti
f  64/84/7  60/83/7  59/8/7  61/82/7
usemtl arcade/trench/graffiti
f  63/66/5  57/81/5  60/12/5  64/65/5
usemtl arcade/trench/graffiti
f  64/80/6  61/2/6  62/79/6  63/78/6

o entity0_brush8
usemtl arcade/trench/graffiti
f  65/60/1  66/79/1  67/2/1  68/63/1
usemtl arcade/trench/graffiti
f  69/12/3  67/85/3  66/86/3  70/81/3
usemtl arcade/trench/graffiti
f  70/8/4  66/87/4  65/88/4  71/89/4
usemtl arcade/trench/graffiti
f  72/89/7  68/88/7  67/87/7  69/8/7
usemtl arcade/trench/graffiti
f  71/81/5  65/86/5  68/85/5  72/12/5
usemtl arcade/trench/graffiti
f  72/63/6  69/2/6  70/79/6  71/60/6

o entity0_brush9
usemtl arcade/trench/graffiti
f  73/60/1  74/90/1  75/91/1  76/63/1
usemtl arcade/trench/graffiti
f  77/85/3  75/11/3  74/92/3  78/86/3
usemtl arcade/trench/graffiti
f  78/93/4  74/94/4  73/95/4  79/88/4
usemtl arcade/trench/graffiti
f  80/88/7  76/95/7  75/94/7  77/93/7
usemtl arcade/trench/graffiti
f  79/86/5  73/92/5  76/11/5  80/85/5
usemtl arcade/trench/graffiti
f  80/63/6  77/91/6  78/90/6  79/60/6

o entity0_brush10
usemtl arcade/trench/graffiti
f  81/96/1  82/79/1  83/2/1  84/97/1
usemtl arcade/trench/graffiti
f  85/85/3  83/11/3  82/92/3  86/86/3
usemtl arcade/trench/graffiti
f  86/87/4  82/7/4  81/98/4  87/99/4
usemtl arcade/trench/graffiti
f  88/99/7  84/98/7  83/7/7  85/87/7
usemtl arcade/trench/graffiti
f  87/86/5  81/92/5  84/11/5  88/85/5
usemtl arcade/trench/graffiti
f  88/97/6  85/2/6  86/79/6  87/96/6

o entity0_brush11
usemtl arcade/trench/graffiti
f  89/100/1  90/101/1  91/102/1  92/103/1
usemtl arcade/trench/graffiti
f  93/17/3  91/18/3  90/19/3  94/20/3
usemtl arcade/trench/graffiti
f  94/104/4  90/105/4  89/106/4  95/107/4
usemtl arcade/trench/graffiti
f  96/107/7  92/106/7  91/105/7  93/104/7
usemtl arcade/trench/graffiti
f  95/20/5  89/19/5  92/18/5  96/17/5
usemtl arcade/trench/graffiti
f  96/103/6  93/102/6  94/101/6  95/100/6

o entity0_brush12
usemtl arcade/trench/graffiti
f  97/108/1  98/109/1  99/110/1  100/111/1
usemtl arcade/trench/graffiti
f  101/112/3  99/113/3  98/114/3  102/115/3
usemtl arcade/trench/graffiti
f  102/41/4  98/116/4  97/117/4  103/118/4
usemtl arcade/trench/graffiti
f  104/118/7  100/117/7  99/116/7  101/41/7
usemtl arcade/trench/graffiti
f  103/115/5  97/114/5  100/113/5  104/112/5
usemtl arcade/trench/graffiti
f  104/111/6  101/110/6  102/109/6  103/108/6

o entity0_brush13
usemtl arcade/trench/graffiti
f  105/108/1  106/119/1  107/120/1  108/111/1
usemtl arcade/trench/graffiti
f  109/121/3  107/112/3  106/115/3  110/122/3
usemtl arcade/trench/graffiti
f  110/123/4  106/124/4  105/118/4  111/125/4
usemtl arcade/trench/graffiti
f  112/125/7  108/118/7  107/124/7  109/123/7
usemtl arcade/trench/graffiti
f  111/122/5  105/115/5  108/112/5  112/121/5
usemtl arcade/trench/graffiti
f  112/111/6  109/120/6  110/119/6  111/108/6

o entity0_brush14
usemtl arcade/trench/graffiti
f  113/126/1  114/127/1  115/128/1  116/129/1
usemtl arcade/trench/graffiti
f  117/130/3  115/131/3  114/132/3  118/133/3
usemtl arcade/trench/graffiti
f  118/134/4  114/135/4  113/136/4  119/137/4
usemtl arcade/trench/graffiti
f  120/137/7  116/136/7  115/135/7  117/134/7
usemtl arcade/trench/graffiti
f  119/133/5  113/132/5  116/131/5  120/130/5
usemtl arcade/trench/graffiti
f  120/129/6  117/128/6  118/127/6  119/126/6

o entity0_brush15
usemtl arcade/trench/fancywood
f  121/138/1  122/139/1  123/140/1  124/141/1
usemtl arcade/trench/fancywood
f  125/142/3  123/143/3  122/144/3  126/145/3
usemtl arcade/trench/fancywood
f  126/146/4  122/147/4  121/148/4  127/149/4
usemtl arcade/trench/fancywood
f  128/149/7  124/148/7  123/147/7  125/146/7
usemtl arcade/trench/fancywood
f  127/145/5  121/144/5  124/143/5  128/142/5
usemtl arcade/trench/fancywood
f  128/141/6  125/140/6  126/139/6  127/138/6

o entity0_brush16
usemtl arcade/trench/fancywood
f  129/141/1  130/150/1  131/151/1  132/140/1
usemtl arcade/trench/fancywood
f  133/152/3  132/142/3  131/153/3  134/154/3
usemtl arcade/trench/fancywood
f  134/155/4  131/146/4  130/149/4  135/156/4
usemtl arcade/trench/fancywood
f  135/154/5  130/153/5  129/142/5  136/152/5
usemtl arcade/trench/fancywood
f  136/156/10  129/149/10  132/146/10  133/155/10
usemtl arcade/trench/fancywood
f  135/150/6  136/141/6  133/140/6  134/151/6

o entity0_brush17
usemtl arcade/trench/graffiti
f  137/157/1  138/158/1  139/159/1  140/128/1
usemtl arcade/trench/graffiti
f  141/130/3  139/131/3  138/160/3  142/161/3
usemtl arcade/trench/graffiti
f  142/162/4  138/163/4  137/135/4  143/134/4
usemtl arcade/trench/graffiti
f  144/134/7  140/135/7  139/163/7  141/162/7
usemtl arcade/trench/graffiti
f  143/161/5  137/160/5  140/131/5  144/130/5
usemtl arcade/trench/graffiti
f  144/128/6  141/159/6  142/158/6  143/157/6

o entity0_brush18
usemtl arcade/trench/graffiti
f  145/164/1  146/165/1  147/166/1  148/159/1
usemtl arcade/trench/graffiti
f  149/130/3  147/131/3  146/132/3  150/133/3
usemtl arcade/trench/graffiti
f  150/167/4  146/168/4  145/163/4  151/162/4
usemtl arcade/trench/graffiti
f  152/162/7  148/163/7  147/168/7  149/167/7
usemtl arcade/trench/graffiti
f  151/133/5  145/132/5  148/131/5  152/130/5
usemtl arcade/trench/graffiti
f  152/159/6  149/166/6  150/165/6  151/164/6

o entity0_brush19
usemtl arcade/trench/graffiti
f  153/169/1  154/170/1  155/171/1  156/172/1
usemtl arcade/trench/graffiti
f  157/173/3  155/174/3  154/175/3  158/176/3
usemtl arcade/trench/graffiti
f  158/177/4  154/178/4  153/179/4  159/180/4
usemtl arcade/trench/graffiti
f  160/180/7  156/179/7  155/178/7  157/177/7
usemtl arcade/trench/graffiti
f  159/176/5  153/175/5  156/174/5  160/173/5
usemtl arcade/trench/graffiti
f  160/172/6  157/171/6  158/170/6  159/169/6

o entity0_brush20
usemtl arcade/trench/graffiti
f  161/181/1  162/182/1  163/183/1  164/184/1
usemtl arcade/trench/graffiti
f  165/185/3  163/186/3  162/187/3  166/188/3
usemtl arcade/trench/graffiti
f  166/189/4  162/190/4  161/191/4  167/192/4
usemtl arcade/trench/graffiti
f  168/192/7  164/191/7  163/190/7  165/189/7
usemtl arcade/trench/graffiti
f  167/188/5  161/187/5  164/186/5  168/185/5
usemtl arcade/trench/graffiti
f  168/184/6  165/183/6  166/182/6  167/181/6

o entity0_brush21
usemtl arcade/trench/graffiti
f  169/193/1  170/194/1  171/195/1  172/196/1
usemtl arcade/trench/graffiti
f  173/197/11  171/189/11  170/198/11  174/199/11
usemtl arcade/trench/graffiti
f  175/200/3  172/188/3  171/201/3  173/202/3
usemtl arcade/trench/graffiti
f  174/202/5  170/201/5  169/188/5  176/200/5
usemtl arcade/trench/graffiti
f  176/199/12  169/198/12  172/189/12  175/197/12
usemtl arcade/trench/graffiti
f  174/203/6  176/204/6  175/205/6  173/206/6

o entity0_brush22
usemtl arcade/trench/graffiti
f  177/207/1  178/208/1  179/209/1  180/210/1
usemtl arcade/trench/graffiti
f  181/211/13  179/212/13  178/199/13  182/213/13
usemtl arcade/trench/graffiti
f  183/214/3  180/215/3  179/216/3  181/217/3
usemtl arcade/trench/graffiti
f  182/217/5  178/216/5  177/215/5  184/214/5
usemtl arcade/trench/graffiti
f  184/213/14  177/199/14  180/212/14  183/211/14
usemtl arcade/trench/graffiti
f  183/210/6  181/209/6  182/208/6  184/207/6

o entity0_brush23
usemtl arcade/trench/graffiti
f  185/218/1  186/169/1  187/172/1  188/219/1
usemtl arcade/trench/graffiti
f  189/220/3  187/174/3  186/175/3  190/221/3
usemtl arcade/trench/graffiti
f  190/222/4  186/179/4  185/223/4  191/224/4
usemtl arcade/trench/graffiti
f  192/224/7  188/223/7  187/179/7  189/222/7
usemtl arcade/trench/graffiti
f  191/221/5  185/175/5  188/174/5  192/220/5
usemtl arcade/trench/graffiti
f  192/219/6  189/172/6  190/169/6  191/218/6

o entity0_brush24
usemtl arcade/trench/graffiti
f  193/225/1  194/226/1  195/227/1  196/1/1
usemtl arcade/trench/graffiti
f  197/228/3  195/229/3  194/230/3  198/231/3
usemtl arcade/trench/graffiti
f  198/232/4  194/233/4  193/234/4  199/235/4
usemtl arcade/trench/graffiti
f  200/235/7  196/234/7  195/233/7  197/232/7
usemtl arcade/trench/graffiti
f  199/231/5  193/230/5  196/229/5  200/228/5
usemtl arcade/trench/graffiti
f  200/1/6  197/227/6  198/226/6  199/225/6

o entity0_brush25
usemtl arcade/trench/graffiti
f  201/225/1  202/236/1  203/63/1  204/1/1
usemtl arcade/trench/graffiti
f  205/64/3  203/228/3  202/231/3  206/237/3
usemtl arcade/trench/graffiti
f  206/71/4  202/238/4  201/235/4  207/55/4
usemtl arcade/trench/graffiti
f  208/55/7  204/235/7  203/238/7  205/71/7
usemtl arcade/trench/graffiti
f  207/237/5  201/231/5  204/228/5  208/64/5
usemtl arcade/trench/graffiti
f  208/1/6  205/63/6  206/236/6  207/225/6

o entity0_brush26
usemtl clean/metalbridgetoprailbig
f  209/239/1  210/240/1  211/241/1  212/242/1
usemtl clean/metalbridgetoprailbig
f  213/243/3  211/244/3  210/245/3  214/246/3
usemtl clean/metalbridgetoprailbig
f  214/247/4  210/248/4  209/249/4  215/250/4
usemtl clean/metalbridgetoprailbig
f  216/250/7  212/249/7  211/248/7  213/247/7
usemtl clean/metalbridgetoprailbig
f  215/246/5  209/245/5  212/244/5  216/243/5
usemtl clean/metalbridgetoprailbig
f  216/242/6  213/241/6  214/240/6  215/239/6

o entity0_brush27
usemtl arcade/trench/graffiti
f  217/251/1  218/252/1  219/253/1  220/254/1
usemtl arcade/trench/graffiti
f  221/255/3  219/256/3  218/257/3  222/258/3
usemtl arcade/trench/graffiti
f  222/259/4  218/260/4  217/261/4  223/262/4
usemtl arcade/trench/graffiti
f  224/262/7  220/261/7  219/260/7  221/259/7
usemtl arcade/trench/graffiti
f  223/258/5  217/257/5  220/256/5  224/255/5
usemtl arcade/trench/graffiti
f  224/254/6  221/253/6  222/252/6  223/251/6

o entity0_brush28
usemtl arcade/trench/graffiti
f  225/171/1  226/263/1  227/264/1  228/265/1
usemtl arcade/trench/graffiti
f  229/266/15  227/267/15  226/268/15  230/269/15
usemtl arcade/trench/graffiti
f  230/270/3  226/271/3  225/272/3  231/273/3
usemtl arcade/trench/graffiti
f  232/273/5  228/272/5  227/271/5  229/270/5
usemtl arcade/trench/graffiti
f  231/274/16  225/275/16  228/276/16  232/277/16
usemtl arcade/trench/graffiti
f  232/251/6  229/254/6  230/253/6  231/252/6

o entity0_brush29
usemtl arcade/trench/graffiti
f  233/278/1  234/279/1  235/280/1  236/281/1
usemtl arcade/trench/graffiti
f  237/255/3  235/256/3  234/257/3  238/258/3
usemtl arcade/trench/graffiti
f  239/282/17  236/283/17  235/261/17  237/262/17
usemtl arcade/trench/graffiti
f  238/262/18  234/261/18  233/283/18  240/282/18
usemtl arcade/trench/graffiti
f  240/284/5  233/285/5  236/286/5  239/287/5
usemtl arcade/trench/graffiti
f  237/280/6  238/279/6  240/278/6  239/281/6

o entity0_brush30
usemtl arcade/trench/graffiti
f  241/288/1  242/289/1  243/290/1  244/291/1
usemtl arcade/trench/graffiti
f  245/292/3  243/293/3  242/286/3  246/287/3
usemtl arcade/trench/graffiti
f  246/282/4  242/283/4  241/294/4  247/295/4
usemtl arcade/trench/graffiti
f  248/295/7  244/294/7  243/283/7  245/282/7
usemtl arcade/trench/graffiti
f  247/287/5  241/286/5  244/293/5  248/292/5
usemtl arcade/trench/graffiti
f  248/291/6  245/290/6  246/289/6  247/288/6

o entity0_brush31
usemtl arcade/trench/graffiti
f  249/296/1  250/297/1  251/298/1  252/299/1
usemtl arcade/trench/graffiti
f  253/17/3  251/18/3  250/19/3  254/20/3
usemtl arcade/trench/graffiti
f  254/300/4  250/301/4  249/302/4  255/303/4
usemtl arcade/trench/graffiti
f  256/303/7  252/302/7  251/301/7  253/300/7
usemtl arcade/trench/graffiti
f  255/20/5  249/19/5  252/18/5  256/17/5
usemtl arcade/trench/graffiti
f  256/299/6  253/298/6  254/297/6  255/296/6

o entity0_brush32
usemtl arcade/trench/graffiti
f  257/296/1  258/304/1  259/186/1  260/305/1
usemtl arcade/trench/graffiti
f  261/294/19  259/306/19  258/303/19  262/286/19
usemtl arcade/trench/graffiti
f  263/307/3  260/308/3  259/309/3  261/310/3
usemtl arcade/trench/graffiti
f  262/310/5  258/309/5  257/308/5  264/307/5
usemtl arcade/trench/graffiti
f  264/286/20  257/303/20  260/306/20  263/294/20
usemtl arcade/trench/graffiti
f  262/311/6  264/312/6  263/291/6  261/288/6

o entity0_brush33
usemtl arcade/trench/graffiti
f  265/311/1  266/288/1  267/291/1  268/312/1
usemtl arcade/trench/graffiti
f  269/292/3  267/293/3  266/286/3  270/287/3
usemtl arcade/trench/graffiti
f  270/295/4  266/294/4  265/286/4  271/287/4
usemtl arcade/trench/graffiti
f  272/287/7  268/286/7  267/294/7  269/295/7
usemtl arcade/trench/graffiti
f  271/287/5  265/286/5  268/293/5  272/292/5
usemtl arcade/trench/graffiti
f  272/312/6  269/291/6  270/288/6  271/311/6

o entity0_brush34
usemtl arcade/trench/graffiti
f  273/313/1  274/314/1  275/298/1  276/315/1
usemtl arcade/trench/graffiti
f  277/316/3  275/17/3  274/176/3  278/317/3
usemtl arcade/trench/graffiti
f  278/261/4  274/300/4  273/306/4  279/294/4
usemtl arcade/trench/graffiti
f  280/294/7  276/306/7  275/300/7  277/261/7
usemtl arcade/trench/graffiti
f  279/317/5  273/176/5  276/17/5  280/316/5
usemtl arcade/trench/graffiti
f  280/315/6  277/298/6  278/314/6  279/313/6

o entity0_brush35
usemtl arcade/trench/graffiti
f  281/318/1  282/319/1  283/320/1  284/321/1
usemtl arcade/trench/graffiti
f  285/17/3  283/18/3  282/19/3  286/20/3
usemtl arcade/trench/graffiti
f  286/17/4  282/18/4  281/322/4  287/1/4
usemtl arcade/trench/graffiti
f  288/1/7  284/322/7  283/18/7  285/17/7
usemtl arcade/trench/graffiti
f  287/20/5  281/19/5  284/18/5  288/17/5
usemtl arcade/trench/graffiti
f  288/321/6  285/320/6  286/319/6  287/318/6

o entity0_brush36
usemtl arcade/trench/graffiti
f  289/323/1  290/324/1  291/325/1  292/326/1
usemtl arcade/trench/graffiti
f  293/17/3  291/18/3  290/19/3  294/20/3
usemtl arcade/trench/graffiti
f  294/327/4  290/328/4  289/329/4  295/330/4
usemtl arcade/trench/graffiti
f  296/330/7  292/329/7  291/328/7  293/327/7
usemtl arcade/trench/graffiti
f  295/20/5  289/19/5  292/18/5  296/17/5
usemtl arcade/trench/graffiti
f  296/326/6  293/325/6  294/324/6  295/323/6

o entity0_brush37
usemtl arcade/trench/graffiti
f  297/331/1  298/332/1  299/333/1  300/334/1
usemtl arcade/trench/graffiti
f  301/335/3  299/336/3  298/337/3  302/338/3
usemtl arcade/trench/graffiti
f  302/237/4  298/339/4  297/340/4  303/341/4
usemtl arcade/trench/graffiti
f  304/341/7  300/340/7  299/339/7  301/237/7
usemtl arcade/trench/graffiti
f  303/338/5  297/337/5  300/336/5  304/335/5
usemtl arcade/trench/graffiti
f  304/342/6  301/343/6  302/344/6  303/345/6

o entity0_brush38
usemtl arcade/trench/graffiti
f  305/331/1  306/346/1  307/347/1  308/334/1
usemtl arcade/trench/graffiti
f  309/348/3  307/349/3  306/350/3  310/351/3
usemtl arcade/trench/graffiti
f  310/352/4  306/353/4  305/354/4  311/340/4
usemtl arcade/trench/graffiti
f  312/340/7  308/354/7  307/353/7  309/352/7
usemtl arcade/trench/graffiti
f  311/337/5  305/355/5  308/356/5  312/336/5
usemtl arcade/trench/graffiti
f  312/334/6  309/347/6  310/346/6  311/331/6

o entity0_brush39
usemtl arcade/trench/graffiti
f  313/357/1  314/358/1  315/359/1  316/360/1
usemtl arcade/trench/graffiti
f  317/361/3  315/362/3  314/363/3  318/364/3
usemtl arcade/trench/graffiti
f  319/365/21  316/366/21  315/367/21  317/368/21
usemtl arcade/trench/graffiti
f  318/368/4  314/367/4  313/366/4  320/365/4
usemtl arcade/trench/graffiti
f  320/364/5  313/363/5  316/362/5  319/361/5
usemtl arcade/trench/graffiti
f  317/359/6  318/358/6  320/357/6  319/360/6

o entity0_brush40
usemtl arcade/trench/graffiti
f  321/358/1  322/369/1  323/331/1  324/359/1
usemtl arcade/trench/graffiti
f  325/370/3  323/332/3  322/363/3  326/364/3
usemtl arcade/trench/graffiti
f  326/371/4  322/372/4  321/367/4  327/368/4
usemtl arcade/trench/graffiti
f  328/368/7  324/367/7  323/372/7  325/371/7
usemtl arcade/trench/graffiti
f  327/364/5  321/363/5  324/332/5  328/370/5
usemtl arcade/trench/graffiti
f  328/359/6  325/331/6  326/369/6  327/358/6

o entity0_brush41
usemtl arcade/trench/graffiti
f  329/373/1  330/374/1  331/375/1  332/376/1
usemtl arcade/trench/graffiti
f  333/332/3  331/377/3  330/378/3  334/363/3
usemtl arcade/trench/graffiti
f  334/379/4  330/380/4  329/381/4  335/382/4
usemtl arcade/trench/graffiti
f  336/382/7  332/381/7  331/380/7  333/379/7
usemtl arcade/trench/graffiti
f  335/363/5  329/378/5  332/377/5  336/332/5
usemtl arcade/trench/graffiti
f  336/376/6  333/375/6  334/374/6  335/373/6

o entity0_brush42
usemtl arcade/trench/graffiti
f  337/383/1  338/384/1  339/385/1  340/386/1
usemtl arcade/trench/graffiti
f  340/387/22  339/388/22  341/389/22
usemtl arcade/trench/graffiti
f  342/332/3  339/377/3  338/378/3  343/363/3
usemtl arcade/trench/graffiti
f  343/390/4  338/388/4  337/387/4  344/389/4
usemtl arcade/trench/graffiti
f  341/389/7  339/388/7  342/390/7
usemtl arcade/trench/graffiti
f  344/363/5  337/378/5  340/391/5  341/332/5
usemtl arcade/trench/graffiti
f  344/383/6  341/392/6  342/385/6  343/384/6

o entity0_brush43
usemtl clean/dryforestground
f  345/393/1  346/394/1  347/395/1  348/396/1
usemtl clean/dryforestground
f  349/397/3  347/398/3  346/399/3  350/400/3
usemtl clean/dryforestground
f  350/401/4  346/402/4  345/403/4  351/404/4
usemtl clean/dryforestground
f  352/404/7  348/403/7  347/402/7  349/401/7
usemtl clean/dryforestground
f  351/400/5  345/399/5  348/398/5  352/397/5
usemtl clean/dryforestground
f  352/396/6  349/395/6  350/394/6  351/393/6

o entity0_brush44
usemtl arcade/trench/graffiti
f  353/385/1  354/331/1  355/405/1  356/406/1
usemtl arcade/trench/graffiti
f  357/407/3  355/408/3  354/320/3  358/351/3
usemtl arcade/trench/graffiti
f  358/409/4  354/410/4  353/411/4  359/412/4
usemtl arcade/trench/graffiti
f  360/412/7  356/411/7  355/410/7  357/409/7
usemtl arcade/trench/graffiti
f  359/351/5  353/320/5  356/408/5  360/407/5
usemtl arcade/trench/graffiti
f  360/406/6  357/405/6  358/331/6  359/385/6

o entity0_brush45
usemtl arcade/trench/graffiti
f  361/384/1  362/369/1  363/405/1  364/413/1
usemtl arcade/trench/graffiti
f  365/414/3  363/415/3  362/86/3  366/81/3
usemtl arcade/trench/graffiti
f  366/416/4  362/417/4  361/418/4  367/419/4
usemtl arcade/trench/graffiti
f  368/420/7  364/421/7  363/417/7  365/416/7
usemtl arcade/trench/graffiti
f  367/81/23  361/86/23  364/415/23  368/414/23
usemtl arcade/trench/graffiti
f  368/413/6  365/405/6  366/369/6  367/384/6

o entity0_brush46
usemtl arcade/trench/graffiti
f  369/422/1  370/373/1  371/376/1  372/423/1
usemtl arcade/trench/graffiti
f  373/424/3  371/425/3  370/426/3  374/92/3
usemtl arcade/trench/graffiti
f  374/427/4  370/428/4  369/429/4  375/430/4
usemtl arcade/trench/graffiti
f  376/430/7  372/429/7  371/428/7  373/427/7
usemtl arcade/trench/graffiti
f  375/92/5  369/426/5  372/425/5  376/424/5
usemtl arcade/trench/graffiti
f  376/423/6  373/376/6  374/373/6  375/422/6

o entity0_brush47
usemtl arcade/trench/graffiti
f  377/431/1  378/432/1  379/433/1  380/434/1
usemtl arcade/trench/graffiti
f  381/12/3  379/435/3  378/436/3  382/81/3
usemtl arcade/trench/graffiti
f  382/437/4  378/438/4  377/439/4  383/440/4
usemtl arcade/trench/graffiti
f  384/420/7  380/441/7  379/442/7  381/416/7
usemtl arcade/trench/graffiti
f  383/81/5  377/436/5  380/435/5  384/12/5
usemtl arcade/trench/graffiti
f  384/443/6  381/227/6  382/369/6  383/374/6

o entity0_brush48
usemtl arcade/trench/graffiti
f  385/374/1  386/369/1  387/227/1  388/443/1
usemtl arcade/trench/graffiti
f  389/444/3  387/228/3  386/445/3  390/446/3
usemtl arcade/trench/graffiti
f  390/447/4  386/448/4  385/449/4  391/450/4
usemtl arcade/trench/graffiti
f  392/451/7  388/452/7  387/232/7  389/453/7
usemtl arcade/trench/graffiti
f  391/446/5  385/445/5  388/228/5  392/444/5
usemtl arcade/trench/graffiti
f  392/434/6  389/433/6  390/432/6  391/431/6

o entity0_brush49
usemtl arcade/trench/graffiti
f  393/454/1  394/455/1  395/433/1  396/434/1
usemtl arcade/trench/graffiti
f  397/435/3  395/444/3  394/456/3  398/457/3
usemtl arcade/trench/graffiti
f  398/438/4  394/447/4  393/450/4  399/439/4
usemtl arcade/trench/graffiti
f  400/441/7  396/451/7  395/453/7  397/442/7
usemtl arcade/trench/graffiti
f  399/457/5  393/456/5  396/444/5  400/435/5
usemtl arcade/trench/graffiti
f  400/434/6  397/433/6  398/455/6  399/454/6

o entity0_brush50
usemtl arcade/trench/graffiti
f  401/458/1  402/459/1  403/460/1  404/461/1
usemtl arcade/trench/graffiti
f  405/462/3  403/463/3  402/464/3  406/465/3
usemtl arcade/trench/graffiti
f  406/466/4  402/467/4  401/468/4  407/469/4
usemtl arcade/trench/graffiti
f  408/469/7  404/468/7  403/467/7  405/466/7
usemtl arcade/trench/graffiti
f  407/465/5  401/464/5  404/463/5  408/462/5
usemtl arcade/trench/graffiti
f  408/470/6  405/471/6  406/101/6  407/472/6

o entity0_brush51
usemtl arcade/trench/graffiti
f  409/472/1  410/473/1  411/474/1  412/470/1
usemtl arcade/trench/graffiti
f  413/475/3  411/476/3  410/297/3  414/477/3
usemtl arcade/trench/graffiti
f  414/478/4  410/479/4  409/469/4  415/480/4
usemtl arcade/trench/graffiti
f  416/480/7  412/469/7  411/479/7  413/478/7
usemtl arcade/trench/graffiti
f  415/481/5  409/465/5  412/462/5  416/482/5
usemtl arcade/trench/graffiti
f  416/470/6  413/474/6  414/473/6  415/472/6

o entity0_brush52
usemtl arcade/trench/graffiti
f  417/483/1  418/101/1  419/471/1  420/484/1
usemtl arcade/trench/graffiti
f  421/482/3  419/462/3  418/465/3  422/481/3
usemtl arcade/trench/graffiti
f  422/485/4  418/466/4  417/486/4  423/487/4
usemtl arcade/trench/graffiti
f  424/487/7  420/486/7  419/466/7  421/485/7
usemtl arcade/trench/graffiti
f  423/477/5  417/297/5  420/476/5  424/475/5
usemtl arcade/trench/graffiti
f  424/484/6  421/471/6  422/101/6  423/483/6

o entity0_brush53
usemtl arcade/trench/graffiti
f  425/488/1  426/489/1  427/490/1  428/491/1
usemtl arcade/trench/graffiti
f  429/492/3  427/493/3  426/494/3  430/495/3
usemtl arcade/trench/graffiti
f  430/496/4  426/497/4  425/498/4  431/499/4
usemtl arcade/trench/graffiti
f  432/499/7  428/498/7  427/497/7  429/496/7
usemtl arcade/trench/graffiti
f  431/495/5  425/494/5  428/493/5  432/492/5
usemtl arcade/trench/graffiti
f  432/491/6  429/490/6  430/489/6  431/488/6

o entity0_brush54
usemtl arcade/trench/graffiti
f  433/226/1  434/500/1  435/501/1  436/369/1
usemtl arcade/trench/graffiti
f  437/502/3  435/503/3  434/504/3  438/505/3
usemtl arcade/trench/graffiti
f  438/506/4  434/507/4  433/416/4  439/508/4
usemtl arcade/trench/graffiti
f  440/508/7  436/416/7  435/507/7  437/506/7
usemtl arcade/trench/graffiti
f  439/509/5  433/510/5  436/81/5  440/186/5
usemtl arcade/trench/graffiti
f  440/369/6  437/501/6  438/500/6  439/226/6

o entity0_brush55
usemtl arcade/trench/graffiti
f  441/511/1  442/512/1  443/183/1  444/513/1
usemtl arcade/trench/graffiti
f  445/186/3  443/81/3  442/510/3  446/509/3
usemtl arcade/trench/graffiti
f  446/190/4  442/514/4  441/515/4  447/516/4
usemtl arcade/trench/graffiti
f  448/516/7  444/515/7  443/514/7  445/190/7
usemtl arcade/trench/graffiti
f  447/505/5  441/504/5  444/503/5  448/502/5
usemtl arcade/trench/graffiti
f  448/513/6  445/183/6  446/512/6  447/511/6

o entity0_brush56
usemtl arcade/trench/graffiti
f  449/500/1  450/511/1  451/517/1  452/518/1
usemtl arcade/trench/graffiti
f  453/519/3  451/520/3  450/504/3  454/505/3
usemtl arcade/trench/graffiti
f  454/516/4  450/515/4  449/507/4  455/506/4
usemtl arcade/trench/graffiti
f  456/521/7  452/522/7  451/523/7  453/524/7
usemtl arcade/trench/graffiti
f  455/505/5  449/504/5  452/520/5  456/519/5
usemtl arcade/trench/graffiti
f  456/518/6  453/517/6  454/511/6  455/500/6

o entity0_brush57
usemtl arcade/trench/graffiti
f  457/525/1  458/526/1  459/527/1  460/528/1
usemtl arcade/trench/graffiti
f  461/529/3  459/530/3  458/531/3  462/532/3
usemtl arcade/trench/graffiti
f  462/533/4  458/534/4  457/535/4  463/536/4
usemtl arcade/trench/graffiti
f  464/536/7  460/535/7  459/534/7  461/533/7
usemtl arcade/trench/graffiti
f  463/532/5  457/531/5  460/530/5  464/529/5
usemtl arcade/trench/graffiti
f  464/537/6  461/538/6  462/539/6  463/540/6

o entity0_brush58
usemtl arcade/trench/graffiti
f  465/540/1  466/541/1  467/542/1  468/537/1
usemtl arcade/trench/graffiti
f  469/543/3  467/544/3  466/545/3  470/503/3
usemtl arcade/trench/graffiti
f  470/546/4  466/547/4  465/536/4  471/548/4
usemtl arcade/trench/graffiti
f  472/548/7  468/536/7  467/547/7  469/546/7
usemtl arcade/trench/graffiti
f  471/549/5  465/532/5  468/529/5  472/550/5
usemtl arcade/trench/graffiti
f  472/528/6  469/551/6  470/552/6  471/525/6

o entity0_brush59
usemtl arcade/trench/graffiti
f  473/553/1  474/554/1  475/555/1  476/556/1
usemtl arcade/trench/graffiti
f  477/550/3  475/529/3  474/532/3  478/549/3
usemtl arcade/trench/graffiti
f  478/557/4  474/558/4  473/559/4  479/560/4
usemtl arcade/trench/graffiti
f  480/560/7  476/559/7  475/558/7  477/557/7
usemtl arcade/trench/graffiti
f  479/503/5  473/545/5  476/544/5  480/543/5
usemtl arcade/trench/graffiti
f  480/561/6  477/562/6  478/563/6  479/564/6

o entity0_brush60
usemtl arcade/trench/graffiti
f  481/565/1  482/566/1  483/556/1  484/542/1
usemtl arcade/trench/graffiti
f  485/543/3  483/544/3  482/567/3  486/568/3
usemtl arcade/trench/graffiti
f  486/523/4  482/569/4  481/570/4  487/522/4
usemtl arcade/trench/graffiti
f  488/546/7  484/547/7  483/559/7  485/560/7
usemtl arcade/trench/graffiti
f  487/568/5  481/567/5  484/544/5  488/543/5
usemtl arcade/trench/graffiti
f  488/551/6  485/561/6  486/571/6  487/572/6

o entity0_brush61
usemtl arcade/trench/graffiti
f  489/573/1  490/574/1  491/575/1  492/576/1
usemtl arcade/trench/graffiti
f  493/577/3  491/578/3  490/187/3  494/579/3
usemtl arcade/trench/graffiti
f  494/580/4  490/581/4  489/582/4  495/583/4
usemtl arcade/trench/graffiti
f  496/583/7  492/582/7  491/581/7  493/580/7
usemtl arcade/trench/graffiti
f  495/579/5  489/187/5  492/578/5  496/577/5
usemtl arcade/trench/graffiti
f  496/576/6  493/575/6  494/574/6  495/573/6

o entity0_brush62
usemtl arcade/trench/graffiti
f  497/584/1  498/585/1  499/586/1  500/587/1
usemtl arcade/trench/graffiti
f  501/588/3  499/589/3  498/590/3  502/591/3
usemtl arcade/trench/graffiti
f  502/592/4  498/593/4  497/594/4  503/595/4
usemtl arcade/trench/graffiti
f  504/595/7  500/594/7  499/593/7  501/592/7
usemtl arcade/trench/graffiti
f  503/596/5  497/597/5  500/598/5  504/599/5
usemtl arcade/trench/graffiti
f  504/600/6  501/601/6  502/602/6  503/603/6

o entity0_brush63
usemtl arcade/trench/graffiti
f  505/604/1  506/605/1  507/606/1  508/607/1
usemtl arcade/trench/graffiti
f  509/608/3  507/609/3  506/610/3  510/611/3
usemtl arcade/trench/graffiti
f  510/612/4  506/613/4  505/614/4  511/594/4
usemtl arcade/trench/graffiti
f  512/594/7  508/614/7  507/613/7  509/612/7
usemtl arcade/trench/graffiti
f  511/597/5  505/615/5  508/616/5  512/598/5
usemtl arcade/trench/graffiti
f  512/587/6  509/617/6  510/618/6  511/584/6

o entity0_brush64
usemtl arcade/trench/graffiti
f  513/619/1  514/620/1  515/621/1  516/622/1
usemtl arcade/trench/graffiti
f  517/589/3  515/623/3  514/624/3  518/590/3
usemtl arcade/trench/graffiti
f  518/593/4  514/625/4  513/626/4  519/627/4
usemtl arcade/trench/graffiti
f  520/627/7  516/626/7  515/625/7  517/593/7
usemtl arcade/trench/graffiti
f  519/611/5  513/610/5  516/609/5  520/608/5
usemtl arcade/trench/graffiti
f  520/628/6  517/586/6  518/585/6  519/629/6

o entity0_brush65
usemtl arcade/trench/graffiti
f  521/630/1  522/631/1  523/622/1  524/606/1
usemtl arcade/trench/graffiti
f  525/608/3  523/609/3  522/632/3  526/633/3
usemtl arcade/trench/graffiti
f  526/634/4  522/635/4  521/636/4  527/637/4
usemtl arcade/trench/graffiti
f  528/612/7  524/613/7  523/626/7  525/627/7
usemtl arcade/trench/graffiti
f  527/633/5  521/632/5  524/609/5  528/608/5
usemtl arcade/trench/graffiti
f  528/617/6  525/628/6  526/638/6  527/639/6

o entity0_brush66
usemtl arcade/trench/graffiti
f  529/605/1  530/619/1  531/640/1  532/641/1
usemtl arcade/trench/graffiti
f  533/642/3  531/643/3  530/610/3  534/611/3
usemtl arcade/trench/graffiti
f  534/627/4  530/626/4  529/613/4  535/612/4
usemtl arcade/trench/graffiti
f  536/637/7  532/636/7  531/635/7  533/634/7
usemtl arcade/trench/graffiti
f  535/611/5  529/610/5  532/643/5  536/642/5
usemtl arcade/trench/graffiti
f  536/644/6  533/645/6  534/629/6  535/618/6

o entity0_brush67
usemtl arcade/trench/graffiti
f  537/630/1  538/631/1  539/622/1  540/606/1
usemtl arcade/trench/graffiti
f  541/608/3  539/609/3  538/632/3  542/633/3
usemtl arcade/trench/graffiti
f  542/634/4  538/635/4  537/636/4  543/637/4
usemtl arcade/trench/graffiti
f  544/612/7  540/613/7  539/626/7  541/627/7
usemtl arcade/trench/graffiti
f  543/633/5  537/632/5  540/609/5  544/608/5
usemtl arcade/trench/graffiti
f  544/617/6  541/628/6  542/638/6  543/639/6

o entity0_brush68
usemtl arcade/trench/graffiti
f  545/605/1  546/619/1  547/640/1  548/641/1
usemtl arcade/trench/graffiti
f  549/642/3  547/643/3  546/610/3  550/611/3
usemtl arcade/trench/graffiti
f  550/627/4  546/626/4  545/613/4  551/612/4
usemtl arcade/trench/graffiti
f  552/637/7  548/636/7  547/635/7  549/634/7
usemtl arcade/trench/graffiti
f  551/611/5  545/610/5  548/643/5  552/642/5
usemtl arcade/trench/graffiti
f  552/644/6  549/645/6  550/629/6  551/618/6

o entity0_brush69
usemtl arcade/trench/graffiti
f  553/646/1  554/647/1  555/648/1  556/228/1
usemtl arcade/trench/graffiti
f  557/649/3  555/650/3  554/651/3  558/652/3
usemtl arcade/trench/graffiti
f  558/653/4  554/654/4  553/655/4  559/656/4
usemtl arcade/trench/graffiti
f  560/656/7  556/655/7  555/654/7  557/653/7
usemtl arcade/trench/graffiti
f  559/652/5  553/651/5  556/650/5  560/649/5
usemtl arcade/trench/graffiti
f  560/228/6  557/648/6  558/647/6  559/646/6

o entity0_brush70
usemtl arcade/trench/graffiti
f  561/657/1  562/647/1  563/648/1  564/658/1
usemtl arcade/trench/graffiti
f  565/649/3  563/650/3  562/651/3  566/652/3
usemtl arcade/trench/graffiti
f  566/653/4  562/654/4  561/659/4  567/660/4
usemtl arcade/trench/graffiti
f  568/660/7  564/659/7  563/654/7  565/653/7
usemtl arcade/trench/graffiti
f  567/652/5  561/651/5  564/650/5  568/649/5
usemtl arcade/trench/graffiti
f  568/658/6  565/648/6  566/647/6  567/657/6

o entity0_brush71
usemtl arcade/trench/graffiti
f  569/661/1  570/662/1  571/663/1  572/664/1
usemtl arcade/trench/graffiti
f  573/665/3  571/666/3  570/667/3  574/668/3
usemtl arcade/trench/graffiti
f  574/669/4  570/670/4  569/671/4  575/672/4
usemtl arcade/trench/graffiti
f  576/672/7  572/671/7  571/670/7  573/669/7
usemtl arcade/trench/graffiti
f  575/673/5  569/674/5  572/675/5  576/676/5
usemtl arcade/trench/graffiti
f  576/677/6  573/678/6  574/679/6  575/680/6

o entity0_brush72
usemtl arcade/trench/graffiti
f  577/681/1  578/682/1  579/683/1  580/684/1
usemtl arcade/trench/graffiti
f  581/685/3  579/686/3  578/687/3  582/688/3
usemtl arcade/trench/graffiti
f  582/689/4  578/690/4  577/691/4  583/692/4
usemtl arcade/trench/graffiti
f  584/692/7  580/691/7  579/690/7  581/689/7
usemtl arcade/trench/graffiti
f  583/668/5  577/667/5  580/693/5  584/694/5
usemtl arcade/trench/graffiti
f  584/695/6  581/696/6  582/697/6  583/698/6

o entity0_brush73
usemtl arcade/trench/graffiti
f  585/639/1  586/638/1  587/684/1  588/699/1
usemtl arcade/trench/graffiti
f  589/694/3  587/693/3  586/700/3  590/701/3
usemtl arcade/trench/graffiti
f  590/702/4  586/703/4  585/704/4  591/705/4
usemtl arcade/trench/graffiti
f  592/669/7  588/670/7  587/691/7  589/692/7
usemtl arcade/trench/graffiti
f  591/701/5  585/700/5  588/693/5  592/694/5
usemtl arcade/trench/graffiti
f  592/706/6  589/695/6  590/707/6  591/708/6

o entity0_brush74
usemtl arcade/trench/graffiti
f  593/662/1  594/681/1  595/645/1  596/644/1
usemtl arcade/trench/graffiti
f  597/709/3  595/710/3  594/667/3  598/668/3
usemtl arcade/trench/graffiti
f  598/692/4  594/691/4  593/670/4  599/669/4
usemtl arcade/trench/graffiti
f  600/705/7  596/704/7  595/703/7  597/702/7
usemtl arcade/trench/graffiti
f  599/668/5  593/667/5  596/710/5  600/709/5
usemtl arcade/trench/graffiti
f  600/711/6  597/712/6  598/698/6  599/679/6

o entity0_brush75
usemtl arcade/trench/graffiti
f  601/713/1  602/714/1  603/715/1  604/716/1
usemtl arcade/trench/graffiti
f  605/686/3  603/717/3  602/718/3  606/687/3
usemtl arcade/trench/graffiti
f  606/690/4  602/719/4  601/720/4  607/721/4
usemtl arcade/trench/graffiti
f  608/721/24  604/720/24  603/719/24  605/690/24
usemtl arcade/trench/graffiti
f  607/722/5  601/723/5  604/724/5  608/725/5
usemtl arcade/trench/graffiti
f  608/726/6  605/683/6  606/682/6  607/727/6

o entity0_brush76
usemtl arcade/trench/graffiti
f  609/728/1  610/729/1  611/730/1  612/731/1
usemtl arcade/trench/graffiti
f  613/732/3  611/733/3  610/734/3  614/735/3
usemtl arcade/trench/graffiti
f  614/736/4  610/737/4  609/738/4  615/739/4
usemtl arcade/trench/graffiti
f  616/739/25  612/738/25  611/737/25  613/736/25
usemtl arcade/trench/graffiti
f  615/740/5  609/741/5  612/742/5  616/743/5
usemtl arcade/trench/graffiti
f  616/716/6  613/715/6  614/714/6  615/713/6

o entity0_brush77
usemtl arcade/trench/graffiti
f  617/713/1  618/744/1  619/745/1  620/716/1
usemtl arcade/trench/graffiti
f  621/746/3  619/747/3  618/748/3  622/749/3
usemtl arcade/trench/graffiti
f  622/750/4  618/751/4  617/739/4  623/720/4
usemtl arcade/trench/graffiti
f  624/720/24  620/739/24  619/751/24  621/750/24
usemtl arcade/trench/graffiti
f  623/723/5  617/740/5  620/743/5  624/724/5
usemtl arcade/trench/graffiti
f  624/716/6  621/745/6  622/744/6  623/713/6

o entity0_brush78
usemtl arcade/trench/graffiti
f  625/752/1  626/714/1  627/715/1  628/753/1
usemtl arcade/trench/graffiti
f  629/717/3  627/732/3  626/735/3  630/718/3
usemtl arcade/trench/graffiti
f  630/719/4  626/736/4  625/754/4  631/755/4
usemtl arcade/trench/graffiti
f  632/755/26  628/754/26  627/736/26  629/719/26
usemtl arcade/trench/graffiti
f  631/749/5  625/748/5  628/756/5  632/757/5
usemtl arcade/trench/graffiti
f  632/753/6  629/715/6  630/714/6  631/752/6

o entity0_brush79
usemtl arcade/trench/graffiti
f  633/758/1  634/759/1  635/753/1
usemtl arcade/trench/graffiti
f  636/757/3  635/756/3  634/760/3  637/761/3
usemtl arcade/trench/graffiti
f  637/762/4  634/763/4  633/764/4  638/765/4
usemtl arcade/trench/graffiti
f  638/766/27  633/767/27  635/754/27  636/755/27
usemtl arcade/trench/graffiti
f  637/759/6  638/758/6  636/753/6

o entity0_brush80
usemtl arcade/trench/graffiti
f  639/744/1  640/752/1  641/768/1  642/769/1
usemtl arcade/trench/graffiti
f  643/770/3  641/771/3  640/748/3  644/749/3
usemtl arcade/trench/graffiti
f  644/755/4  640/754/4  639/751/4  645/750/4
usemtl arcade/trench/graffiti
f  646/772/7  642/773/7  641/763/7  643/762/7
usemtl arcade/trench/graffiti
f  645/749/5  639/748/5  642/771/5  646/770/5
usemtl arcade/trench/graffiti
f  646/769/6  643/768/6  644/752/6  645/744/6

o entity0_brush81
usemtl clean/tunnel_road
f  647/774/1  648/775/1  649/776/1  650/777/1
usemtl clean/tunnel_road
f  651/778/3  649/779/3  648/780/3  652/781/3
usemtl clean/tunnel_road
f  652/782/28  648/783/28  647/784/28  653/785/28
usemtl clean/tunnel_road
f  654/785/29  650/784/29  649/783/29  651/782/29
usemtl clean/tunnel_road
f  653/781/5  647/780/5  650/779/5  654/778/5
usemtl clean/tunnel_road
f  654/777/6  651/776/6  652/775/6  653/774/6

o entity0_brush82
usemtl arcade/trench/japanese
f  655/786/1  656/787/1  657/788/1  658/789/1
usemtl arcade/trench/japanese
f  659/790/3  657/791/3  656/792/3  660/793/3
usemtl arcade/trench/japanese
f  660/794/4  656/795/4  655/796/4  661/797/4
usemtl arcade/trench/japanese
f  662/797/7  658/796/7  657/795/7  659/794/7
usemtl arcade/trench/japanese
f  661/793/5  655/792/5  658/791/5  662/790/5
usemtl arcade/trench/japanese
f  662/789/6  659/788/6  660/787/6  661/786/6

o entity0_brush83
usemtl clean/darkwood
f  663/798/1  664/799/1  665/800/1  666/801/1
usemtl clean/darkwood
f  667/802/3  665/803/3  664/804/3  668/805/3
usemtl clean/darkwood
f  668/806/4  664/807/4  663/808/4  669/809/4
usemtl clean/darkwood
f  670/809/7  666/808/7  665/807/7  667/806/7
usemtl clean/darkwood
f  669/805/5  663/804/5  666/803/5  670/802/5
usemtl clean/darkwood
f  670/801/6  667/800/6  668/799/6  669/798/6

o entity0_brush84
usemtl arcade/trench/graffiti
f  671/810/1  672/811/1  673/812/1  674/813/1
usemtl arcade/trench/graffiti
f  675/814/3  673/815/3  672/816/3  676/817/3
usemtl arcade/trench/graffiti
f  676/818/4  672/819/4  671/820/4  677/821/4
usemtl arcade/trench/graffiti
f  678/821/7  674/820/7  673/819/7  675/818/7
usemtl arcade/trench/graffiti
f  677/817/5  671/816/5  674/815/5  678/814/5
usemtl arcade/trench/graffiti
f  678/813/6  675/812/6  676/811/6  677/810/6

o entity0_brush85
usemtl clean/darkwood
f  679/822/1  680/823/1  681/824/1  682/825/1
usemtl clean/darkwood
f  683/826/3  681/827/3  680/828/3  684/829/3
usemtl clean/darkwood
f  684/830/4  680/831/4  679/832/4  685/833/4
usemtl clean/darkwood
f  686/833/7  682/832/7  681/831/7  683/830/7
usemtl clean/darkwood
f  685/829/5  679/828/5  682/827/5  686/826/5
usemtl clean/darkwood
f  686/825/6  683/824/6  684/823/6  685/822/6

o entity0_brush86
usemtl arcade/trench/graffiti
f  687/834/1  688/835/1  689/836/1  690/837/1
usemtl arcade/trench/graffiti
f  691/838/3  689/839/3  688/840/3  692/841/3
usemtl arcade/trench/graffiti
f  692/842/4  688/843/4  687/844/4  693/845/4
usemtl arcade/trench/graffiti
f  694/845/7  690/844/7  689/843/7  691/842/7
usemtl arcade/trench/graffiti
f  693/841/5  687/840/5  690/839/5  694/838/5
usemtl arcade/trench/graffiti
f  694/837/6  691/836/6  692/835/6  693/834/6

o entity0_brush87
usemtl arcade/trench/graffiti
f  695/846/1  696/847/1  697/848/1  698/849/1
usemtl arcade/trench/graffiti
f  699/850/3  697/851/3  696/852/3  700/853/3
usemtl arcade/trench/graffiti
f  700/854/4  696/855/4  695/856/4  701/857/4
usemtl arcade/trench/graffiti
f  702/857/7  698/856/7  697/855/7  699/854/7
usemtl arcade/trench/graffiti
f  701/853/5  695/852/5  698/851/5  702/850/5
usemtl arcade/trench/graffiti
f  702/849/6  699/848/6  700/847/6  701/846/6

o entity0_brush88
usemtl arcade/trench/graffiti
f  703/846/1  704/847/1  705/848/1  706/849/1
usemtl arcade/trench/graffiti
f  707/850/3  705/851/3  704/852/3  708/853/3
usemtl arcade/trench/graffiti
f  708/854/4  704/855/4  703/856/4  709/857/4
usemtl arcade/trench/graffiti
f  710/857/7  706/856/7  705/855/7  707/854/7
usemtl arcade/trench/graffiti
f  709/853/5  703/852/5  706/851/5  710/850/5
usemtl arcade/trench/graffiti
f  710/849/6  707/848/6  708/847/6  709/846/6

o entity0_brush89
usemtl arcade/trench/graffiti
f  711/858/1  712/859/1  713/860/1  714/861/1
usemtl arcade/trench/graffiti
f  715/862/3  713/863/3  712/864/3  716/865/3
usemtl arcade/trench/graffiti
f  716/842/4  712/843/4  711/844/4  717/845/4
usemtl arcade/trench/graffiti
f  718/845/7  714/844/7  713/843/7  715/842/7
usemtl arcade/trench/graffiti
f  717/865/5  711/864/5  714/863/5  718/862/5
usemtl arcade/trench/graffiti
f  718/861/6  715/860/6  716/859/6  717/858/6

o entity0_brush90
usemtl arcade/trench/graffiti
f  719/846/1  720/847/1  721/848/1  722/849/1
usemtl arcade/trench/graffiti
f  723/850/3  721/851/3  720/852/3  724/853/3
usemtl arcade/trench/graffiti
f  724/854/4  720/855/4  719/856/4  725/857/4
usemtl arcade/trench/graffiti
f  726/857/7  722/856/7  721/855/7  723/854/7
usemtl arcade/trench/graffiti
f  725/853/5  719/852/5  722/851/5  726/850/5
usemtl arcade/trench/graffiti
f  726/849/6  723/848/6  724/847/6  725/846/6

o entity0_brush91
usemtl arcade/trench/graffiti
f  727/866/1  728/867/1  729/868/1  730/869/1
usemtl arcade/trench/graffiti
f  731/870/3  729/871/3  728/872/3  732/873/3
usemtl arcade/trench/graffiti
f  732/874/4  728/875/4  727/876/4  733/877/4
usemtl arcade/trench/graffiti
f  734/877/7  730/876/7  729/875/7  731/874/7
usemtl arcade/trench/graffiti
f  733/873/5  727/872/5  730/871/5  734/870/5
usemtl arcade/trench/graffiti
f  734/869/6  731/868/6  732/867/6  733/866/6

o entity0_brush92
usemtl arcade/trench/graffiti
f  735/878/1  736/879/1  737/880/1  738/881/1
usemtl arcade/trench/graffiti
f  739/882/3  737/883/3  736/884/3  740/885/3
usemtl arcade/trench/graffiti
f  740/886/4  736/887/4  735/888/4  741/889/4
usemtl arcade/trench/graffiti
f  742/889/7  738/888/7  737/887/7  739/886/7
usemtl arcade/trench/graffiti
f  741/885/5  735/884/5  738/883/5  742/882/5
usemtl arcade/trench/graffiti
f  742/881/6  739/880/6  740/879/6  741/878/6

o entity0_brush93
usemtl arcade/trench/graffiti
f  743/890/1  744/891/1  745/892/1  746/893/1
usemtl arcade/trench/graffiti
f  747/894/3  745/895/3  744/896/3  748/897/3
usemtl arcade/trench/graffiti
f  748/898/4  744/899/4  743/900/4  749/901/4
usemtl arcade/trench/graffiti
f  750/901/7  746/900/7  745/899/7  747/898/7
usemtl arcade/trench/graffiti
f  749/897/5  743/896/5  746/895/5  750/894/5
usemtl arcade/trench/graffiti
f  750/893/6  747/892/6  748/891/6  749/890/6

o entity0_brush94
usemtl arcade/trench/graffiti
f  751/902/30  752/903/30  753/904/30
usemtl arcade/trench/graffiti
f  754/905/31  752/906/31  751/907/31
usemtl arcade/trench/graffiti
f  755/908/3  753/909/3  752/896/3  756/897/3
usemtl arcade/trench/graffiti
f  756/898/4  752/899/4  754/900/4  757/901/4
usemtl arcade/trench/graffiti
f  758/910/7  751/911/7  753/912/7  755/913/7
usemtl arcade/trench/graffiti
f  757/914/32  754/915/32  751/916/32  758/917/32
usemtl arcade/trench/graffiti
f  757/918/33  758/919/33  755/920/33
usemtl arcade/trench/graffiti
f  755/921/6  756/891/6  757/890/6

o entity0_brush95
usemtl arcade/trench/graffiti
f  759/922/1  760/923/1  761/924/1  762/925/1  763/926/1  764/927/1  765/928/1  766/929/1
usemtl arcade/trench/graffiti
f  767/930/3  760/931/3  759/932/3  768/933/3
usemtl arcade/trench/graffiti
f  769/934/34  761/935/34  760/936/34  767/937/34
usemtl arcade/trench/graffiti
f  770/938/4  766/939/4  765/940/4  771/941/4
usemtl arcade/trench/graffiti
f  772/941/7  762/940/7  761/939/7  769/938/7
usemtl arcade/trench/graffiti
f  771/942/35  765/943/35  764/932/35  773/933/35
usemtl arcade/trench/graffiti
f  774/944/36  763/945/36  762/946/36  772/947/36
usemtl arcade/trench/graffiti
f  773/933/5  764/932/5  763/931/5  774/930/5
usemtl arcade/trench/graffiti
f  768/948/37  759/949/37  766/950/37  770/951/37
usemtl arcade/trench/graffiti
f  768/952/6  770/953/6  771/954/6  773/955/6  774/956/6  772/957/6  769/958/6  767/959/6

o entity0_brush96
usemtl arcade/trench/graffiti
f  775/955/1  776/960/1  777/961/1  778/956/1
usemtl arcade/trench/graffiti
f  779/962/3  777/963/3  776/964/3  780/965/3
usemtl arcade/trench/graffiti
f  780/966/38  776/967/38  775/968/38  781/932/38
usemtl arcade/trench/graffiti
f  782/945/39  778/969/39  777/970/39  779/971/39
usemtl arcade/trench/graffiti
f  781/932/5  775/968/5  778/972/5  782/931/5
usemtl arcade/trench/graffiti
f  782/926/6  779/973/6  780/974/6  781/927/6

o entity0_brush97
usemtl arcade/trench/graffiti
f  783/975/1  784/952/1  785/959/1  786/976/1
usemtl arcade/trench/graffiti
f  787/931/3  785/972/3  784/968/3  788/932/3
usemtl arcade/trench/graffiti
f  789/977/40  786/978/40  785/979/40  787/936/40
usemtl arcade/trench/graffiti
f  788/980/41  784/981/41  783/982/41  790/983/41
usemtl arcade/trench/graffiti
f  790/984/5  783/985/5  786/986/5  789/987/5
usemtl arcade/trench/graffiti
f  787/923/6  788/922/6  790/988/6  789/989/6

o entity0_brush98
usemtl arcade/trench/graffiti
f  791/960/1  792/954/1  793/990/1  794/991/1
usemtl arcade/trench/graffiti
f  795/992/42  794/993/42  793/994/42  796/995/42
usemtl arcade/trench/graffiti
f  796/996/4  793/997/4  792/998/4  797/940/4
usemtl arcade/trench/graffiti
f  797/943/35  792/999/35  791/967/35  798/966/35
usemtl arcade/trench/graffiti
f  798/965/5  791/964/5  794/1000/5  795/1001/5
usemtl arcade/trench/graffiti
f  795/1002/6  796/1003/6  797/928/6  798/974/6

o entity0_brush99
usemtl arcade/trench/graffiti
f  799/1004/1  800/976/1  801/958/1  802/1005/1
usemtl arcade/trench/graffiti
f  803/935/43  801/1006/43  800/978/43  804/977/43
usemtl arcade/trench/graffiti
f  804/987/3  800/986/3  799/1007/3  805/1008/3
usemtl arcade/trench/graffiti
f  806/1009/7  802/1010/7  801/1011/7  803/939/7
usemtl arcade/trench/graffiti
f  805/1012/44  799/1013/44  802/1014/44  806/1015/44
usemtl arcade/trench/graffiti
f  805/1016/6  806/1017/6  803/924/6  804/989/6

o entity0_brush100
usemtl arcade/trench/graffiti
f  807/975/1  808/1018/1  809/1019/1  810/953/1
usemtl arcade/trench/graffiti
f  811/1020/45  809/1021/45  808/1022/45  812/948/45
usemtl arcade/trench/graffiti
f  812/1001/3  808/1000/3  807/985/3  813/984/3
usemtl arcade/trench/graffiti
f  814/939/4  810/1011/4  809/1023/4  811/1024/4
usemtl arcade/trench/graffiti
f  813/983/46  807/982/46  810/1025/46  814/1026/46
usemtl arcade/trench/graffiti
f  814/929/6  811/1027/6  812/1028/6  813/988/6

o entity0_brush101
usemtl arcade/trench/graffiti
f  815/1029/1  816/1030/1  817/1005/1  818/957/1  819/961/1
usemtl arcade/trench/graffiti
f  820/1031/47  816/1032/47  815/1033/47  821/944/47
usemtl arcade/trench/graffiti
f  822/1015/48  817/1014/48  816/1034/48  820/1035/48
usemtl arcade/trench/graffiti
f  823/940/7  818/998/7  817/1010/7  822/1009/7
usemtl arcade/trench/graffiti
f  824/971/49  819/970/49  818/1036/49  823/946/49
usemtl arcade/trench/graffiti
f  821/1008/5  815/1007/5  819/963/5  824/962/5
usemtl arcade/trench/graffiti
f  820/1037/6  821/1038/6  824/973/6  823/925/6  822/1017/6

o entity0_brush102
usemtl arcade/trench/graffiti
f  825/1039/1  826/1040/1  827/1030/1
usemtl arcade/trench/graffiti
f  828/1035/50  827/1034/50  826/1041/50  829/934/50
usemtl arcade/trench/graffiti
f  829/1042/4  826/1043/4  825/1044/4  830/1045/4
usemtl arcade/trench/graffiti
f  830/947/51  825/1046/51  827/1032/51  828/1031/51
usemtl arcade/trench/graffiti
f  829/1047/6  830/1048/6  828/1037/6

o entity0_brush103
usemtl arcade/trench/graffiti
f  831/1049/1  832/1050/1  833/990/1  834/1019/1
usemtl arcade/trench/graffiti
f  835/1024/4  834/1023/4  833/997/4  836/996/4
usemtl arcade/trench/graffiti
f  837/1045/7  832/1044/7  831/1043/7  838/1042/7
usemtl arcade/trench/graffiti
f  836/995/52  833/994/52  832/1051/52  837/1052/52
usemtl arcade/trench/graffiti
f  838/951/53  831/1053/53  834/1021/53  835/1020/53
usemtl arcade/trench/graffiti
f  835/1027/6  836/1003/6  837/1054/6  838/1055/6

o entity0_brush104
usemtl arcade/trench/graffiti
f  839/1056/1  840/1057/1  841/1058/1
usemtl arcade/trench/graffiti
f  842/1059/3  840/1060/3  839/1061/3  843/1062/3
usemtl arcade/trench/graffiti
f  844/1063/54  841/1064/54  840/1065/54  842/1066/54
usemtl arcade/trench/graffiti
f  843/1067/55  839/1068/55  841/1069/55  844/1070/55
usemtl arcade/trench/graffiti
f  844/1071/6  842/1072/6  843/1073/6

o entity0_brush105
usemtl arcade/trench/graffiti
f  845/1074/1  846/1075/1  847/1076/1  848/1077/1
usemtl arcade/trench/graffiti
f  849/1078/3  847/1079/3  846/1080/3  850/1081/3
usemtl arcade/trench/graffiti
f  851/1082/56  848/1083/56  847/1084/56  849/1085/56
usemtl arcade/trench/graffiti
f  850/1086/4  846/1087/4  845/1088/4  852/1089/4
usemtl arcade/trench/graffiti
f  852/1090/5  845/1091/5  848/1092/5  851/1093/5
usemtl arcade/trench/graffiti
f  849/1094/6  850/1095/6  852/1096/6  851/1097/6

o entity0_brush106
usemtl arcade/trench/graffiti
f  853/1056/1  854/1098/1  855/1074/1  856/1099/1  857/1100/1
usemtl arcade/trench/graffiti
f  858/1101/57  857/1102/57  856/1103/57  859/1104/57
usemtl arcade/trench/graffiti
f  859/1105/3  856/1106/3  855/1091/3  860/1090/3
usemtl arcade/trench/graffiti
f  860/1089/4  855/1088/4  854/1107/4  861/1108/4
usemtl arcade/trench/graffiti
f  861/1109/58  854/1110/58  853/1068/58  862/1067/58
usemtl arcade/trench/graffiti
f  862/1062/5  853/1061/5  857/1111/5  858/1112/5
usemtl arcade/trench/graffiti
f  862/1073/6  858/1113/6  859/1114/6  860/1096/6  861/1115/6

o entity0_brush107
usemtl arcade/trench/graffiti
f  863/1116/1  864/1117/1  865/1077/1  866/1057/1
usemtl arcade/trench/graffiti
f  867/1118/59  864/1119/59  863/1120/59  868/1121/59
usemtl arcade/trench/graffiti
f  869/1093/3  865/1092/3  864/1122/3  867/1123/3
usemtl arcade/trench/graffiti
f  870/1066/60  866/1065/60  865/1083/60  869/1082/60
usemtl arcade/trench/graffiti
f  868/1124/5  863/1125/5  866/1060/5  870/1059/5
usemtl arcade/trench/graffiti
f  869/1097/6  867/1126/6  868/1127/6  870/1072/6

o entity0_brush108
usemtl arcade/trench/graffiti
f  871/1099/1  872/1128/1  873/1129/1
usemtl arcade/trench/graffiti
f  874/1112/3  872/1111/3  871/1106/3  875/1105/3
usemtl arcade/trench/graffiti
f  876/1130/61  873/1131/61  872/1132/61  874/1133/61
usemtl arcade/trench/graffiti
f  875/1104/62  871/1103/62  873/1134/62  876/1135/62
usemtl arcade/trench/graffiti
f  876/1136/6  874/1137/6  875/1114/6

o entity0_brush109
usemtl arcade/trench/graffiti
f  877/1138/1  878/1139/1  879/1116/1
usemtl arcade/trench/graffiti
f  880/1121/63  879/1120/63  878/1140/63  881/1141/63
usemtl arcade/trench/graffiti
f  881/1142/47  878/1143/47  877/1144/47  882/1145/47
usemtl arcade/trench/graffiti
f  882/1123/5  877/1122/5  879/1125/5  880/1124/5
usemtl arcade/trench/graffiti
f  881/1146/6  882/1147/6  880/1127/6

o entity0_brush110
usemtl arcade/trench/graffiti
f  883/1148/1  884/1149/1  885/1139/1
usemtl arcade/trench/graffiti
f  886/1141/64  885/1140/64  884/1150/64  887/1151/64
usemtl arcade/trench/graffiti
f  887/1152/4  884/1153/4  883/1154/4  888/1155/4
usemtl arcade/trench/graffiti
f  888/1156/65  883/1157/65  885/1143/65  886/1142/65
usemtl arcade/trench/graffiti
f  887/1158/6  888/1159/6  886/1146/6

o entity0_brush111
usemtl arcade/trench/graffiti
f  889/1129/1  890/1160/1  891/1161/1
usemtl arcade/trench/graffiti
f  892/1162/66  890/1163/66  889/1131/66  893/1130/66
usemtl arcade/trench/graffiti
f  894/1155/7  891/1154/7  890/1153/7  892/1152/7
usemtl arcade/trench/graffiti
f  893/1135/67  889/1134/67  891/1164/67  894/1165/67
usemtl arcade/trench/graffiti
f  892/1166/6  893/1136/6  894/1167/6

o entity0_brush112
usemtl arcade/trench/graffiti
f  895/1168/1  896/305/1  897/499/1  898/1169/1
usemtl arcade/trench/graffiti
f  899/1170/3  897/1171/3  896/1172/3  900/1173/3
usemtl arcade/trench/graffiti
f  900/1174/4  896/1175/4  895/1176/4  901/1177/4
usemtl arcade/trench/graffiti
f  902/1177/7  898/1176/7  897/1175/7  899/1174/7
usemtl arcade/trench/graffiti
f  901/1173/5  895/1172/5  898/1171/5  902/1170/5
usemtl arcade/trench/graffiti
f  902/1169/6  899/499/6  900/305/6  901/1168/6

o entity0_brush113
usemtl arcade/trench/graffiti
f  903/1178/1  904/1179/1  905/1180/1  906/1181/1
usemtl arcade/trench/graffiti
f  907/1182/3  906/1183/3  905/1184/3  908/1185/3
usemtl arcade/trench/graffiti
f  908/1186/4  905/1187/4  904/1188/4  909/1189/4
usemtl arcade/trench/graffiti
f  909/1185/5  904/1184/5  903/1183/5  910/1182/5
usemtl arcade/trench/graffiti
f  910/1190/68  903/1191/68  906/1192/68  907/1193/68
usemtl arcade/trench/graffiti
f  909/1194/6  910/1195/6  907/1196/6  908/1197/6

o entity0_brush114
usemtl clean/darkwood
f  911/1198/1  912/1199/1  913/1200/1  914/1201/1
usemtl clean/darkwood
f  915/1202/3  913/1203/3  912/1204/3  916/1205/3
usemtl clean/darkwood
f  916/1206/4  912/1207/4  911/1208/4  917/1209/4
usemtl clean/darkwood
f  918/1209/7  914/1208/7  913/1207/7  915/1206/7
usemtl clean/darkwood
f  917/1205/5  911/1204/5  914/1203/5  918/1202/5
usemtl clean/darkwood
f  918/1201/6  915/1200/6  916/1199/6  917/1198/6

o entity0_brush115
usemtl arcade/trench/halo
f  919/1210/1  920/1211/1  921/1212/1  922/1213/1
usemtl arcade/trench/halo
f  923/1214/3  921/1215/3  920/1216/3  924/1217/3
usemtl arcade/trench/halo
f  924/1218/4  920/1219/4  919/1220/4  925/1221/4
usemtl arcade/trench/halo
f  926/1221/7  922/1220/7  921/1219/7  923/1218/7
usemtl arcade/trench/halo
f  925/1217/5  919/1216/5  922/1215/5  926/1214/5
usemtl arcade/trench/halo
f  926/1213/6  923/1212/6  924/1211/6  925/1210/6

o entity0_brush116
usemtl clean/darkwood
f  927/1198/1  928/1199/1  929/1222/1  930/1223/1
usemtl clean/darkwood
f  931/1224/3  929/1225/3  928/1204/3  932/1205/3
usemtl clean/darkwood
f  932/1206/4  928/1207/4  927/1208/4  933/1209/4
usemtl clean/darkwood
f  934/1209/7  930/1208/7  929/1207/7  931/1206/7
usemtl clean/darkwood
f  933/1205/5  927/1204/5  930/1225/5  934/1224/5
usemtl clean/darkwood
f  934/1223/6  931/1222/6  932/1199/6  933/1198/6

o entity0_brush117
usemtl arcade/trench/graffiti
f  935/1226/1  936/1227/1  937/1228/1  938/1229/1
usemtl arcade/trench/graffiti
f  939/1230/3  937/1231/3  936/1232/3  940/1233/3
usemtl arcade/trench/graffiti
f  940/1234/4  936/1235/4  935/1236/4  941/1237/4
usemtl arcade/trench/graffiti
f  942/1237/7  938/1236/7  937/1235/7  939/1234/7
usemtl arcade/trench/graffiti
f  941/1233/5  935/1232/5  938/1231/5  942/1230/5
usemtl arcade/trench/graffiti
f  942/1229/6  939/1228/6  940/1227/6  941/1226/6

o entity0_brush118
usemtl arcade/trench/graffiti
f  943/1238/1  944/1239/1  945/1240/1  946/1241/1
usemtl arcade/trench/graffiti
f  947/1242/3  945/1243/3  944/1244/3  948/1245/3
usemtl arcade/trench/graffiti
f  948/1246/4  944/1247/4  943/1248/4  949/1249/4
usemtl arcade/trench/graffiti
f  950/1249/7  946/1248/7  945/1247/7  947/1246/7
usemtl arcade/trench/graffiti
f  949/1245/5  943/1244/5  946/1243/5  950/1242/5
usemtl arcade/trench/graffiti
f  950/1241/6  947/1240/6  948/1239/6  949/1238/6

o entity0_brush119
usemtl arcade/trench/japanese
f  951/1250/1  952/1251/1  953/1252/1  954/1253/1
usemtl arcade/trench/japanese
f  955/1254/3  953/1255/3  952/1256/3  956/1257/3
usemtl arcade/trench/japanese
f  956/1258/4  952/1259/4  951/1260/4  957/1261/4
usemtl arcade/trench/japanese
f  958/1261/7  954/1260/7  953/1259/7  955/1258/7
usemtl arcade/trench/japanese
f  957/1257/5  951/1256/5  954/1255/5  958/1254/5
usemtl arcade/trench/japanese
f  958/1262/6  955/1263/6  956/1264/6  957/1265/6

o entity0_brush120
usemtl arcade/trench/japanese
f  959/1265/1  960/1264/1  961/1263/1  962/1262/1
usemtl arcade/trench/japanese
f  963/1266/3  961/1267/3  960/1268/3  964/1269/3
usemtl arcade/trench/japanese
f  964/1270/4  960/1271/4  959/1272/4  965/1273/4
usemtl arcade/trench/japanese
f  966/1273/7  962/1272/7  961/1271/7  963/1270/7
usemtl arcade/trench/japanese
f  965/1269/5  959/1268/5  962/1267/5  966/1266/5
usemtl arcade/trench/japanese
f  966/1253/6  963/1252/6  964/1251/6  965/1250/6

o entity0_brush121
usemtl arcade/trench/japanese
f  967/1274/1  968/1275/1  969/1252/1  970/1253/1
usemtl arcade/trench/japanese
f  971/1255/3  969/1266/3  968/1276/3  972/1277/3
usemtl arcade/trench/japanese
f  972/1278/4  968/1279/4  967/1280/4  973/1281/4
usemtl arcade/trench/japanese
f  974/1260/7  970/1273/7  969/1270/7  971/1259/7
usemtl arcade/trench/japanese
f  973/1277/5  967/1276/5  970/1266/5  974/1255/5
usemtl arcade/trench/japanese
f  974/1253/6  971/1252/6  972/1275/6  973/1274/6

o entity0_brush122
usemtl arcade/trench/graffiti
f  975/296/1  976/1282/1  977/497/1  978/1283/1
usemtl arcade/trench/graffiti
f  979/1284/3  977/1285/3  976/1286/3  980/1287/3
usemtl arcade/trench/graffiti
f  980/1288/4  976/1289/4  975/1290/4  981/1291/4
usemtl arcade/trench/graffiti
f  982/1292/7  978/1293/7  977/1294/7  979/1295/7
usemtl arcade/trench/graffiti
f  981/1287/5  975/1286/5  978/1285/5  982/1284/5
usemtl arcade/trench/graffiti
f  982/1283/6  979/497/6  980/1282/6  981/296/6

o entity0_brush123
usemtl const_fence
f  983/1296/1  984/1297/1  985/1298/1  986/1299/1
usemtl const_fence
f  987/1300/3  985/1301/3  984/1302/3  988/1303/3
usemtl const_fence
f  988/1304/4  984/1305/4  983/1306/4  989/1307/4
usemtl const_fence
f  990/1308/7  986/1309/7  985/1310/7  987/1311/7
usemtl const_fence
f  989/1303/5  983/1302/5  986/1301/5  990/1300/5
usemtl const_fence
f  990/1299/6  987/1298/6  988/1297/6  989/1296/6

o entity0_brush124
usemtl arcade/trench/graffiti
f  991/296/1  992/1282/1  993/497/1  994/1283/1
usemtl arcade/trench/graffiti
f  995/1284/3  993/1285/3  992/1286/3  996/1287/3
usemtl arcade/trench/graffiti
f  996/1288/4  992/1289/4  991/1290/4  997/1291/4
usemtl arcade/trench/graffiti
f  998/1292/7  994/1293/7  993/1294/7  995/1295/7
usemtl arcade/trench/graffiti
f  997/1287/5  991/1286/5  994/1285/5  998/1284/5
usemtl arcade/trench/graffiti
f  998/1283/6  995/497/6  996/1282/6  997/296/6

o entity0_brush125
usemtl arcade/trench/graffiti
f  999/296/1  1000/1282/1  1001/497/1  1002/1283/1
usemtl arcade/trench/graffiti
f  1003/1284/3  1001/1285/3  1000/1286/3  1004/1287/3
usemtl arcade/trench/graffiti
f  1004/1288/4  1000/1289/4  999/1290/4  1005/1291/4
usemtl arcade/trench/graffiti
f  1006/1292/7  1002/1293/7  1001/1294/7  1003/1295/7
usemtl arcade/trench/graffiti
f  1005/1287/5  999/1286/5  1002/1285/5  1006/1284/5
usemtl arcade/trench/graffiti
f  1006/1283/6  1003/497/6  1004/1282/6  1005/296/6

o entity0_brush126
usemtl arcade/trench/graffiti
f  1007/296/1  1008/1282/1  1009/497/1  1010/1283/1
usemtl arcade/trench/graffiti
f  1011/1284/3  1009/1285/3  1008/1286/3  1012/1287/3
usemtl arcade/trench/graffiti
f  1012/1288/4  1008/1289/4  1007/1290/4  1013/1291/4
usemtl arcade/trench/graffiti
f  1014/1292/7  1010/1293/7  1009/1294/7  1011/1295/7
usemtl arcade/trench/graffiti
f  1013/1287/5  1007/1286/5  1010/1285/5  1014/1284/5
usemtl arcade/trench/graffiti
f  1014/1283/6  1011/497/6  1012/1282/6  1013/296/6

o entity0_brush127
usemtl clean/vehltreadsback
f  1015/1312/1  1016/1313/1  1017/1314/1  1018/1315/1
usemtl clean/vehltreadsback
f  1019/1316/3  1017/1317/3  1016/1318/3  1020/1319/3
usemtl clean/vehltreadsback
f  1020/1320/4  1016/1321/4  1015/1322/4  1021/1323/4
usemtl clean/vehltreadsback
f  1022/1323/7  1018/1322/7  1017/1321/7  1019/1320/7
usemtl clean/vehltreadsback
f  1021/1319/5  1015/1318/5  1018/1317/5  1022/1316/5
usemtl clean/vehltreadsback
f  1022/1315/6  1019/1314/6  1020/1313/6  1021/1312/6

o entity0_brush128
usemtl arcade/trench/graffiti
f  1023/1324/1  1024/1325/1  1025/1326/1  1026/1327/1
usemtl arcade/trench/graffiti
f  1027/1328/3  1025/1329/3  1024/1330/3  1028/1331/3
usemtl arcade/trench/graffiti
f  1028/1332/4  1024/1333/4  1023/1334/4  1029/1335/4
usemtl arcade/trench/graffiti
f  1030/1335/7  1026/1334/7  1025/1333/7  1027/1332/7
usemtl arcade/trench/graffiti
f  1029/1331/5  1023/1330/5  1026/1329/5  1030/1328/5
usemtl arcade/trench/graffiti
f  1030/1327/6  1027/1326/6  1028/1325/6  1029/1324/6

o entity0_brush129
usemtl arcade/trench/graffiti
f  1031/1336/1  1032/1337/1  1033/1338/1  1034/1339/1
usemtl arcade/trench/graffiti
f  1035/410/3  1033/372/3  1032/1340/3  1036/1341/3
usemtl arcade/trench/graffiti
f  1036/1342/4  1032/1343/4  1031/1344/4  1037/1345/4
usemtl arcade/trench/graffiti
f  1038/1345/7  1034/1344/7  1033/1343/7  1035/1342/7
usemtl arcade/trench/graffiti
f  1037/1341/5  1031/1340/5  1034/372/5  1038/410/5
usemtl arcade/trench/graffiti
f  1038/1339/6  1035/1338/6  1036/1337/6  1037/1336/6

o entity0_brush130
usemtl arcade/trench/graffiti
f  1039/1346/1  1040/1347/1  1041/1348/1  1042/1349/1
usemtl arcade/trench/graffiti
f  1043/1350/3  1041/450/3  1040/1351/3  1044/1352/3
usemtl arcade/trench/graffiti
f  1044/341/4  1040/1353/4  1039/1354/4  1045/1355/4
usemtl arcade/trench/graffiti
f  1046/1355/7  1042/1354/7  1041/1353/7  1043/341/7
usemtl arcade/trench/graffiti
f  1045/1352/5  1039/1351/5  1042/450/5  1046/1350/5
usemtl arcade/trench/graffiti
f  1046/1349/6  1043/1348/6  1044/1347/6  1045/1346/6

o entity0_brush131
usemtl arcade/trench/graffiti
f  1047/1356/1  1048/1357/1  1049/1358/1
usemtl arcade/trench/graffiti
f  1050/1359/69  1049/1360/69  1048/1361/69  1051/1362/69
usemtl arcade/trench/graffiti
f  1051/1362/4  1048/1361/4  1047/1360/4  1052/1359/4
usemtl arcade/trench/graffiti
f  1052/1363/5  1047/1364/5  1049/1365/5  1050/1366/5
usemtl arcade/trench/graffiti
f  1051/1357/6  1052/1356/6  1050/1358/6

o entity0_brush132
usemtl arcade/trench/graffiti
f  1053/1356/1  1054/1357/1  1055/1358/1
usemtl arcade/trench/graffiti
f  1056/1359/69  1055/1360/69  1054/1361/69  1057/1362/69
usemtl arcade/trench/graffiti
f  1057/1362/4  1054/1361/4  1053/1360/4  1058/1359/4
usemtl arcade/trench/graffiti
f  1058/1363/5  1053/1364/5  1055/1365/5  1056/1366/5
usemtl arcade/trench/graffiti
f  1057/1357/6  1058/1356/6  1056/1358/6

o entity0_brush133
usemtl arcade/trench/graffiti
f  1059/1367/1  1060/1368/1  1061/1369/1  1062/1370/1
usemtl arcade/trench/graffiti
f  1063/1371/3  1061/1372/3  1060/1373/3  1064/9/3
usemtl arcade/trench/graffiti
f  1064/1374/4  1060/1375/4  1059/1376/4  1065/1377/4
usemtl arcade/trench/graffiti
f  1066/1377/7  1062/1376/7  1061/1375/7  1063/1374/7
usemtl arcade/trench/graffiti
f  1065/9/5  1059/1373/5  1062/1372/5  1066/1371/5
usemtl arcade/trench/graffiti
f  1066/1370/6  1063/1369/6  1064/1368/6  1065/1367/6

o entity0_brush134
usemtl arcade/trench/graffiti
f  1067/1367/1  1068/1378/1  1069/1369/1  1070/1370/1
usemtl arcade/trench/graffiti
f  1071/1379/70  1069/1380/70  1068/1381/70  1072/1382/70
usemtl arcade/trench/graffiti
f  1072/1383/4  1068/1384/4  1067/1385/4  1073/1386/4
usemtl arcade/trench/graffiti
f  1074/1377/7  1070/1376/7  1069/1375/7  1071/1374/7
usemtl arcade/trench/graffiti
f  1073/9/5  1067/1373/5  1070/1372/5  1074/1371/5
usemtl arcade/trench/graffiti
f  1074/1370/6  1071/1387/6  1072/1388/6  1073/1367/6

o entity0_brush135
usemtl arcade/trench/graffiti
f  1075/3/1  1076/1389/1  1077/1390/1  1078/1391/1
usemtl arcade/trench/graffiti
f  1079/1392/3  1077/1393/3  1076/1394/3  1080/1340/3
usemtl arcade/trench/graffiti
f  1080/1344/4  1076/1395/4  1075/1396/4  1081/1397/4
usemtl arcade/trench/graffiti
f  1082/1397/7  1078/1396/7  1077/1395/7  1079/1344/7
usemtl arcade/trench/graffiti
f  1081/1340/5  1075/1394/5  1078/1393/5  1082/1392/5
usemtl arcade/trench/graffiti
f  1082/1398/6  1079/105/6  1080/1336/6  1081/1399/6

o entity0_brush136
usemtl arcade/trench/graffiti
f  1083/1399/1  1084/1336/1  1085/105/1  1086/1398/1
usemtl arcade/trench/graffiti
f  1087/1400/3  1085/1401/3  1084/1402/3  1088/1403/3
usemtl arcade/trench/graffiti
f  1088/1404/4  1084/1405/4  1083/1406/4  1089/1407/4
usemtl arcade/trench/graffiti
f  1090/1407/7  1086/1406/7  1085/1405/7  1087/1404/7
usemtl arcade/trench/graffiti
f  1089/1403/5  1083/1402/5  1086/1401/5  1090/1400/5
usemtl arcade/trench/graffiti
f  1090/1391/6  1087/1390/6  1088/1389/6  1089/3/6

o entity0_brush137
usemtl arcade/trench/graffiti
f  1091/1408/1  1092/1409/1  1093/1390/1  1094/1391/1
usemtl arcade/trench/graffiti
f  1095/1393/3  1093/1400/3  1092/1410/3  1096/1411/3
usemtl arcade/trench/graffiti
f  1096/1412/4  1092/1413/4  1091/1414/4  1097/1415/4
usemtl arcade/trench/graffiti
f  1098/1396/7  1094/1407/7  1093/1404/7  1095/1395/7
usemtl arcade/trench/graffiti
f  1097/1411/5  1091/1410/5  1094/1400/5  1098/1393/5
usemtl arcade/trench/graffiti
f  1098/1391/6  1095/1390/6  1096/1409/6  1097/1408/6

o entity0_brush138
usemtl arcade/trench/graffiti
f  1099/3/1  1100/1389/1  1101/1416/1  1102/1417/1
usemtl arcade/trench/graffiti
f  1103/1418/3  1101/1419/3  1100/1403/3  1104/1394/3
usemtl arcade/trench/graffiti
f  1104/1395/4  1100/1404/4  1099/1407/4  1105/1396/4
usemtl arcade/trench/graffiti
f  1106/1415/7  1102/1414/7  1101/1413/7  1103/1412/7
usemtl arcade/trench/graffiti
f  1105/1394/5  1099/1403/5  1102/1419/5  1106/1418/5
usemtl arcade/trench/graffiti
f  1106/1417/6  1103/1416/6  1104/1389/6  1105/3/6

o entity0_brush139
usemtl arcade/trench/graffiti
f  1107/1420/1  1108/1421/1  1109/1422/1  1110/1423/1
usemtl arcade/trench/graffiti
f  1111/1424/3  1109/1425/3  1108/1426/3  1112/1427/3
usemtl arcade/trench/graffiti
f  1112/1428/4  1108/1429/4  1107/1405/4  1113/1360/4
usemtl arcade/trench/graffiti
f  1114/1360/7  1110/1405/7  1109/1429/7  1111/1428/7
usemtl arcade/trench/graffiti
f  1113/1427/5  1107/1426/5  1110/1425/5  1114/1424/5
usemtl arcade/trench/graffiti
f  1114/1423/6  1111/1422/6  1112/1421/6  1113/1420/6

o entity0_brush140
usemtl arcade/trench/graffiti
f  1115/1430/1  1116/1431/1  1117/1432/1  1118/1433/1
usemtl arcade/trench/graffiti
f  1119/1434/3  1117/1435/3  1116/1436/3  1120/1437/3
usemtl arcade/trench/graffiti
f  1120/1438/4  1116/1439/4  1115/1440/4  1121/1441/4
usemtl arcade/trench/graffiti
f  1122/1441/7  1118/1440/7  1117/1439/7  1119/1438/7
usemtl arcade/trench/graffiti
f  1121/1442/5  1115/1443/5  1118/441/5  1122/1444/5
usemtl arcade/trench/graffiti
f  1122/1433/6  1119/1432/6  1120/1431/6  1121/1430/6

o entity0_brush141
usemtl arcade/trench/graffiti
f  1123/1445/1  1124/1446/1  1125/1447/1  1126/1448/1
usemtl arcade/trench/graffiti
f  1127/1444/3  1125/441/3  1124/1443/3  1128/1442/3
usemtl arcade/trench/graffiti
f  1128/1449/4  1124/1450/4  1123/1451/4  1129/1452/4
usemtl arcade/trench/graffiti
f  1130/1452/7  1126/1451/7  1125/1450/7  1127/1449/7
usemtl arcade/trench/graffiti
f  1129/1437/5  1123/1436/5  1126/1435/5  1130/1434/5
usemtl arcade/trench/graffiti
f  1130/1448/6  1127/1447/6  1128/1446/6  1129/1445/6

o entity0_brush142
usemtl arcade/trench/graffiti
f  1131/1453/1  1132/1454/1  1133/1448/1  1134/1432/1
usemtl arcade/trench/graffiti
f  1135/1434/3  1133/1435/3  1132/1455/3  1136/1456/3
usemtl arcade/trench/graffiti
f  1136/1457/4  1132/1458/4  1131/1459/4  1137/1460/4
usemtl arcade/trench/graffiti
f  1138/1438/7  1134/1439/7  1133/1451/7  1135/1452/7
usemtl arcade/trench/graffiti
f  1137/1456/5  1131/1455/5  1134/1435/5  1138/1434/5
usemtl arcade/trench/graffiti
f  1138/1432/6  1135/1448/6  1136/1454/6  1137/1453/6

o entity0_brush143
usemtl arcade/trench/graffiti
f  1139/1431/1  1140/1445/1  1141/1461/1  1142/1462/1
usemtl arcade/trench/graffiti
f  1143/1463/3  1141/1464/3  1140/1436/3  1144/1437/3
usemtl arcade/trench/graffiti
f  1144/1452/4  1140/1451/4  1139/1439/4  1145/1438/4
usemtl arcade/trench/graffiti
f  1146/1460/7  1142/1459/7  1141/1458/7  1143/1457/7
usemtl arcade/trench/graffiti
f  1145/1437/5  1139/1436/5  1142/1464/5  1146/1463/5
usemtl arcade/trench/graffiti
f  1146/1462/6  1143/1461/6  1144/1445/6  1145/1431/6

o entity0_brush144
usemtl arcade/trench/graffiti
f  1147/472/1  1148/101/1  1149/471/1  1150/470/1
usemtl arcade/trench/graffiti
f  1151/1465/3  1149/482/3  1148/481/3  1152/1466/3
usemtl arcade/trench/graffiti
f  1152/1467/4  1148/485/4  1147/480/4  1153/1468/4
usemtl arcade/trench/graffiti
f  1154/1468/7  1150/480/7  1149/485/7  1151/1467/7
usemtl arcade/trench/graffiti
f  1153/1466/5  1147/481/5  1150/482/5  1154/1465/5
usemtl arcade/trench/graffiti
f  1154/1469/6  1151/1470/6  1152/1471/6  1153/1472/6

o entity0_brush145
usemtl arcade/trench/graffiti
f  1155/1472/1  1156/162/1  1157/1473/1  1158/1469/1
usemtl arcade/trench/graffiti
f  1159/1474/3  1157/1475/3  1156/1476/3  1160/1477/3
usemtl arcade/trench/graffiti
f  1160/1478/4  1156/1479/4  1155/1468/4  1161/1480/4
usemtl arcade/trench/graffiti
f  1162/1480/7  1158/1468/7  1157/1479/7  1159/1478/7
usemtl arcade/trench/graffiti
f  1161/1481/5  1155/1466/5  1158/1465/5  1162/1482/5
usemtl arcade/trench/graffiti
f  1162/1469/6  1159/1473/6  1160/162/6  1161/1472/6

o entity0_brush146
usemtl arcade/trench/graffiti
f  1163/1483/1  1164/1471/1  1165/1470/1  1166/1484/1
usemtl arcade/trench/graffiti
f  1167/1482/3  1165/1465/3  1164/1466/3  1168/1481/3
usemtl arcade/trench/graffiti
f  1168/1485/4  1164/1467/4  1163/1486/4  1169/1487/4
usemtl arcade/trench/graffiti
f  1170/1487/7  1166/1486/7  1165/1467/7  1167/1485/7
usemtl arcade/trench/graffiti
f  1169/1477/5  1163/1476/5  1166/1475/5  1170/1474/5
usemtl arcade/trench/graffiti
f  1170/1484/6  1167/1470/6  1168/1471/6  1169/1483/6

o entity0_brush147
usemtl arcade/trench/graffiti
f  1171/1488/1  1172/1489/1  1173/1490/1  1174/1491/1
usemtl arcade/trench/graffiti
f  1175/1492/3  1173/1493/3  1172/1494/3  1176/1495/3
usemtl arcade/trench/graffiti
f  1176/1496/4  1172/1497/4  1171/1498/4  1177/1499/4
usemtl arcade/trench/graffiti
f  1178/1499/7  1174/1498/7  1173/1497/7  1175/1496/7
usemtl arcade/trench/graffiti
f  1177/1495/5  1171/1494/5  1174/1493/5  1178/1492/5
usemtl arcade/trench/graffiti
f  1178/1500/6  1175/1501/6  1176/1502/6  1177/1378/6

o entity0_brush148
usemtl arcade/trench/graffiti
f  1179/1378/1  1180/1502/1  1181/1501/1  1182/1500/1
usemtl arcade/trench/graffiti
f  1183/1503/3  1181/1464/3  1180/1436/3  1184/1504/3
usemtl arcade/trench/graffiti
f  1184/1505/4  1180/1506/4  1179/1362/4  1185/1507/4
usemtl arcade/trench/graffiti
f  1186/1507/7  1182/1362/7  1181/1506/7  1183/1505/7
usemtl arcade/trench/graffiti
f  1185/1504/5  1179/1436/5  1182/1464/5  1186/1503/5
usemtl arcade/trench/graffiti
f  1186/1491/6  1183/1490/6  1184/1489/6  1185/1488/6

o entity0_brush149
usemtl arcade/trench/graffiti
f  1187/1488/1  1188/1473/1  1189/1508/1  1190/1491/1
usemtl arcade/trench/graffiti
f  1191/1509/3  1189/1510/3  1188/1475/3  1192/1474/3
usemtl arcade/trench/graffiti
f  1192/1511/4  1188/1512/4  1187/1507/4  1193/1498/4
usemtl arcade/trench/graffiti
f  1194/1498/7  1190/1507/7  1189/1512/7  1191/1511/7
usemtl arcade/trench/graffiti
f  1193/1494/5  1187/1504/5  1190/1503/5  1194/1493/5
usemtl arcade/trench/graffiti
f  1194/1491/6  1191/1508/6  1192/1473/6  1193/1488/6

o entity0_brush150
usemtl arcade/trench/graffiti
f  1195/1484/1  1196/1489/1  1197/1490/1  1198/1513/1
usemtl arcade/trench/graffiti
f  1199/1493/3  1197/1503/3  1196/1504/3  1200/1494/3
usemtl arcade/trench/graffiti
f  1200/1497/4  1196/1505/4  1195/1514/4  1201/1515/4
usemtl arcade/trench/graffiti
f  1202/1515/7  1198/1514/7  1197/1505/7  1199/1497/7
usemtl arcade/trench/graffiti
f  1201/1474/5  1195/1475/5  1198/1510/5  1202/1509/5
usemtl arcade/trench/graffiti
f  1202/1513/6  1199/1490/6  1200/1489/6  1201/1484/6

o entity0_brush151
usemtl arcade/trench/graffiti
f  1203/1516/1  1204/1517/1  1205/1518/1  1206/1519/1
usemtl arcade/trench/graffiti
f  1207/1520/3  1205/1521/3  1204/1522/3  1208/1523/3
usemtl arcade/trench/graffiti
f  1208/1487/4  1204/1486/4  1203/1479/4  1209/1478/4
usemtl arcade/trench/graffiti
f  1210/1478/7  1206/1479/7  1205/1486/7  1207/1487/7
usemtl arcade/trench/graffiti
f  1209/1523/5  1203/1522/5  1206/1521/5  1210/1520/5
usemtl arcade/trench/graffiti
f  1210/1519/6  1207/1518/6  1208/1517/6  1209/1516/6

o entity0_brush152
usemtl arcade/trench/graffiti
f  1211/1524/1  1212/1525/1  1213/1526/1  1214/1527/1
usemtl arcade/trench/graffiti
f  1215/1528/3  1213/1529/3  1212/1530/3  1216/1531/3
usemtl arcade/trench/graffiti
f  1216/1532/4  1212/1506/4  1211/1533/4  1217/1534/4
usemtl arcade/trench/graffiti
f  1218/1534/71  1214/1533/71  1213/1506/71  1219/1535/71
usemtl arcade/trench/graffiti
f  1217/1531/5  1211/1530/5  1214/1536/5  1218/1537/5
usemtl arcade/trench/graffiti
f  1219/1535/72  1213/1506/72  1215/1532/72
usemtl arcade/trench/graffiti
f  1217/1524/6  1218/1527/6  1219/1538/6  1215/1539/6  1216/1525/6

o entity0_brush153
usemtl arcade/trench/graffiti
f  1220/1540/1  1221/1541/1  1222/1542/1  1223/1543/1
usemtl arcade/trench/graffiti
f  1224/1544/3  1222/1545/3  1221/1546/3  1225/1547/3
usemtl arcade/trench/graffiti
f  1225/1548/4  1221/1549/4  1220/1550/4  1226/1551/4
usemtl arcade/trench/graffiti
f  1227/1551/71  1223/1550/71  1222/1552/71  1228/1553/71
usemtl arcade/trench/graffiti
f  1226/1547/5  1220/1546/5  1223/1554/5  1227/1555/5
usemtl arcade/trench/graffiti
f  1228/1556/72  1222/1552/72  1224/1557/72
usemtl arcade/trench/graffiti
f  1226/1540/6  1227/1543/6  1228/1558/6  1224/1559/6  1225/1541/6

o entity0_brush154
usemtl arcade/trench/graffiti
f  1229/1524/1  1230/1525/1  1231/1526/1  1232/1527/1
usemtl arcade/trench/graffiti
f  1233/1528/3  1231/1529/3  1230/1530/3  1234/1531/3
usemtl arcade/trench/graffiti
f  1234/1532/4  1230/1506/4  1229/1533/4  1235/1534/4
usemtl arcade/trench/graffiti
f  1236/1534/71  1232/1533/71  1231/1506/71  1237/1535/71
usemtl arcade/trench/graffiti
f  1235/1531/5  1229/1530/5  1232/1536/5  1236/1537/5
usemtl arcade/trench/graffiti
f  1237/1535/72  1231/1506/72  1233/1532/72
usemtl arcade/trench/graffiti
f  1235/1524/6  1236/1527/6  1237/1538/6  1233/1539/6  1234/1525/6

o entity0_brush155
usemtl arcade/trench/graffiti
f  1238/1560/1  1239/1561/1  1240/1562/1  1241/1563/1
usemtl arcade/trench/graffiti
f  1242/1564/3  1240/1565/3  1239/1566/3  1243/1567/3
usemtl arcade/trench/graffiti
f  1243/1568/4  1239/1569/4  1238/535/4  1244/1570/4
usemtl arcade/trench/graffiti
f  1245/1570/7  1241/535/7  1240/1569/7  1242/1568/7
usemtl arcade/trench/graffiti
f  1244/1567/5  1238/1566/5  1241/1565/5  1245/1564/5
usemtl arcade/trench/graffiti
f  1245/1571/6  1242/1572/6  1243/1573/6  1244/1574/6

o entity0_brush156
usemtl arcade/trench/graffiti
f  1246/1575/1  1247/1573/1  1248/1572/1  1249/1576/1
usemtl arcade/trench/graffiti
f  1250/1577/3  1248/1564/3  1247/1567/3  1251/1578/3
usemtl arcade/trench/graffiti
f  1251/1579/4  1247/1568/4  1246/1580/4  1252/1581/4
usemtl arcade/trench/graffiti
f  1253/1581/7  1249/1580/7  1248/1568/7  1250/1579/7
usemtl arcade/trench/graffiti
f  1252/1582/5  1246/1583/5  1249/1584/5  1253/1585/5
usemtl arcade/trench/graffiti
f  1253/1586/6  1250/1562/6  1251/1561/6  1252/1587/6

o entity0_brush157
usemtl arcade/trench/graffiti
f  1254/1588/1  1255/1589/1  1256/1576/1  1257/1571/1
usemtl arcade/trench/graffiti
f  1258/1585/3  1256/1584/3  1255/1590/3  1259/1591/3
usemtl arcade/trench/graffiti
f  1259/1592/4  1255/1593/4  1254/1594/4  1260/1595/4
usemtl arcade/trench/graffiti
f  1261/548/7  1257/1570/7  1256/1580/7  1258/1581/7
usemtl arcade/trench/graffiti
f  1260/1596/5  1254/1597/5  1257/1564/5  1261/1577/5
usemtl arcade/trench/graffiti
f  1261/1563/6  1258/1586/6  1259/1598/6  1260/1599/6

o entity0_brush158
usemtl arcade/trench/graffiti
f  1262/1600/1  1263/1601/1  1264/1602/1  1265/1603/1
usemtl arcade/trench/graffiti
f  1266/1392/3  1264/1604/3  1263/1605/3  1267/1340/3
usemtl arcade/trench/graffiti
f  1267/390/4  1263/1606/4  1262/1607/4  1268/1608/4
usemtl arcade/trench/graffiti
f  1269/1608/7  1265/1607/7  1264/1606/7  1266/390/7
usemtl arcade/trench/graffiti
f  1268/1340/5  1262/1605/5  1265/1604/5  1269/1392/5
usemtl arcade/trench/graffiti
f  1269/1609/6  1266/1610/6  1267/1611/6  1268/1612/6

o entity0_brush159
usemtl arcade/trench/graffiti
f  1270/1612/1  1271/1611/1  1272/1610/1  1273/1609/1
usemtl arcade/trench/graffiti
f  1274/1613/3  1272/1401/3  1271/1402/3  1275/10/3
usemtl arcade/trench/graffiti
f  1275/1614/4  1271/1429/4  1270/1615/4  1276/1616/4
usemtl arcade/trench/graffiti
f  1277/1616/7  1273/1615/7  1272/1429/7  1274/1614/7
usemtl arcade/trench/graffiti
f  1276/10/5  1270/1402/5  1273/1401/5  1277/1613/5
usemtl arcade/trench/graffiti
f  1277/1603/6  1274/1602/6  1275/1601/6  1276/1600/6

o entity0_brush160
usemtl arcade/trench/graffiti
f  1278/1617/1  1279/1601/1  1280/1602/1  1281/1618/1
usemtl arcade/trench/graffiti
f  1282/1604/3  1280/1613/3  1279/10/3  1283/1605/3
usemtl arcade/trench/graffiti
f  1283/1606/4  1279/1614/4  1278/430/4  1284/1619/4
usemtl arcade/trench/graffiti
f  1285/1619/7  1281/430/7  1280/1614/7  1282/1606/7
usemtl arcade/trench/graffiti
f  1284/1605/5  1278/10/5  1281/1613/5  1285/1604/5
usemtl arcade/trench/graffiti
f  1285/1618/6  1282/1602/6  1283/1601/6  1284/1617/6

o entity0_brush161
usemtl arcade/trench/graffiti
f  1286/1620/1  1287/1589/1  1288/1618/1  1289/1603/1
usemtl arcade/trench/graffiti
f  1290/1604/3  1288/1613/3  1287/1590/3  1291/1621/3
usemtl arcade/trench/graffiti
f  1291/1622/4  1287/1593/4  1286/1623/4  1292/1624/4
usemtl arcade/trench/graffiti
f  1293/1607/7  1289/1616/7  1288/430/7  1290/1619/7
usemtl arcade/trench/graffiti
f  1292/1621/5  1286/1590/5  1289/1613/5  1293/1604/5
usemtl arcade/trench/graffiti
f  1293/1603/6  1290/1618/6  1291/1589/6  1292/1620/6

o entity0_brush162
usemtl arcade/trench/graffiti
f  1294/1600/1  1295/1617/1  1296/1501/1  1297/1625/1
usemtl arcade/trench/graffiti
f  1298/1626/3  1296/1627/3  1295/10/3  1299/1605/3
usemtl arcade/trench/graffiti
f  1299/1619/4  1295/430/4  1294/1616/4  1300/1607/4
usemtl arcade/trench/graffiti
f  1301/1624/7  1297/1623/7  1296/1593/7  1298/1622/7
usemtl arcade/trench/graffiti
f  1300/1605/5  1294/10/5  1297/1627/5  1301/1626/5
usemtl arcade/trench/graffiti
f  1301/1625/6  1298/1501/6  1299/1617/6  1300/1600/6

o entity0_brush163
usemtl arcade/trench/graffiti
f  1302/1628/1  1303/1629/1  1304/1630/1  1305/1631/1
usemtl arcade/trench/graffiti
f  1306/1632/3  1304/1633/3  1303/1634/3  1307/1635/3
usemtl arcade/trench/graffiti
f  1307/1636/4  1303/1637/4  1302/1638/4  1308/1639/4
usemtl arcade/trench/graffiti
f  1309/1639/7  1305/1638/7  1304/1637/7  1306/1636/7
usemtl arcade/trench/graffiti
f  1308/1635/5  1302/1634/5  1305/1633/5  1309/1632/5
usemtl arcade/trench/graffiti
f  1309/1640/6  1306/1641/6  1307/1642/6  1308/1643/6

o entity0_brush164
usemtl arcade/trench/graffiti
f  1310/1643/1  1311/1642/1  1312/1641/1  1313/1640/1
usemtl arcade/trench/graffiti
f  1314/1644/3  1312/1645/3  1311/1646/3  1315/1647/3
usemtl arcade/trench/graffiti
f  1315/1648/4  1311/1649/4  1310/1650/4  1316/1651/4
usemtl arcade/trench/graffiti
f  1317/1651/7  1313/1650/7  1312/1649/7  1314/1648/7
usemtl arcade/trench/graffiti
f  1316/1647/5  1310/1646/5  1313/1645/5  1317/1644/5
usemtl arcade/trench/graffiti
f  1317/1631/6  1314/1630/6  1315/1629/6  1316/1628/6

o entity0_brush165
usemtl arcade/trench/graffiti
f  1318/1652/1  1319/1653/1  1320/1630/1  1321/1631/1
usemtl arcade/trench/graffiti
f  1322/1633/3  1320/1644/3  1319/1654/3  1323/1655/3
usemtl arcade/trench/graffiti
f  1323/1656/4  1319/1657/4  1318/1658/4  1324/1659/4
usemtl arcade/trench/graffiti
f  1325/1638/7  1321/1651/7  1320/1648/7  1322/1637/7
usemtl arcade/trench/graffiti
f  1324/1655/5  1318/1654/5  1321/1644/5  1325/1633/5
usemtl arcade/trench/graffiti
f  1325/1631/6  1322/1630/6  1323/1653/6  1324/1652/6

o entity0_brush166
usemtl arcade/trench/graffiti
f  1326/1628/1  1327/1629/1  1328/1660/1  1329/1661/1
usemtl arcade/trench/graffiti
f  1330/1662/3  1328/1663/3  1327/1647/3  1331/1634/3
usemtl arcade/trench/graffiti
f  1331/1637/4  1327/1648/4  1326/1651/4  1332/1638/4
usemtl arcade/trench/graffiti
f  1333/1659/7  1329/1658/7  1328/1657/7  1330/1656/7
usemtl arcade/trench/graffiti
f  1332/1634/5  1326/1647/5  1329/1663/5  1333/1662/5
usemtl arcade/trench/graffiti
f  1333/1661/6  1330/1660/6  1331/1629/6  1332/1628/6

o entity0_brush167
usemtl arcade/trench/graffiti
f  1334/1664/1  1335/1665/1  1336/1666/1  1337/1667/1
usemtl arcade/trench/graffiti
f  1338/1668/3  1336/1669/3  1335/1670/3  1339/1671/3
usemtl arcade/trench/graffiti
f  1339/1672/4  1335/1673/4  1334/1674/4  1340/1675/4
usemtl arcade/trench/graffiti
f  1341/1675/7  1337/1674/7  1336/1673/7  1338/1672/7
usemtl arcade/trench/graffiti
f  1340/1671/5  1334/1670/5  1337/1669/5  1341/1668/5
usemtl arcade/trench/graffiti
f  1341/1667/6  1338/1666/6  1339/1665/6  1340/1664/6

o entity0_brush168
usemtl arcade/trench/graffiti
f  1342/1676/1  1343/1677/1  1344/1678/1  1345/1679/1
usemtl arcade/trench/graffiti
f  1346/405/3  1344/1680/3  1343/884/3  1347/334/3
usemtl arcade/trench/graffiti
f  1347/1681/4  1343/1682/4  1342/1683/4  1348/1684/4
usemtl arcade/trench/graffiti
f  1349/1684/7  1345/1683/7  1344/1682/7  1346/1681/7
usemtl arcade/trench/graffiti
f  1348/334/5  1342/884/5  1345/1680/5  1349/405/5
usemtl arcade/trench/graffiti
f  1349/1679/6  1346/1678/6  1347/1677/6  1348/1676/6

o entity0_brush169
usemtl clean/darkwood
f  1350/1685/1  1351/1686/1  1352/1687/1  1353/1688/1
usemtl clean/darkwood
f  1354/1689/3  1352/1690/3  1351/1691/3  1355/1692/3
usemtl clean/darkwood
f  1355/1693/4  1351/1694/4  1350/1695/4  1356/1696/4
usemtl clean/darkwood
f  1357/1696/7  1353/1695/7  1352/1694/7  1354/1693/7
usemtl clean/darkwood
f  1356/1692/5  1350/1691/5  1353/1690/5  1357/1689/5
usemtl clean/darkwood
f  1357/1697/6  1354/1698/6  1355/1699/6  1356/1700/6

o entity0_brush170
usemtl arcade/trench/graffiti
f  1358/1701/1  1359/1702/1  1360/1703/1  1361/1704/1
usemtl arcade/trench/graffiti
f  1362/1705/3  1360/1706/3  1359/1707/3  1363/1708/3
usemtl arcade/trench/graffiti
f  1363/1709/4  1359/1710/4  1358/1711/4  1364/1712/4
usemtl arcade/trench/graffiti
f  1365/1712/7  1361/1711/7  1360/1710/7  1362/1709/7
usemtl arcade/trench/graffiti
f  1364/1713/5  1358/326/5  1361/1714/5  1365/1715/5
usemtl arcade/trench/graffiti
f  1365/1716/6  1362/1717/6  1363/1718/6  1364/1719/6

o entity0_brush171
usemtl arcade/trench/graffiti
f  1366/1720/1  1367/1721/1  1368/1722/1  1369/1723/1
usemtl arcade/trench/graffiti
f  1370/1715/3  1368/1714/3  1367/326/3  1371/1713/3
usemtl arcade/trench/graffiti
f  1371/1724/4  1367/1725/4  1366/1726/4  1372/1727/4
usemtl arcade/trench/graffiti
f  1373/1727/7  1369/1726/7  1368/1725/7  1370/1724/7
usemtl arcade/trench/graffiti
f  1372/1708/5  1366/1707/5  1369/1706/5  1373/1705/5
usemtl arcade/trench/graffiti
f  1373/1728/6  1370/1729/6  1371/28/6  1372/1730/6

o entity0_brush172
usemtl arcade/trench/graffiti
f  1374/1731/1  1375/1732/1  1376/1723/1  1377/1703/1
usemtl arcade/trench/graffiti
f  1378/1705/3  1376/1706/3  1375/1733/3  1379/1734/3
usemtl arcade/trench/graffiti
f  1379/1735/4  1375/1736/4  1374/1737/4  1380/1738/4
usemtl arcade/trench/graffiti
f  1381/1709/7  1377/1710/7  1376/1726/7  1378/1727/7
usemtl arcade/trench/graffiti
f  1380/1734/5  1374/1733/5  1377/1706/5  1381/1705/5
usemtl arcade/trench/graffiti
f  1381/1717/6  1378/1728/6  1379/1739/6  1380/1740/6

o entity0_brush173
usemtl arcade/trench/graffiti
f  1382/1702/1  1383/1720/1  1384/63/1  1385/1741/1
usemtl arcade/trench/graffiti
f  1386/1742/3  1384/1743/3  1383/1707/3  1387/1708/3
usemtl arcade/trench/graffiti
f  1387/1727/4  1383/1726/4  1382/1710/4  1388/1709/4
usemtl arcade/trench/graffiti
f  1389/1738/7  1385/1737/7  1384/1736/7  1386/1735/7
usemtl arcade/trench/graffiti
f  1388/1708/5  1382/1707/5  1385/1743/5  1389/1742/5
usemtl arcade/trench/graffiti
f  1389/1744/6  1386/1745/6  1387/1730/6  1388/1718/6

o entity0_brush174
usemtl arcade/trench/graffiti
f  1390/1746/1  1391/1747/1  1392/1748/1  1393/1749/1
usemtl arcade/trench/graffiti
f  1394/1750/3  1392/1751/3  1391/1752/3  1395/1753/3
usemtl arcade/trench/graffiti
f  1395/1754/4  1391/1755/4  1390/1756/4  1396/1757/4
usemtl arcade/trench/graffiti
f  1397/1757/7  1393/1756/7  1392/1755/7  1394/1754/7
usemtl arcade/trench/graffiti
f  1396/1753/5  1390/1752/5  1393/1751/5  1397/1750/5
usemtl arcade/trench/graffiti
f  1397/1749/6  1394/1748/6  1395/1747/6  1396/1746/6

o entity0_brush175
usemtl arcade/trench/graffiti
f  1398/1758/1  1399/1759/1  1400/1760/1  1401/1761/1
usemtl arcade/trench/graffiti
f  1402/1762/3  1400/1763/3  1399/1764/3  1403/1765/3
usemtl arcade/trench/graffiti
f  1403/1766/4  1399/1767/4  1398/1768/4  1404/1769/4
usemtl arcade/trench/graffiti
f  1405/1769/7  1401/1768/7  1400/1767/7  1402/1766/7
usemtl arcade/trench/graffiti
f  1404/1765/5  1398/1764/5  1401/1763/5  1405/1762/5
usemtl arcade/trench/graffiti
f  1405/1761/6  1402/1760/6  1403/1759/6  1404/1758/6

o entity0_brush176
usemtl arcade/trench/graffiti
f  1406/1770/1  1407/1771/1  1408/1772/1  1409/1773/1
usemtl arcade/trench/graffiti
f  1410/1774/3  1408/1775/3  1407/1720/3  1411/1776/3
usemtl arcade/trench/graffiti
f  1411/1777/4  1407/1778/4  1406/1779/4  1412/1780/4
usemtl arcade/trench/graffiti
f  1413/1780/7  1409/1779/7  1408/1778/7  1410/1777/7
usemtl arcade/trench/graffiti
f  1412/1776/5  1406/1720/5  1409/1775/5  1413/1774/5
usemtl arcade/trench/graffiti
f  1413/1773/6  1410/1772/6  1411/1771/6  1412/1770/6

o entity0_brush177
usemtl arcade/trench/graffiti
f  1414/1781/1  1415/1782/1  1416/1783/1  1417/1784/1
usemtl arcade/trench/graffiti
f  1418/1785/3  1416/1786/3  1415/1787/3  1419/1788/3
usemtl arcade/trench/graffiti
f  1419/1789/4  1415/1790/4  1414/1791/4  1420/1792/4
usemtl arcade/trench/graffiti
f  1421/1792/73  1417/1791/73  1416/1790/73  1418/1789/73
usemtl arcade/trench/graffiti
f  1420/1793/5  1414/1794/5  1417/1795/5  1421/1796/5
usemtl arcade/trench/graffiti
f  1421/1784/6  1418/1783/6  1419/1782/6  1420/1781/6

o entity0_brush178
usemtl arcade/trench/graffiti
f  1422/1758/1  1423/1759/1  1424/1760/1  1425/1761/1
usemtl arcade/trench/graffiti
f  1426/1797/3  1424/1798/3  1423/1799/3  1427/1800/3
usemtl arcade/trench/graffiti
f  1427/1801/4  1423/1802/4  1422/1803/4  1428/1804/4
usemtl arcade/trench/graffiti
f  1429/1804/7  1425/1803/7  1424/1802/7  1426/1801/7
usemtl arcade/trench/graffiti
f  1428/1800/5  1422/1799/5  1425/1798/5  1429/1797/5
usemtl arcade/trench/graffiti
f  1429/1761/6  1426/1760/6  1427/1759/6  1428/1758/6

o entity0_brush179
usemtl arcade/trench/graffiti
f  1430/1805/1  1431/1806/1  1432/1807/1  1433/1808/1
usemtl arcade/trench/graffiti
f  1434/1809/3  1432/1810/3  1431/1811/3  1435/1774/3
usemtl arcade/trench/graffiti
f  1435/1812/4  1431/1813/4  1430/1814/4  1436/1815/4
usemtl arcade/trench/graffiti
f  1437/1815/7  1433/1814/7  1432/1813/7  1434/1812/7
usemtl arcade/trench/graffiti
f  1436/1774/5  1430/1811/5  1433/1810/5  1437/1809/5
usemtl arcade/trench/graffiti
f  1437/1816/6  1434/1817/6  1435/1818/6  1436/1819/6

o entity0_brush180
usemtl arcade/trench/graffiti
f  1438/1819/1  1439/1818/1  1440/1817/1  1441/1816/1
usemtl arcade/trench/graffiti
f  1442/1820/3  1440/1821/3  1439/1822/3  1443/1823/3
usemtl arcade/trench/graffiti
f  1443/1824/4  1439/1825/4  1438/1826/4  1444/1827/4
usemtl arcade/trench/graffiti
f  1445/1827/7  1441/1826/7  1440/1825/7  1442/1824/7
usemtl arcade/trench/graffiti
f  1444/1823/5  1438/1822/5  1441/1821/5  1445/1820/5
usemtl arcade/trench/graffiti
f  1445/1808/6  1442/1807/6  1443/1806/6  1444/1805/6

o entity0_brush181
usemtl arcade/trench/graffiti
f  1446/1805/1  1447/1828/1  1448/1829/1  1449/1808/1
usemtl arcade/trench/graffiti
f  1450/1830/3  1448/1831/3  1447/1832/3  1451/1833/3
usemtl arcade/trench/graffiti
f  1451/1834/4  1447/1835/4  1446/1827/4  1452/1814/4
usemtl arcade/trench/graffiti
f  1453/1814/7  1449/1827/7  1448/1835/7  1450/1834/7
usemtl arcade/trench/graffiti
f  1452/1811/5  1446/1823/5  1449/1820/5  1453/1810/5
usemtl arcade/trench/graffiti
f  1453/1808/6  1450/1829/6  1451/1828/6  1452/1805/6

o entity0_brush182
usemtl arcade/trench/graffiti
f  1454/1836/1  1455/1806/1  1456/1807/1  1457/1837/1
usemtl arcade/trench/graffiti
f  1458/1810/3  1456/1820/3  1455/1823/3  1459/1811/3
usemtl arcade/trench/graffiti
f  1459/1813/4  1455/1824/4  1454/1838/4  1460/1839/4
usemtl arcade/trench/graffiti
f  1461/1839/7  1457/1838/7  1456/1824/7  1458/1813/7
usemtl arcade/trench/graffiti
f  1460/1833/5  1454/1832/5  1457/1831/5  1461/1830/5
usemtl arcade/trench/graffiti
f  1461/1837/6  1458/1807/6  1459/1806/6  1460/1836/6

o entity0_brush183
usemtl arcade/trench/graffiti
f  1462/1828/1  1463/1836/1  1464/1840/1  1465/1819/1
usemtl arcade/trench/graffiti
f  1466/1774/3  1464/1841/3  1463/1832/3  1467/1833/3
usemtl arcade/trench/graffiti
f  1467/1839/4  1463/1838/4  1462/1835/4  1468/1834/4
usemtl arcade/trench/graffiti
f  1469/1815/7  1465/1842/7  1464/1843/7  1466/1844/7
usemtl arcade/trench/graffiti
f  1468/1833/5  1462/1832/5  1465/1841/5  1469/1774/5
usemtl arcade/trench/graffiti
f  1469/1819/6  1466/1840/6  1467/1836/6  1468/1828/6

o entity0_brush184
usemtl arcade/trench/graffiti
f  1470/1805/1  1471/1828/1  1472/1829/1  1473/1808/1
usemtl arcade/trench/graffiti
f  1474/1830/3  1472/1831/3  1471/1832/3  1475/1833/3
usemtl arcade/trench/graffiti
f  1475/1834/4  1471/1835/4  1470/1827/4  1476/1814/4
usemtl arcade/trench/graffiti
f  1477/1814/7  1473/1827/7  1472/1835/7  1474/1834/7
usemtl arcade/trench/graffiti
f  1476/1811/5  1470/1823/5  1473/1820/5  1477/1810/5
usemtl arcade/trench/graffiti
f  1477/1808/6  1474/1829/6  1475/1828/6  1476/1805/6

o entity0_brush185
usemtl arcade/trench/graffiti
f  1478/1805/1  1479/1806/1  1480/1807/1  1481/1808/1
usemtl arcade/trench/graffiti
f  1482/1809/3  1480/1810/3  1479/1811/3  1483/1774/3
usemtl arcade/trench/graffiti
f  1483/1812/4  1479/1813/4  1478/1814/4  1484/1815/4
usemtl arcade/trench/graffiti
f  1485/1815/7  1481/1814/7  1480/1813/7  1482/1812/7
usemtl arcade/trench/graffiti
f  1484/1774/5  1478/1811/5  1481/1810/5  1485/1809/5
usemtl arcade/trench/graffiti
f  1485/1816/6  1482/1817/6  1483/1818/6  1484/1819/6

o entity0_brush186
usemtl arcade/trench/graffiti
f  1486/1828/1  1487/1836/1  1488/1840/1  1489/1819/1
usemtl arcade/trench/graffiti
f  1490/1774/3  1488/1841/3  1487/1832/3  1491/1833/3
usemtl arcade/trench/graffiti
f  1491/1839/4  1487/1838/4  1486/1835/4  1492/1834/4
usemtl arcade/trench/graffiti
f  1493/1815/7  1489/1842/7  1488/1843/7  1490/1844/7
usemtl arcade/trench/graffiti
f  1492/1833/5  1486/1832/5  1489/1841/5  1493/1774/5
usemtl arcade/trench/graffiti
f  1493/1819/6  1490/1840/6  1491/1836/6  1492/1828/6

o entity0_brush187
usemtl arcade/trench/graffiti
f  1494/1819/1  1495/1818/1  1496/1817/1  1497/1816/1
usemtl arcade/trench/graffiti
f  1498/1820/3  1496/1821/3  1495/1822/3  1499/1823/3
usemtl arcade/trench/graffiti
f  1499/1824/4  1495/1825/4  1494/1826/4  1500/1827/4
usemtl arcade/trench/graffiti
f  1501/1827/7  1497/1826/7  1496/1825/7  1498/1824/7
usemtl arcade/trench/graffiti
f  1500/1823/5  1494/1822/5  1497/1821/5  1501/1820/5
usemtl arcade/trench/graffiti
f  1501/1808/6  1498/1807/6  1499/1806/6  1500/1805/6

o entity0_brush188
usemtl arcade/trench/graffiti
f  1502/1805/1  1503/1828/1  1504/1829/1  1505/1808/1
usemtl arcade/trench/graffiti
f  1506/1830/3  1504/1831/3  1503/1832/3  1507/1833/3
usemtl arcade/trench/graffiti
f  1507/1834/4  1503/1835/4  1502/1827/4  1508/1814/4
usemtl arcade/trench/graffiti
f  1509/1814/7  1505/1827/7  1504/1835/7  1506/1834/7
usemtl arcade/trench/graffiti
f  1508/1811/5  1502/1823/5  1505/1820/5  1509/1810/5
usemtl arcade/trench/graffiti
f  1509/1808/6  1506/1829/6  1507/1828/6  1508/1805/6

o entity0_brush189
usemtl arcade/trench/graffiti
f  1510/1805/1  1511/1806/1  1512/1807/1  1513/1808/1
usemtl arcade/trench/graffiti
f  1514/1809/3  1512/1810/3  1511/1811/3  1515/1774/3
usemtl arcade/trench/graffiti
f  1515/1812/4  1511/1813/4  1510/1814/4  1516/1815/4
usemtl arcade/trench/graffiti
f  1517/1815/7  1513/1814/7  1512/1813/7  1514/1812/7
usemtl arcade/trench/graffiti
f  1516/1774/5  1510/1811/5  1513/1810/5  1517/1809/5
usemtl arcade/trench/graffiti
f  1517/1816/6  1514/1817/6  1515/1818/6  1516/1819/6

o entity0_brush190
usemtl arcade/trench/graffiti
f  1518/1828/1  1519/1836/1  1520/1840/1  1521/1819/1
usemtl arcade/trench/graffiti
f  1522/1845/3  1520/1846/3  1519/1847/3  1523/1848/3
usemtl arcade/trench/graffiti
f  1523/1849/4  1519/1850/4  1518/1851/4  1524/1852/4
usemtl arcade/trench/graffiti
f  1525/1853/7  1521/1854/7  1520/1855/7  1522/1856/7
usemtl arcade/trench/graffiti
f  1524/1848/5  1518/1847/5  1521/1846/5  1525/1845/5
usemtl arcade/trench/graffiti
f  1525/1819/6  1522/1840/6  1523/1836/6  1524/1828/6

o entity0_brush191
usemtl arcade/trench/graffiti
f  1526/1819/1  1527/1818/1  1528/1817/1  1529/1816/1
usemtl arcade/trench/graffiti
f  1530/1820/3  1528/1821/3  1527/1822/3  1531/1823/3
usemtl arcade/trench/graffiti
f  1531/1824/4  1527/1825/4  1526/1826/4  1532/1827/4
usemtl arcade/trench/graffiti
f  1533/1827/7  1529/1826/7  1528/1825/7  1530/1824/7
usemtl arcade/trench/graffiti
f  1532/1823/5  1526/1822/5  1529/1821/5  1533/1820/5
usemtl arcade/trench/graffiti
f  1533/1808/6  1530/1807/6  1531/1806/6  1532/1805/6

o entity0_brush192
usemtl arcade/trench/graffiti
f  1534/1836/1  1535/1806/1  1536/1807/1  1537/1837/1
usemtl arcade/trench/graffiti
f  1538/1810/3  1536/1820/3  1535/1823/3  1539/1811/3
usemtl arcade/trench/graffiti
f  1539/1813/4  1535/1824/4  1534/1838/4  1540/1839/4
usemtl arcade/trench/graffiti
f  1541/1839/7  1537/1838/7  1536/1824/7  1538/1813/7
usemtl arcade/trench/graffiti
f  1540/1833/5  1534/1832/5  1537/1831/5  1541/1830/5
usemtl arcade/trench/graffiti
f  1541/1837/6  1538/1807/6  1539/1806/6  1540/1836/6

o entity0_brush193
usemtl arcade/trench/graffiti
f  1542/1857/1  1543/1858/1  1544/1859/1  1545/1860/1
usemtl arcade/trench/graffiti
f  1546/1861/3  1544/1862/3  1543/1863/3  1547/1864/3
usemtl arcade/trench/graffiti
f  1547/1865/4  1543/1866/4  1542/1867/4  1548/1868/4
usemtl arcade/trench/graffiti
f  1549/1868/7  1545/1867/7  1544/1866/7  1546/1865/7
usemtl arcade/trench/graffiti
f  1548/1864/5  1542/1863/5  1545/1862/5  1549/1861/5
usemtl arcade/trench/graffiti
f  1549/1860/6  1546/1859/6  1547/1858/6  1548/1857/6

o entity0_brush194
usemtl arcade/trench/graffiti
f  1550/1869/1  1551/1870/1  1552/1871/1  1553/1872/1
usemtl arcade/trench/graffiti
f  1554/1873/3  1552/1874/3  1551/1875/3  1555/1876/3
usemtl arcade/trench/graffiti
f  1555/1877/4  1551/1878/4  1550/1879/4  1556/1880/4
usemtl arcade/trench/graffiti
f  1557/1880/7  1553/1879/7  1552/1878/7  1554/1877/7
usemtl arcade/trench/graffiti
f  1556/1876/5  1550/1875/5  1553/1874/5  1557/1873/5
usemtl arcade/trench/graffiti
f  1557/1872/6  1554/1871/6  1555/1870/6  1556/1869/6

o entity0_brush195
usemtl arcade/trench/graffiti
f  1558/1870/1  1559/1881/1  1560/1882/1  1561/1883/1
usemtl arcade/trench/graffiti
f  1562/1884/3  1560/1885/3  1559/1886/3  1563/1887/3
usemtl arcade/trench/graffiti
f  1563/1888/4  1559/1889/4  1558/1890/4  1564/1891/4
usemtl arcade/trench/graffiti
f  1565/1891/7  1561/1890/7  1560/1889/7  1562/1888/7
usemtl arcade/trench/graffiti
f  1564/1887/5  1558/1886/5  1561/1885/5  1565/1884/5
usemtl arcade/trench/graffiti
f  1565/1883/6  1562/1882/6  1563/1881/6  1564/1870/6

o entity0_brush196
usemtl arcade/trench/graffiti
f  1566/1892/1  1567/1893/1  1568/1894/1  1569/1895/1
usemtl arcade/trench/graffiti
f  1570/1896/3  1568/1897/3  1567/1898/3  1571/1899/3
usemtl arcade/trench/graffiti
f  1571/1900/4  1567/1901/4  1566/1902/4  1572/1903/4
usemtl arcade/trench/graffiti
f  1573/1903/7  1569/1902/7  1568/1901/7  1570/1900/7
usemtl arcade/trench/graffiti
f  1572/1899/5  1566/1898/5  1569/1897/5  1573/1896/5
usemtl arcade/trench/graffiti
f  1573/1895/6  1570/1894/6  1571/1893/6  1572/1892/6

o entity0_brush197
usemtl arcade/trench/graffiti
f  1574/1904/1  1575/1475/1  1576/1905/1  1577/1906/1
usemtl arcade/trench/graffiti
f  1578/1907/3  1576/1908/3  1575/1909/3  1579/1910/3
usemtl arcade/trench/graffiti
f  1579/1911/4  1575/1912/4  1574/1913/4  1580/1914/4
usemtl arcade/trench/graffiti
f  1581/1914/7  1577/1913/7  1576/1912/7  1578/1911/7
usemtl arcade/trench/graffiti
f  1580/1910/5  1574/1909/5  1577/1908/5  1581/1907/5
usemtl arcade/trench/graffiti
f  1581/1906/6  1578/1905/6  1579/1475/6  1580/1904/6

o entity0_brush198
usemtl arcade/trench/graffiti
f  1582/1915/1  1583/1916/1  1584/1917/1  1585/1918/1
usemtl arcade/trench/graffiti
f  1586/1910/3  1584/1919/3  1583/1920/3  1587/1921/3
usemtl arcade/trench/graffiti
f  1587/1922/4  1583/1923/4  1582/1924/4  1588/1925/4
usemtl arcade/trench/graffiti
f  1589/1925/7  1585/1924/7  1584/1923/7  1586/1922/7
usemtl arcade/trench/graffiti
f  1588/1921/5  1582/1920/5  1585/1919/5  1589/1910/5
usemtl arcade/trench/graffiti
f  1589/1918/6  1586/1917/6  1587/1916/6  1588/1915/6

o entity0_brush199
usemtl arcade/trench/graffiti
f  1590/1926/1  1591/1927/1  1592/1928/1  1593/1929/1
usemtl arcade/trench/graffiti
f  1594/1930/3  1592/1931/3  1591/1932/3  1595/1897/3
usemtl arcade/trench/graffiti
f  1595/1933/4  1591/1934/4  1590/1935/4  1596/1936/4
usemtl arcade/trench/graffiti
f  1597/1936/7  1593/1935/7  1592/1934/7  1594/1933/7
usemtl arcade/trench/graffiti
f  1596/1897/5  1590/1932/5  1593/1931/5  1597/1930/5
usemtl arcade/trench/graffiti
f  1597/1929/6  1594/1928/6  1595/1927/6  1596/1926/6

o entity0_brush200
usemtl arcade/trench/graffiti
f  1598/1937/1  1599/1938/1  1600/1939/1  1601/1940/1
usemtl arcade/trench/graffiti
f  1602/1941/3  1600/1942/3  1599/1943/3  1603/1944/3
usemtl arcade/trench/graffiti
f  1603/1945/4  1599/1946/4  1598/1947/4  1604/1948/4
usemtl arcade/trench/graffiti
f  1605/1948/7  1601/1947/7  1600/1946/7  1602/1945/7
usemtl arcade/trench/graffiti
f  1604/1944/5  1598/1943/5  1601/1942/5  1605/1941/5
usemtl arcade/trench/graffiti
f  1605/1940/6  1602/1939/6  1603/1938/6  1604/1937/6

o entity0_brush201
usemtl arcade/trench/graffiti
f  1606/1949/1  1607/1950/1  1608/1951/1  1609/1939/1
usemtl arcade/trench/graffiti
f  1610/1952/3  1608/1953/3  1607/1954/3  1611/1955/3
usemtl arcade/trench/graffiti
f  1611/1956/4  1607/1957/4  1606/1958/4  1612/1959/4
usemtl arcade/trench/graffiti
f  1613/1959/7  1609/1958/7  1608/1957/7  1610/1956/7
usemtl arcade/trench/graffiti
f  1612/1955/5  1606/1954/5  1609/1953/5  1613/1952/5
usemtl arcade/trench/graffiti
f  1613/1939/6  1610/1951/6  1611/1950/6  1612/1949/6

o entity0_brush202
usemtl arcade/trench/graffiti
f  1614/1960/1  1615/1961/1  1616/1962/1  1617/1963/1
usemtl arcade/trench/graffiti
f  1618/1964/3  1616/1408/3  1615/1898/3  1619/1909/3
usemtl arcade/trench/graffiti
f  1619/1965/4  1615/1966/4  1614/1967/4  1620/1968/4
usemtl arcade/trench/graffiti
f  1621/1968/7  1617/1967/7  1616/1966/7  1618/1965/7
usemtl arcade/trench/graffiti
f  1620/1909/5  1614/1898/5  1617/1408/5  1621/1964/5
usemtl arcade/trench/graffiti
f  1621/1963/6  1618/1962/6  1619/1961/6  1620/1960/6

o entity0_brush203
usemtl arcade/trench/graffiti
f  1622/1969/1  1623/1937/1  1624/1970/1  1625/1971/1
usemtl arcade/trench/graffiti
f  1626/1972/3  1624/1973/3  1623/1974/3  1627/1975/3
usemtl arcade/trench/graffiti
f  1627/1976/4  1623/1977/4  1622/1978/4  1628/1979/4
usemtl arcade/trench/graffiti
f  1629/1979/7  1625/1978/7  1624/1977/7  1626/1976/7
usemtl arcade/trench/graffiti
f  1628/1975/5  1622/1974/5  1625/1973/5  1629/1972/5
usemtl arcade/trench/graffiti
f  1629/1971/6  1626/1970/6  1627/1937/6  1628/1969/6

o entity0_brush204
usemtl arcade/trench/graffiti
f  1630/1980/1  1631/1981/1  1632/1982/1  1633/1983/1
usemtl arcade/trench/graffiti
f  1634/1984/3  1632/1985/3  1631/1986/3  1635/1987/3
usemtl arcade/trench/graffiti
f  1635/1988/4  1631/1989/4  1630/1990/4  1636/1991/4
usemtl arcade/trench/graffiti
f  1637/1991/7  1633/1990/7  1632/1989/7  1634/1988/7
usemtl arcade/trench/graffiti
f  1636/1992/5  1630/1993/5  1633/1994/5  1637/1995/5
usemtl arcade/trench/graffiti
f  1637/1996/6  1634/1997/6  1635/1998/6  1636/1999/6

o entity0_brush205
usemtl arcade/trench/graffiti
f  1638/2000/1  1639/2001/1  1640/2002/1  1641/2003/1
usemtl arcade/trench/graffiti
f  1642/2004/3  1640/2005/3  1639/2006/3  1643/2007/3
usemtl arcade/trench/graffiti
f  1643/2008/4  1639/2009/4  1638/2010/4  1644/2011/4
usemtl arcade/trench/graffiti
f  1645/2011/7  1641/2010/7  1640/2009/7  1642/2008/7
usemtl arcade/trench/graffiti
f  1644/1987/5  1638/1986/5  1641/1985/5  1645/1984/5
usemtl arcade/trench/graffiti
f  1645/2012/6  1642/2013/6  1643/2014/6  1644/2015/6

o entity0_brush206
usemtl arcade/trench/graffiti
f  1646/2016/1  1647/2017/1  1648/2003/1  1649/1982/1
usemtl arcade/trench/graffiti
f  1650/1984/3  1648/1985/3  1647/2018/3  1651/2019/3
usemtl arcade/trench/graffiti
f  1651/2020/4  1647/2021/4  1646/2022/4  1652/2023/4
usemtl arcade/trench/graffiti
f  1653/1988/7  1649/1989/7  1648/2010/7  1650/2011/7
usemtl arcade/trench/graffiti
f  1652/2019/5  1646/2018/5  1649/1985/5  1653/1984/5
usemtl arcade/trench/graffiti
f  1653/1997/6  1650/2012/6  1651/2024/6  1652/2025/6

o entity0_brush207
usemtl arcade/trench/graffiti
f  1654/2026/1  1655/2027/1  1656/2028/1  1657/2029/1
usemtl arcade/trench/graffiti
f  1658/2030/3  1656/2031/3  1655/2032/3  1659/2033/3
usemtl arcade/trench/graffiti
f  1659/2034/4  1655/2035/4  1654/2036/4  1660/2037/4
usemtl arcade/trench/graffiti
f  1661/2037/7  1657/2036/7  1656/2035/7  1658/2034/7
usemtl arcade/trench/graffiti
f  1660/2038/5  1654/2039/5  1657/2040/5  1661/2041/5
usemtl arcade/trench/graffiti
f  1661/2029/6  1658/2028/6  1659/2027/6  1660/2026/6

o entity0_brush208
usemtl arcade/trench/graffiti
f  1662/2042/1  1663/2043/1  1664/2044/1  1665/2028/1
usemtl arcade/trench/graffiti
f  1666/2030/3  1664/2031/3  1663/2045/3  1667/2046/3
usemtl arcade/trench/graffiti
f  1667/2047/4  1663/2048/4  1662/2049/4  1668/2050/4
usemtl arcade/trench/graffiti
f  1669/2034/7  1665/2035/7  1664/2051/7  1666/2052/7
usemtl arcade/trench/graffiti
f  1668/2046/5  1662/2045/5  1665/2031/5  1669/2030/5
usemtl arcade/trench/graffiti
f  1669/2028/6  1666/2044/6  1667/2043/6  1668/2042/6

o entity0_brush209
usemtl arcade/trench/arcade2
f  1670/2053/1  1671/2054/1  1672/2055/1  1673/2056/1
usemtl arcade/trench/arcade2
f  1674/2057/3  1672/2058/3  1671/2059/3  1675/2060/3
usemtl arcade/trench/arcade2
f  1675/2061/4  1671/2062/4  1670/2063/4  1676/2064/4
usemtl arcade/trench/arcade2
f  1677/2065/7  1673/2066/7  1672/2067/7  1674/2068/7
usemtl arcade/trench/arcade2
f  1676/2060/5  1670/2059/5  1673/2058/5  1677/2057/5
usemtl arcade/trench/arcade2
f  1677/2056/6  1674/2055/6  1675/2054/6  1676/2053/6

o entity0_brush210
usemtl arcade/trench/artdeco
f  1678/2069/1  1679/2070/1  1680/2071/1  1681/2072/1
usemtl arcade/trench/artdeco
f  1682/2073/3  1680/2074/3  1679/2075/3  1683/2076/3
usemtl arcade/trench/artdeco
f  1683/2077/4  1679/2078/4  1678/2079/4  1684/2080/4
usemtl arcade/trench/artdeco
f  1685/2080/7  1681/2079/7  1680/2078/7  1682/2077/7
usemtl arcade/trench/artdeco
f  1684/2076/5  1678/2075/5  1681/2074/5  1685/2073/5
usemtl arcade/trench/artdeco
f  1685/2072/6  1682/2071/6  1683/2070/6  1684/2069/6

o entity0_brush211
usemtl arcade/trench/arcade2
f  1686/2081/1  1687/2082/1  1688/2083/1  1689/2084/1
usemtl arcade/trench/arcade2
f  1690/2085/3  1688/2086/3  1687/2087/3  1691/2088/3
usemtl arcade/trench/arcade2
f  1691/2089/4  1687/2090/4  1686/2091/4  1692/2092/4
usemtl arcade/trench/arcade2
f  1693/2092/7  1689/2091/7  1688/2090/7  1690/2089/7
usemtl arcade/trench/arcade2
f  1692/2088/5  1686/2087/5  1689/2086/5  1693/2085/5
usemtl arcade/trench/arcade2
f  1693/2084/6  1690/2083/6  1691/2082/6  1692/2081/6

o entity0_brush212
usemtl arcade/trench/graffiti
f  1694/2093/1  1695/2094/1  1696/464/1  1697/2095/1
usemtl arcade/trench/graffiti
f  1698/2096/3  1696/2097/3  1695/2098/3  1699/2099/3
usemtl arcade/trench/graffiti
f  1699/2100/4  1695/2101/4  1694/2102/4  1700/1956/4
usemtl arcade/trench/graffiti
f  1701/1956/7  1697/2102/7  1696/2101/7  1698/2100/7
usemtl arcade/trench/graffiti
f  1700/2099/5  1694/2098/5  1697/2097/5  1701/2096/5
usemtl arcade/trench/graffiti
f  1701/2095/6  1698/464/6  1699/2094/6  1700/2093/6

o entity0_brush213
usemtl arcade/trench/graffiti
f  1702/2093/1  1703/2094/1  1704/464/1  1705/2095/1
usemtl arcade/trench/graffiti
f  1706/2103/3  1704/226/3  1703/2104/3  1707/2105/3
usemtl arcade/trench/graffiti
f  1707/2106/4  1703/2107/4  1702/2108/4  1708/2109/4
usemtl arcade/trench/graffiti
f  1709/2109/7  1705/2108/7  1704/2107/7  1706/2106/7
usemtl arcade/trench/graffiti
f  1708/2105/5  1702/2104/5  1705/226/5  1709/2103/5
usemtl arcade/trench/graffiti
f  1709/2095/6  1706/464/6  1707/2094/6  1708/2093/6

o entity0_brush214
usemtl arcade/trench/graffiti
f  1710/2110/1  1711/2111/1  1712/2112/1  1713/2113/1
usemtl arcade/trench/graffiti
f  1714/2041/3  1712/2114/3  1711/2115/3  1715/2038/3
usemtl arcade/trench/graffiti
f  1715/2116/4  1711/2117/4  1710/2118/4  1716/2052/4
usemtl arcade/trench/graffiti
f  1717/2052/7  1713/2118/7  1712/2117/7  1714/2116/7
usemtl arcade/trench/graffiti
f  1716/2033/5  1710/2119/5  1713/2120/5  1717/2030/5
usemtl arcade/trench/graffiti
f  1717/2044/6  1714/2121/6  1715/2122/6  1716/2123/6

o entity0_brush215
usemtl arcade/trench/graffiti
f  1718/2123/1  1719/2124/1  1720/2125/1  1721/2044/1
usemtl arcade/trench/graffiti
f  1722/2126/3  1720/2127/3  1719/2128/3  1723/2129/3
usemtl arcade/trench/graffiti
f  1723/2130/4  1719/2131/4  1718/2051/4  1724/2118/4
usemtl arcade/trench/graffiti
f  1725/2118/7  1721/2051/7  1720/2131/7  1722/2130/7
usemtl arcade/trench/graffiti
f  1724/2119/5  1718/2032/5  1721/2031/5  1725/2120/5
usemtl arcade/trench/graffiti
f  1725/2113/6  1722/2132/6  1723/2133/6  1724/2110/6

o entity0_brush216
usemtl arcade/trench/arcade2
f  1726/2134/1  1727/2135/1  1728/2136/1  1729/2137/1
usemtl arcade/trench/arcade2
f  1730/2138/3  1728/2139/3  1727/2140/3  1731/2141/3
usemtl arcade/trench/arcade2
f  1731/2142/4  1727/2143/4  1726/2144/4  1732/2062/4
usemtl arcade/trench/arcade2
f  1733/2145/7  1729/2146/7  1728/2147/7  1730/2148/7
usemtl arcade/trench/arcade2
f  1732/2149/5  1726/2150/5  1729/2151/5  1733/2152/5
usemtl arcade/trench/arcade2
f  1733/2153/6  1730/2154/6  1731/2155/6  1732/2156/6

o entity0_brush217
usemtl arcade/trench/graffiti
f  1734/2124/1  1735/2122/1  1736/2157/1  1737/2158/1
usemtl arcade/trench/graffiti
f  1738/2159/3  1736/2160/3  1735/2039/3  1739/2115/3
usemtl arcade/trench/graffiti
f  1739/2117/4  1735/2161/4  1734/2131/4  1740/2130/4
usemtl arcade/trench/graffiti
f  1741/2051/7  1737/2162/7  1736/2163/7  1738/2164/7
usemtl arcade/trench/graffiti
f  1740/2129/5  1734/2128/5  1737/2165/5  1741/2166/5
usemtl arcade/trench/graffiti
f  1741/2167/6  1738/2168/6  1739/2111/6  1740/2133/6

o entity0_brush218
usemtl arcade/trench/arcade2
f  1742/2169/1  1743/2170/1  1744/2171/1  1745/2172/1
usemtl arcade/trench/arcade2
f  1746/2173/3  1744/2174/3  1743/2175/3  1747/2176/3
usemtl arcade/trench/arcade2
f  1747/2177/4  1743/2178/4  1742/2179/4  1748/2180/4
usemtl arcade/trench/arcade2
f  1749/2180/7  1745/2179/7  1744/2178/7  1746/2177/7
usemtl arcade/trench/arcade2
f  1748/2176/5  1742/2175/5  1745/2174/5  1749/2173/5
usemtl arcade/trench/arcade2
f  1749/2181/6  1746/2182/6  1747/2183/6  1748/2184/6

o entity0_brush219
usemtl arcade/trench/arcade2
f  1750/2185/1  1751/2186/1  1752/2182/1  1753/2181/1
usemtl arcade/trench/arcade2
f  1754/2187/3  1752/2173/3  1751/2188/3  1755/2189/3
usemtl arcade/trench/arcade2
f  1755/2190/4  1751/2191/4  1750/2192/4  1756/2193/4
usemtl arcade/trench/arcade2
f  1757/2194/7  1753/2180/7  1752/2177/7  1754/2195/7
usemtl arcade/trench/arcade2
f  1756/2189/5  1750/2188/5  1753/2173/5  1757/2187/5
usemtl arcade/trench/arcade2
f  1757/2172/6  1754/2171/6  1755/2196/6  1756/2197/6

o entity0_brush220
usemtl arcade/trench/graffiti
f  1758/2198/1  1759/2199/1  1760/2200/1  1761/2201/1
usemtl arcade/trench/graffiti
f  1762/2202/3  1760/2203/3  1759/2204/3  1763/2165/3
usemtl arcade/trench/graffiti
f  1763/2205/4  1759/2206/4  1758/2207/4  1764/2208/4
usemtl arcade/trench/graffiti
f  1765/2209/7  1761/2210/7  1760/2211/7  1762/2212/7
usemtl arcade/trench/graffiti
f  1764/2165/5  1758/2204/5  1761/2203/5  1765/2202/5
usemtl arcade/trench/graffiti
f  1765/2213/6  1762/2214/6  1763/2215/6  1764/2216/6

o entity0_brush221
usemtl arcade/trench/holo
f  1766/2217/1  1767/2218/1  1768/2219/1  1769/2220/1
usemtl arcade/trench/holo
f  1770/2221/3  1768/2222/3  1767/2223/3  1771/2224/3
usemtl arcade/trench/holo
f  1771/2225/4  1767/2226/4  1766/2227/4  1772/2228/4
usemtl arcade/trench/holo
f  1773/2228/7  1769/2227/7  1768/2226/7  1770/2225/7
usemtl arcade/trench/holo
f  1772/2224/5  1766/2223/5  1769/2222/5  1773/2221/5
usemtl arcade/trench/holo
f  1773/2229/6  1770/2230/6  1771/2231/6  1772/2232/6

o entity0_brush222
usemtl arcade/trench/holo
f  1774/2232/1  1775/2233/1  1776/2234/1  1777/2235/1
usemtl arcade/trench/holo
f  1778/2236/3  1776/2237/3  1775/2238/3  1779/2239/3
usemtl arcade/trench/holo
f  1779/2240/4  1775/2241/4  1774/2228/4  1780/2242/4
usemtl arcade/trench/holo
f  1781/2242/7  1777/2228/7  1776/2241/7  1778/2240/7
usemtl arcade/trench/holo
f  1780/2243/5  1774/2224/5  1777/2244/5  1781/2245/5
usemtl arcade/trench/holo
f  1781/2246/6  1778/2247/6  1779/2248/6  1780/2217/6

o entity0_brush223
usemtl arcade/trench/water2
f  1782/2249/1  1783/2250/1  1784/2251/1  1785/2252/1
usemtl arcade/trench/water2
f  1786/2166/3  1784/2204/3  1783/2253/3  1787/2254/3
usemtl arcade/trench/water2
f  1787/2255/4  1783/2256/4  1782/2257/4  1788/2258/4
usemtl arcade/trench/water2
f  1789/2259/7  1785/2260/7  1784/2261/7  1786/2262/7
usemtl arcade/trench/water2
f  1788/2263/5  1782/2264/5  1785/2265/5  1789/2266/5
usemtl arcade/trench/water2
f  1789/2267/6  1786/2216/6  1787/2268/6  1788/2269/6

o entity0_brush224
usemtl arcade/trench/arcade2
f  1790/2270/1  1791/2271/1  1792/2272/1  1793/2273/1
usemtl arcade/trench/arcade2
f  1794/2274/3  1792/2275/3  1791/2276/3  1795/2277/3
usemtl arcade/trench/arcade2
f  1795/2278/4  1791/2279/4  1790/2280/4  1796/2281/4
usemtl arcade/trench/arcade2
f  1797/2281/7  1793/2280/7  1792/2279/7  1794/2278/7
usemtl arcade/trench/arcade2
f  1796/2277/5  1790/2276/5  1793/2275/5  1797/2274/5
usemtl arcade/trench/arcade2
f  1797/2273/6  1794/2272/6  1795/2271/6  1796/2270/6

o entity0_brush225
usemtl arcade/trench/graffiti
f  1798/2282/1  1799/2283/1  1800/2284/1  1801/2285/1
usemtl arcade/trench/graffiti
f  1802/2286/3  1800/2287/3  1799/2288/3  1803/2289/3
usemtl arcade/trench/graffiti
f  1803/2290/4  1799/2291/4  1798/2292/4  1804/2293/4
usemtl arcade/trench/graffiti
f  1805/2293/7  1801/2292/7  1800/2291/7  1802/2290/7
usemtl arcade/trench/graffiti
f  1804/2289/5  1798/2288/5  1801/2287/5  1805/2286/5
usemtl arcade/trench/graffiti
f  1805/2285/6  1802/2284/6  1803/2283/6  1804/2282/6

o entity0_brush226
usemtl arcade/trench/graffiti
f  1806/2294/1  1807/2295/1  1808/2296/1  1809/2297/1
usemtl arcade/trench/graffiti
f  1810/2298/3  1808/2299/3  1807/2300/3  1811/2301/3
usemtl arcade/trench/graffiti
f  1811/2302/4  1807/2303/4  1806/2304/4  1812/2305/4
usemtl arcade/trench/graffiti
f  1813/2305/7  1809/2304/7  1808/2303/7  1810/2302/7
usemtl arcade/trench/graffiti
f  1812/2306/5  1806/2307/5  1809/2308/5  1813/2309/5
usemtl arcade/trench/graffiti
f  1813/2310/6  1810/2311/6  1811/2312/6  1812/2313/6

o entity0_brush227
usemtl arcade/trench/graffiti
f  1814/2314/1  1815/2315/1  1816/2316/1  1817/2296/1
usemtl arcade/trench/graffiti
f  1818/2298/3  1816/2299/3  1815/2317/3  1819/2318/3
usemtl arcade/trench/graffiti
f  1819/2319/4  1815/2320/4  1814/2321/4  1820/2322/4
usemtl arcade/trench/graffiti
f  1821/2302/7  1817/2303/7  1816/2323/7  1818/2324/7
usemtl arcade/trench/graffiti
f  1820/2318/5  1814/2317/5  1817/2299/5  1821/2298/5
usemtl arcade/trench/graffiti
f  1821/2311/6  1818/2325/6  1819/2326/6  1820/2327/6

o entity0_brush228
usemtl arcade/trench/graffiti
f  1822/2295/1  1823/2328/1  1824/2329/1  1825/2330/1
usemtl arcade/trench/graffiti
f  1826/2331/3  1824/2332/3  1823/2300/3  1827/2301/3
usemtl arcade/trench/graffiti
f  1827/2324/4  1823/2323/4  1822/2303/4  1828/2302/4
usemtl arcade/trench/graffiti
f  1829/2322/7  1825/2321/7  1824/2320/7  1826/2319/7
usemtl arcade/trench/graffiti
f  1828/2301/5  1822/2300/5  1825/2332/5  1829/2331/5
usemtl arcade/trench/graffiti
f  1829/2333/6  1826/2334/6  1827/2335/6  1828/2312/6

o entity0_brush229
usemtl arcade/trench/graffiti
f  1830/2336/1  1831/2337/1  1832/2283/1  1833/2284/1
usemtl arcade/trench/graffiti
f  1834/2338/74  1832/2339/74  1831/2340/74  1835/2341/74
usemtl arcade/trench/graffiti
f  1836/2342/3  1833/2343/3  1832/2344/3  1834/2345/3
usemtl arcade/trench/graffiti
f  1835/2346/5  1831/2347/5  1830/2348/5  1837/2349/5
usemtl arcade/trench/graffiti
f  1837/2350/75  1830/2351/75  1833/2352/75  1836/2353/75
usemtl arcade/trench/graffiti
f  1835/2337/6  1837/2336/6  1836/2284/6  1834/2283/6

o entity0_brush230
usemtl arcade/trench/graffiti
f  1838/2354/1  1839/2355/1  1840/2356/1  1841/2357/1
usemtl arcade/trench/graffiti
f  1842/2358/3  1840/18/3  1839/19/3  1843/2359/3
usemtl arcade/trench/graffiti
f  1843/2360/4  1839/2361/4  1838/2362/4  1844/2363/4
usemtl arcade/trench/graffiti
f  1845/2363/7  1841/2362/7  1840/2361/7  1842/2360/7
usemtl arcade/trench/graffiti
f  1844/2359/5  1838/19/5  1841/18/5  1845/2358/5
usemtl arcade/trench/graffiti
f  1845/2357/6  1842/2356/6  1843/2355/6  1844/2354/6

o entity0_brush231
usemtl arcade/trench/graffiti
f  1846/2356/76  1847/2357/76  1848/2354/76  1849/2355/76
usemtl arcade/trench/graffiti
f  1849/2361/4  1848/2364/4  1850/2362/4
usemtl arcade/trench/graffiti
f  1851/2362/7  1847/2364/7  1846/2361/7
usemtl arcade/trench/graffiti
f  1850/19/5  1848/2365/5  1847/2366/5  1851/18/5
usemtl arcade/trench/graffiti
f  1846/2356/6  1849/2355/6  1850/2354/6  1851/2357/6

o entity0_brush232
usemtl arcade/trench/graffiti
f  1852/2367/1  1853/2368/1  1854/2369/1  1855/2370/1
usemtl arcade/trench/graffiti
f  1856/2299/3  1854/2371/3  1853/2372/3  1857/2300/3
usemtl arcade/trench/graffiti
f  1857/2373/4  1853/2374/4  1852/2375/4  1858/2304/4
usemtl arcade/trench/graffiti
f  1859/2304/7  1855/2375/7  1854/2374/7  1856/2373/7
usemtl arcade/trench/graffiti
f  1858/2307/5  1852/2376/5  1855/2377/5  1859/2308/5
usemtl arcade/trench/graffiti
f  1859/2297/6  1856/2378/6  1857/2379/6  1858/2294/6

o entity0_brush233
usemtl arcade/trench/graffiti
f  1860/2380/1  1861/2381/1  1862/2382/1  1863/2369/1
usemtl arcade/trench/graffiti
f  1864/2383/3  1862/2384/3  1861/2385/3  1865/2386/3
usemtl arcade/trench/graffiti
f  1865/2387/4  1861/2388/4  1860/2389/4  1866/2390/4
usemtl arcade/trench/graffiti
f  1867/2373/7  1863/2374/7  1862/2391/7  1864/2392/7
usemtl arcade/trench/graffiti
f  1866/2393/5  1860/2394/5  1863/2371/5  1867/2299/5
usemtl arcade/trench/graffiti
f  1867/2378/6  1864/2395/6  1865/2396/6  1866/2397/6

o entity0_brush234
usemtl arcade/trench/graffiti
f  1868/2368/1  1869/2398/1  1870/2399/1  1871/2357/1
usemtl arcade/trench/graffiti
f  1872/2400/3  1870/2401/3  1869/2402/3  1873/2403/3
usemtl arcade/trench/graffiti
f  1873/2392/4  1869/2391/4  1868/2374/4  1874/2373/4
usemtl arcade/trench/graffiti
f  1875/2390/7  1871/2389/7  1870/2388/7  1872/2387/7
usemtl arcade/trench/graffiti
f  1874/2300/5  1868/2372/5  1871/28/5  1875/17/5
usemtl arcade/trench/graffiti
f  1875/2404/6  1872/2405/6  1873/2406/6  1874/2379/6

o entity0_brush235
usemtl arcade/trench/graffiti
f  1876/2407/1  1877/2398/1  1878/2382/1  1879/2408/1
usemtl arcade/trench/graffiti
f  1880/2409/3  1878/2410/3  1877/2411/3  1881/2412/3
usemtl arcade/trench/graffiti
f  1881/2413/4  1877/2414/4  1876/2415/4  1882/2324/4
usemtl arcade/trench/graffiti
f  1883/2324/7  1879/2415/7  1878/2414/7  1880/2413/7
usemtl arcade/trench/graffiti
f  1882/2301/5  1876/2416/5  1879/2417/5  1883/2298/5
usemtl arcade/trench/graffiti
f  1883/2325/6  1880/2418/6  1881/2419/6  1882/2335/6

o entity0_brush236
usemtl arcade/trench/graffiti
f  1884/2420/1  1885/2396/1  1886/2395/1  1887/2316/1
usemtl arcade/trench/graffiti
f  1888/2410/3  1886/2383/3  1885/2386/3  1889/2421/3
usemtl arcade/trench/graffiti
f  1889/2422/4  1885/2387/4  1884/2423/4  1890/2424/4
usemtl arcade/trench/graffiti
f  1891/2415/7  1887/2323/7  1886/2392/7  1888/2414/7
usemtl arcade/trench/graffiti
f  1890/2425/5  1884/2393/5  1887/2299/5  1891/2417/5
usemtl arcade/trench/graffiti
f  1891/2408/6  1888/2382/6  1889/2381/6  1890/2426/6

o entity0_brush237
usemtl arcade/trench/graffiti
f  1892/2328/1  1893/2406/1  1894/2405/1  1895/2427/1
usemtl arcade/trench/graffiti
f  1896/2428/3  1894/2400/3  1893/2403/3  1897/2411/3
usemtl arcade/trench/graffiti
f  1897/2414/4  1893/2392/4  1892/2323/4  1898/2415/4
usemtl arcade/trench/graffiti
f  1899/2424/7  1895/2423/7  1894/2387/7  1896/2422/7
usemtl arcade/trench/graffiti
f  1898/2416/5  1892/2300/5  1895/17/5  1899/2429/5
usemtl arcade/trench/graffiti
f  1899/2430/6  1896/2399/6  1897/2398/6  1898/2407/6

o entity0_brush238
usemtl arcade/trench/graffiti
f  1900/2431/1  1901/2356/1  1902/2432/1  1903/2433/1
usemtl arcade/trench/graffiti
f  1904/2434/3  1902/2435/3  1901/18/3  1905/2358/3
usemtl arcade/trench/graffiti
f  1905/2360/4  1901/2361/4  1900/2436/4  1906/2437/4
usemtl arcade/trench/graffiti
f  1907/2437/7  1903/2436/7  1902/2361/7  1904/2360/7
usemtl arcade/trench/graffiti
f  1906/2358/5  1900/18/5  1903/2435/5  1907/2434/5
usemtl arcade/trench/graffiti
f  1907/2433/6  1904/2432/6  1905/2356/6  1906/2431/6

o entity0_brush239
usemtl arcade/trench/graffiti
f  1908/2431/1  1909/2356/1  1910/2432/1  1911/2433/1
usemtl arcade/trench/graffiti
f  1912/2438/3  1910/2439/3  1909/2440/3  1913/2441/3
usemtl arcade/trench/graffiti
f  1913/2442/4  1909/2443/4  1908/2444/4  1914/2445/4
usemtl arcade/trench/graffiti
f  1915/2445/7  1911/2444/7  1910/2443/7  1912/2442/7
usemtl arcade/trench/graffiti
f  1914/2441/5  1908/2440/5  1911/2439/5  1915/2438/5
usemtl arcade/trench/graffiti
f  1915/2433/6  1912/2432/6  1913/2356/6  1914/2431/6

o entity0_brush240
usemtl arcade/trench/graffiti
f  1916/2285/1  1917/2284/1  1918/2356/1  1919/2446/1
usemtl arcade/trench/graffiti
f  1920/2447/3  1918/2448/3  1917/2449/3  1921/2450/3
usemtl arcade/trench/graffiti
f  1921/2451/4  1917/2452/4  1916/2453/4  1922/2454/4
usemtl arcade/trench/graffiti
f  1923/2454/7  1919/2453/7  1918/2452/7  1920/2451/7
usemtl arcade/trench/graffiti
f  1922/2450/5  1916/2449/5  1919/2448/5  1923/2447/5
usemtl arcade/trench/graffiti
f  1923/2446/6  1920/2356/6  1921/2284/6  1922/2285/6

o entity0_brush241
usemtl arcade/trench/graffiti
f  1924/2455/1  1925/2456/1  1926/2457/1  1927/2433/1
usemtl arcade/trench/graffiti
f  1928/2458/74  1926/2437/74  1925/2459/74  1929/2460/74
usemtl arcade/trench/graffiti
f  1930/2461/3  1927/2462/3  1926/2463/3  1928/2464/3
usemtl arcade/trench/graffiti
f  1929/2464/5  1925/2463/5  1924/2462/5  1931/2461/5
usemtl arcade/trench/graffiti
f  1931/2460/75  1924/2459/75  1927/2437/75  1930/2458/75
usemtl arcade/trench/graffiti
f  1929/2456/6  1931/2455/6  1930/2433/6  1928/2457/6

o entity0_brush242
usemtl arcade/trench/graffiti
f  1932/2285/1  1933/2465/1  1934/2466/1  1935/2446/1
usemtl arcade/trench/graffiti
f  1936/2467/3  1934/2468/3  1933/2287/3  1937/2469/3
usemtl arcade/trench/graffiti
f  1937/2470/4  1933/2471/4  1932/2292/4  1938/2472/4
usemtl arcade/trench/graffiti
f  1939/2472/7  1935/2292/7  1934/2471/7  1936/2470/7
usemtl arcade/trench/graffiti
f  1938/2469/5  1932/2287/5  1935/2468/5  1939/2467/5
usemtl arcade/trench/graffiti
f  1939/2446/6  1936/2466/6  1937/2465/6  1938/2285/6

o entity0_brush243
usemtl arcade/trench/graffiti
f  1940/2473/1  1941/2474/1  1942/2475/1  1943/2476/1
usemtl arcade/trench/graffiti
f  1944/2477/3  1943/2478/3  1942/2468/3  1945/2479/3
usemtl arcade/trench/graffiti
f  1945/2480/4  1942/2471/4  1941/2292/4  1946/2481/4
usemtl arcade/trench/graffiti
f  1946/2479/5  1941/2468/5  1940/2478/5  1947/2477/5
usemtl arcade/trench/graffiti
f  1947/2482/77  1940/2483/77  1943/2484/77  1944/2485/77
usemtl arcade/trench/graffiti
f  1946/2446/6  1947/2486/6  1944/2487/6  1945/2466/6

o entity0_brush244
usemtl arcade/trench/graffiti
f  1948/2488/1  1949/2489/1  1950/2490/1  1951/2491/1
usemtl arcade/trench/graffiti
f  1952/2492/3  1951/2478/3  1950/2468/3  1953/2493/3
usemtl arcade/trench/graffiti
f  1953/2494/4  1950/2495/4  1949/2496/4  1954/2497/4
usemtl arcade/trench/graffiti
f  1954/2493/5  1949/2468/5  1948/2478/5  1955/2492/5
usemtl arcade/trench/graffiti
f  1955/2498/77  1948/2499/77  1951/2500/77  1952/2501/77
usemtl arcade/trench/graffiti
f  1954/2502/6  1955/2503/6  1952/2504/6  1953/2404/6

o entity0_brush245
usemtl arcade/trench/graffiti
f  1956/2488/1  1957/2489/1  1958/2490/1  1959/2491/1
usemtl arcade/trench/graffiti
f  1960/2477/3  1959/2478/3  1958/2468/3  1961/2479/3
usemtl arcade/trench/graffiti
f  1961/2505/4  1958/2495/4  1957/2496/4  1962/2506/4
usemtl arcade/trench/graffiti
f  1962/2479/5  1957/2468/5  1956/2478/5  1963/2477/5
usemtl arcade/trench/graffiti
f  1963/2507/77  1956/2499/77  1959/2500/77  1960/2508/77
usemtl arcade/trench/graffiti
f  1962/2502/6  1963/2509/6  1960/2397/6  1961/2404/6

o entity0_brush246
usemtl arcade/trench/graffiti
f  1964/2510/78  1965/2511/78  1966/2512/78  1967/2513/78
usemtl arcade/trench/graffiti
f  1968/2514/3  1967/2515/3  1966/2516/3  1969/2517/3
usemtl arcade/trench/graffiti
f  1969/2518/4  1966/2519/4  1965/2520/4  1970/2521/4
usemtl arcade/trench/graffiti
f  1970/2522/5  1965/2523/5  1964/2515/5  1971/2524/5
usemtl arcade/trench/graffiti
f  1971/2525/79  1964/2526/79  1967/2527/79  1968/2528/79
usemtl arcade/trench/graffiti
f  1970/2529/6  1971/2530/6  1968/2531/6  1969/2532/6

o entity0_brush247
usemtl arcade/trench/graffiti
f  1972/2510/78  1973/2511/78  1974/2533/78  1975/2534/78
usemtl arcade/trench/graffiti
f  1976/2524/3  1975/2515/3  1974/2523/3  1977/2522/3
usemtl arcade/trench/graffiti
f  1977/2535/4  1974/2536/4  1973/2520/4  1978/2521/4
usemtl arcade/trench/graffiti
f  1978/2522/5  1973/2523/5  1972/2515/5  1979/2524/5
usemtl arcade/trench/graffiti
f  1979/2537/79  1972/2538/79  1975/2539/79  1976/2540/79
usemtl arcade/trench/graffiti
f  1978/2529/6  1979/2530/6  1976/2541/6  1977/2542/6

o entity0_brush248
usemtl clean/metalgrid
f  1980/2543/1  1981/2544/1  1982/2545/1  1983/2546/1
usemtl clean/metalgrid
f  1984/2547/3  1982/2548/3  1981/2549/3  1985/2550/3
usemtl clean/metalgrid
f  1985/2551/4  1981/2552/4  1980/2553/4  1986/2554/4
usemtl clean/metalgrid
f  1987/2554/7  1983/2553/7  1982/2552/7  1984/2551/7
usemtl clean/metalgrid
f  1986/2550/5  1980/2549/5  1983/2548/5  1987/2547/5
usemtl clean/metalgrid
f  1987/2546/6  1984/2545/6  1985/2544/6  1986/2543/6

o entity0_brush249
usemtl clean/metalgrid
f  1988/2555/1  1989/2556/1  1990/2557/1  1991/2558/1
usemtl clean/metalgrid
f  1992/2559/3  1990/2560/3  1989/2561/3  1993/2562/3
usemtl clean/metalgrid
f  1993/2563/4  1989/2564/4  1988/2565/4  1994/2566/4
usemtl clean/metalgrid
f  1995/2566/7  1991/2565/7  1990/2564/7  1992/2563/7
usemtl clean/metalgrid
f  1994/2562/5  1988/2561/5  1991/2560/5  1995/2559/5
usemtl clean/metalgrid
f  1995/2558/6  1992/2557/6  1993/2556/6  1994/2555/6

o entity0_brush250
usemtl clean/metalgrid
f  1996/2567/1  1997/2568/1  1998/2569/1  1999/2570/1
usemtl clean/metalgrid
f  2000/2559/3  1998/2560/3  1997/2561/3  2001/2562/3
usemtl clean/metalgrid
f  2001/2571/4  1997/2572/4  1996/2573/4  2002/2574/4
usemtl clean/metalgrid
f  2003/2574/7  1999/2573/7  1998/2572/7  2000/2571/7
usemtl clean/metalgrid
f  2002/2562/5  1996/2561/5  1999/2560/5  2003/2559/5
usemtl clean/metalgrid
f  2003/2570/6  2000/2569/6  2001/2568/6  2002/2567/6

o entity0_brush251
usemtl clean/metalgrid
f  2004/2575/1  2005/2556/1  2006/2576/1  2007/2577/1
usemtl clean/metalgrid
f  2008/2578/3  2006/2579/3  2005/2580/3  2009/2562/3
usemtl clean/metalgrid
f  2009/2563/4  2005/2581/4  2004/2582/4  2010/2583/4
usemtl clean/metalgrid
f  2011/2583/7  2007/2582/7  2006/2581/7  2008/2563/7
usemtl clean/metalgrid
f  2010/2562/5  2004/2580/5  2007/2579/5  2011/2578/5
usemtl clean/metalgrid
f  2011/2577/6  2008/2576/6  2009/2556/6  2010/2575/6

o entity0_brush252
usemtl arcade/trench/graffiti
f  2012/2584/80  2013/2585/80  2014/2586/80  2015/2587/80
usemtl arcade/trench/graffiti
f  2016/2588/3  2017/2589/3  2013/2590/3  2012/2591/3
usemtl arcade/trench/graffiti
f  2018/2592/7  2014/2593/7  2013/2594/7  2017/2595/7
usemtl arcade/trench/graffiti
f  2015/2591/5  2014/2590/5  2018/2589/5  2019/2588/5
usemtl arcade/trench/graffiti
f  2019/2596/81  2018/2597/81  2017/2598/81  2016/2599/81
usemtl arcade/trench/graffiti
f  2015/2600/6  2019/2601/6  2016/2602/6  2012/2603/6

o entity0_brush253
usemtl arcade/trench/graffiti
f  2020/2603/1  2021/2604/1  2022/2605/1  2023/2600/1
usemtl arcade/trench/graffiti
f  2022/2606/82  2021/2607/82  2024/2608/82  2025/2609/82
usemtl arcade/trench/graffiti
f  2026/2610/3  2024/2611/3  2021/2612/3  2020/2613/3
usemtl arcade/trench/graffiti
f  2027/2614/7  2025/2615/7  2024/2616/7  2026/2617/7
usemtl arcade/trench/graffiti
f  2023/2613/5  2022/2612/5  2025/2611/5  2027/2610/5
usemtl arcade/trench/graffiti
f  2027/2618/83  2026/2619/83  2020/2620/83  2023/2621/83

o entity0_brush254
usemtl arcade/trench/graffiti
f  2028/2622/84  2029/2623/84  2030/2624/84  2031/2625/84
usemtl arcade/trench/graffiti
f  2032/2590/3  2030/2626/3  2029/2627/3  2033/2628/3
usemtl arcade/trench/graffiti
f  2033/2629/4  2029/2630/4  2028/2631/4  2034/2632/4
usemtl arcade/trench/graffiti
f  2035/2593/7  2031/2614/7  2030/2617/7  2032/2594/7
usemtl arcade/trench/graffiti
f  2034/2628/5  2028/2627/5  2031/2626/5  2035/2590/5
usemtl arcade/trench/graffiti
f  2035/2633/85  2032/2634/85  2033/2635/85  2034/2636/85

o entity0_brush255
usemtl clean/darkwood
f  2036/2637/86  2037/2638/86  2038/2639/86  2039/2640/86
usemtl clean/darkwood
f  2040/2641/3  2038/2642/3  2037/2643/3  2041/2644/3
usemtl clean/darkwood
f  2041/2645/4  2037/2646/4  2036/2647/4  2042/2648/4
usemtl clean/darkwood
f  2043/2649/7  2039/2650/7  2038/2651/7  2040/2652/7
usemtl clean/darkwood
f  2042/2644/5  2036/2643/5  2039/2642/5  2043/2641/5
usemtl clean/darkwood
f  2043/2640/87  2040/2639/87  2041/2638/87  2042/2637/87

o entity0_brush256
usemtl arcade/trench/graffiti
f  2044/2601/1  2045/2653/1  2046/2654/1  2047/2602/1
usemtl arcade/trench/graffiti
f  2048/2655/3  2047/2588/3  2046/2656/3  2049/2657/3
usemtl arcade/trench/graffiti
f  2049/2658/4  2046/2659/4  2045/2660/4  2050/2661/4
usemtl arcade/trench/graffiti
f  2050/2657/5  2045/2656/5  2044/2588/5  2051/2655/5
usemtl arcade/trench/graffiti
f  2051/2662/88  2044/2596/88  2047/2599/88  2048/2663/88
usemtl arcade/trench/graffiti
f  2050/2664/6  2051/2665/6  2048/2666/6  2049/2667/6

o entity0_brush257
usemtl clean/darkwood
f  2052/2668/1  2053/2669/1  2054/2670/1  2055/2671/1
usemtl clean/darkwood
f  2056/2672/3  2053/2673/3  2052/2674/3
usemtl clean/darkwood
f  2057/2675/7  2054/2676/7  2053/2677/7  2056/2678/7
usemtl clean/darkwood
f  2055/2674/5  2054/2673/5  2057/2672/5
usemtl clean/darkwood
f  2057/2679/89  2056/2680/89  2052/2681/89  2055/2682/89

o entity0_brush258
usemtl arcade/trench/graffiti
f  2058/2664/1  2059/2667/1  2060/2666/1  2061/2665/1
usemtl arcade/trench/graffiti
f  2062/2606/90  2061/2683/90  2060/2684/90  2063/2607/90
usemtl arcade/trench/graffiti
f  2063/2685/3  2060/2686/3  2059/2687/3  2064/2688/3
usemtl arcade/trench/graffiti
f  2064/2689/4  2059/2690/4  2058/2691/4  2065/2692/4
usemtl arcade/trench/graffiti
f  2065/2688/5  2058/2687/5  2061/2686/5  2062/2685/5
usemtl arcade/trench/graffiti
f  2063/2604/6  2064/2654/6  2065/2653/6  2062/2605/6

o entity0_brush259
usemtl clean/darkwood
f  2066/2693/91  2067/2694/91  2068/2695/91  2069/2696/91
usemtl clean/darkwood
f  2070/2697/3  2068/2698/3  2067/2699/3  2071/2700/3
usemtl clean/darkwood
f  2071/2646/4  2067/2694/4  2066/2693/4  2072/2647/4
usemtl clean/darkwood
f  2073/2701/7  2069/2702/7  2068/2703/7  2070/2704/7
usemtl clean/darkwood
f  2072/2700/5  2066/2699/5  2069/2698/5  2073/2697/5
usemtl clean/darkwood
f  2073/2705/92  2070/2706/92  2071/2707/92  2072/2708/92

o entity0_brush260
usemtl clean/darkwood
f  2074/2708/93  2075/2707/93  2076/2706/93  2077/2705/93
usemtl clean/darkwood
f  2078/2709/3  2076/2710/3  2075/2711/3  2079/2712/3  2080/2713/3
usemtl clean/darkwood
f  2079/2714/4  2075/2645/4  2074/2648/4  2081/2715/4
usemtl clean/darkwood
f  2082/2676/7  2077/2716/7  2076/2717/7  2078/2677/7
usemtl clean/darkwood
f  2083/2713/5  2081/2712/5  2074/2711/5  2077/2710/5  2082/2709/5
usemtl clean/darkwood
f  2080/2681/94  2079/2714/94  2081/2715/94  2083/2682/94
usemtl clean/darkwood
f  2078/2706/6  2080/2718/6  2083/2719/6  2082/2705/6

o entity0_brush261
usemtl robobear
f  2084/2720/1  2085/2721/1  2086/2722/1  2087/2723/1
usemtl robobear
f  2088/2724/3  2086/2725/3  2085/2726/3  2089/2727/3
usemtl robobear
f  2089/2728/4  2085/2729/4  2084/2730/4  2090/2731/4
usemtl robobear
f  2091/2731/7  2087/2730/7  2086/2729/7  2088/2728/7
usemtl robobear
f  2090/2727/5  2084/2726/5  2087/2725/5  2091/2724/5
usemtl robobear
f  2091/2723/6  2088/2722/6  2089/2721/6  2090/2720/6

o entity0_brush262
usemtl brick_medieval
f  2092/2732/1  2093/2733/1  2094/2734/1  2095/2735/1
usemtl brick_medieval
f  2096/2736/3  2094/2737/3  2093/2738/3  2097/2739/3
usemtl brick_medieval
f  2097/2740/4  2093/2741/4  2092/2742/4  2098/2743/4
usemtl brick_medieval
f  2099/2743/7  2095/2742/7  2094/2741/7  2096/2740/7
usemtl brick_medieval
f  2098/2739/5  2092/2738/5  2095/2737/5  2099/2736/5
usemtl brick_medieval
f  2099/2735/6  2096/2734/6  2097/2733/6  2098/2732/6

o entity0_brush263
usemtl brick_medieval
f  2100/2744/1  2101/2745/1  2102/2746/1
usemtl brick_medieval
f  2102/2747/95  2101/2748/95  2103/2749/95
usemtl brick_medieval
f  2103/2750/96  2101/2751/96  2104/2752/96
usemtl brick_medieval
f  2104/2753/3  2101/2754/3  2105/2755/3
usemtl brick_medieval
f  2105/2756/4  2101/2757/4  2100/2758/4  2106/2759/4
usemtl brick_medieval
f  2107/2759/7  2102/2758/7  2103/2760/7  2104/2756/7
usemtl brick_medieval
f  2106/2755/5  2100/2754/5  2102/2761/5  2107/2753/5
usemtl brick_medieval
f  2106/2744/6  2107/2746/6  2104/2762/6  2105/2745/6

o entity0_brush264
usemtl brick_medieval
f  2108/2763/1  2109/2764/1  2110/2746/1
usemtl brick_medieval
f  2110/2765/95  2109/2766/95  2111/2767/95
usemtl brick_medieval
f  2111/2750/96  2109/2751/96  2112/2752/96
usemtl brick_medieval
f  2112/2753/3  2109/2768/3  2113/2769/3
usemtl brick_medieval
f  2113/2756/4  2109/2757/4  2108/2758/4  2114/2759/4
usemtl brick_medieval
f  2115/2759/7  2110/2758/7  2111/2760/7  2112/2756/7
usemtl brick_medieval
f  2114/2755/5  2108/2754/5  2110/2761/5  2115/2753/5
usemtl brick_medieval
f  2114/2744/6  2115/2746/6  2112/2762/6  2113/2745/6

o entity0_brush265
usemtl arcade/trench/soviet
f  2116/2770/97  2117/2771/97  2118/2772/97  2119/2773/97
usemtl arcade/trench/soviet
f  2120/2774/98  2118/2775/98  2117/2776/98  2121/2777/98
usemtl arcade/trench/soviet
f  2121/2774/4  2117/2778/4  2116/2779/4  2122/2780/4
usemtl arcade/trench/soviet
f  2123/2780/7  2119/2781/7  2118/2782/7  2120/2783/7
usemtl arcade/trench/soviet
f  2122/2777/99  2116/2776/99  2119/2775/99  2123/2774/99
usemtl arcade/trench/soviet
f  2123/2784/6  2120/2785/6  2121/2786/6  2122/2787/6

o entity0_brush266
usemtl clean/delete
f  2124/2788/1  2125/2789/1  2126/2790/1  2127/2791/1
usemtl clean/delete
f  2128/2792/3  2126/2793/3  2125/2794/3  2129/2795/3
usemtl clean/delete
f  2129/2796/4  2125/2797/4  2124/2798/4  2130/2799/4
usemtl clean/delete
f  2131/2799/7  2127/2798/7  2126/2797/7  2128/2796/7
usemtl clean/delete
f  2130/2795/5  2124/2794/5  2127/2793/5  2131/2792/5
usemtl clean/delete
f  2131/2791/6  2128/2790/6  2129/2789/6  2130/2788/6

o entity0_brush267
usemtl clean/cherrybark
f  2132/2800/1  2133/2801/1  2134/2802/1  2135/2803/1
usemtl clean/cherrybark
f  2136/2804/3  2134/2805/3  2133/2806/3  2137/2807/3
usemtl clean/cherrybark
f  2137/2804/4  2133/2805/4  2132/2808/4  2138/2809/4
usemtl clean/cherrybark
f  2139/2809/7  2135/2808/7  2134/2805/7  2136/2804/7
usemtl clean/cherrybark
f  2138/2807/5  2132/2806/5  2135/2805/5  2139/2804/5
usemtl clean/cherrybark
f  2139/2803/6  2136/2802/6  2137/2801/6  2138/2800/6

o entity0_brush268
usemtl brick_medieval
f  2140/2810/1  2141/2811/1  2142/2812/1  2143/2813/1
usemtl brick_medieval
f  2144/2814/3  2142/2815/3  2141/2816/3  2145/2817/3
usemtl brick_medieval
f  2145/2818/4  2141/2819/4  2140/2820/4  2146/2821/4
usemtl brick_medieval
f  2147/2821/7  2143/2820/7  2142/2819/7  2144/2818/7
usemtl brick_medieval
f  2146/2817/5  2140/2816/5  2143/2815/5  2147/2814/5
usemtl brick_medieval
f  2147/2813/6  2144/2812/6  2145/2811/6  2146/2810/6

o entity0_brush269
usemtl brick_medieval
f  2148/2822/1  2149/2823/1  2150/2824/1  2151/2825/1
usemtl brick_medieval
f  2152/2814/3  2150/2815/3  2149/2816/3  2153/2817/3
usemtl brick_medieval
f  2153/2826/4  2149/2827/4  2148/2828/4  2154/2829/4
usemtl brick_medieval
f  2155/2829/7  2151/2828/7  2150/2827/7  2152/2826/7
usemtl brick_medieval
f  2154/2817/5  2148/2816/5  2151/2815/5  2155/2814/5
usemtl brick_medieval
f  2155/2825/6  2152/2824/6  2153/2823/6  2154/2822/6

o entity0_brush270
usemtl brick_medieval
f  2156/2830/1  2157/2831/1  2158/2825/1  2159/2812/1
usemtl brick_medieval
f  2160/2814/3  2158/2815/3  2157/2832/3  2161/2833/3
usemtl brick_medieval
f  2161/2829/4  2157/2828/4  2156/2819/4  2162/2818/4
usemtl brick_medieval
f  2163/2818/7  2159/2819/7  2158/2828/7  2160/2829/7
usemtl brick_medieval
f  2162/2833/5  2156/2832/5  2159/2815/5  2163/2814/5
usemtl brick_medieval
f  2163/2812/6  2160/2825/6  2161/2831/6  2162/2830/6

o entity0_brush271
usemtl clean/delete
f  2164/2834/1  2165/2835/1  2166/2836/1  2167/2837/1
usemtl clean/delete
f  2168/2838/3  2166/2839/3  2165/2840/3  2169/2794/3
usemtl clean/delete
f  2169/2841/4  2165/2842/4  2164/2843/4  2170/2844/4
usemtl clean/delete
f  2171/2844/7  2167/2843/7  2166/2842/7  2168/2841/7
usemtl clean/delete
f  2170/2794/5  2164/2840/5  2167/2839/5  2171/2838/5
usemtl clean/delete
f  2171/2837/6  2168/2836/6  2169/2835/6  2170/2834/6

o entity0_brush272
usemtl arcade/trench/brick
f  2172/2845/1  2173/2846/1  2174/2847/1  2175/2848/1
usemtl arcade/trench/brick
f  2176/2849/3  2174/2850/3  2173/2851/3  2177/2852/3
usemtl arcade/trench/brick
f  2177/2853/4  2173/2854/4  2172/2855/4  2178/2856/4
usemtl arcade/trench/brick
f  2179/2856/7  2175/2855/7  2174/2854/7  2176/2853/7
usemtl arcade/trench/brick
f  2178/2852/5  2172/2851/5  2175/2850/5  2179/2849/5
usemtl arcade/trench/brick
f  2179/2848/6  2176/2847/6  2177/2846/6  2178/2845/6

o entity0_brush273
usemtl brick_medieval
f  2180/2857/1  2181/2858/1  2182/2859/1  2183/2860/1
usemtl brick_medieval
f  2184/2861/100  2182/2862/100  2181/2863/100  2185/2864/100
usemtl brick_medieval
f  2185/2865/4  2181/2866/4  2180/2867/4  2186/2868/4
usemtl brick_medieval
f  2187/2868/7  2183/2867/7  2182/2869/7  2184/2870/7
usemtl brick_medieval
f  2186/2864/101  2180/2863/101  2183/2862/101  2187/2861/101
usemtl brick_medieval
f  2187/2871/6  2184/2872/6  2185/2873/6  2186/2874/6

o entity0_brush274
usemtl clean/cherrybark
f  2188/2875/102  2189/2876/102  2190/2877/102  2191/2878/102
usemtl clean/cherrybark
f  2192/2879/103  2190/2880/103  2189/2881/103  2193/2882/103
usemtl clean/cherrybark
f  2194/2883/104  2191/2884/104  2190/2885/104  2192/2886/104
usemtl clean/cherrybark
f  2193/2887/105  2189/2888/105  2188/2889/105  2195/2890/105
usemtl clean/cherrybark
f  2195/2891/106  2188/2892/106  2191/2893/106  2194/2894/106
usemtl clean/cherrybark
f  2193/2895/107  2195/2896/107  2194/2897/107  2192/2898/107

o entity0_brush275
usemtl brick_medieval
f  2196/2899/108  2197/2900/108  2198/2901/108  2199/2902/108
usemtl brick_medieval
f  2200/2903/109  2198/2904/109  2197/2905/109  2201/2906/109
usemtl brick_medieval
f  2201/2907/4  2197/2908/4  2196/2909/4  2202/2867/4
usemtl brick_medieval
f  2203/2867/7  2199/2910/7  2198/2911/7  2200/2907/7
usemtl brick_medieval
f  2202/2863/110  2196/2912/110  2199/2913/110  2203/2862/110
usemtl brick_medieval
f  2203/2860/6  2200/2914/6  2201/2915/6  2202/2857/6

o entity0_brush276
usemtl brick_medieval
f  2204/2916/111  2205/2917/111  2206/2918/111  2207/2919/111
usemtl brick_medieval
f  2208/2862/112  2206/2913/112  2205/2912/112  2209/2863/112
usemtl brick_medieval
f  2209/2866/4  2205/2920/4  2204/2921/4  2210/2922/4
usemtl brick_medieval
f  2211/2923/7  2207/2924/7  2206/2925/7  2208/2869/7
usemtl brick_medieval
f  2210/2926/113  2204/2927/113  2207/2928/113  2211/2929/113
usemtl brick_medieval
f  2211/2930/6  2208/2859/6  2209/2858/6  2210/2931/6

o entity0_brush277
usemtl brick_medieval
f  2212/2932/114  2213/2933/114  2214/2919/114  2215/2901/114
usemtl brick_medieval
f  2216/2929/115  2214/2928/115  2213/2934/115  2217/2935/115
usemtl brick_medieval
f  2217/2936/4  2213/2937/4  2212/2938/4  2218/2907/4
usemtl brick_medieval
f  2219/2907/7  2215/2911/7  2214/2924/7  2216/2923/7
usemtl brick_medieval
f  2218/2939/116  2212/2940/116  2215/2904/116  2219/2903/116
usemtl brick_medieval
f  2219/2914/6  2216/2930/6  2217/2941/6  2218/2942/6

o entity0_brush278
usemtl brick_medieval
f  2220/2900/117  2221/2916/117  2222/2943/117  2223/2944/117
usemtl brick_medieval
f  2224/2945/118  2222/2946/118  2221/2927/118  2225/2926/118
usemtl brick_medieval
f  2225/2922/4  2221/2921/4  2220/2908/4  2226/2907/4
usemtl brick_medieval
f  2227/2907/7  2223/2947/7  2222/2948/7  2224/2949/7
usemtl brick_medieval
f  2226/2906/119  2220/2905/119  2223/2950/119  2227/2951/119
usemtl brick_medieval
f  2227/2952/6  2224/2953/6  2225/2931/6  2226/2915/6

o entity0_brush279
usemtl brick_medieval
f  2228/2763/1  2229/2764/1  2230/2746/1
usemtl brick_medieval
f  2230/2765/95  2229/2766/95  2231/2767/95
usemtl brick_medieval
f  2231/2750/96  2229/2751/96  2232/2752/96
usemtl brick_medieval
f  2232/2753/3  2229/2768/3  2233/2769/3
usemtl brick_medieval
f  2233/2756/4  2229/2757/4  2228/2758/4  2234/2759/4
usemtl brick_medieval
f  2235/2759/7  2230/2758/7  2231/2760/7  2232/2756/7
usemtl brick_medieval
f  2234/2755/5  2228/2754/5  2230/2761/5  2235/2753/5
usemtl brick_medieval
f  2234/2744/6  2235/2746/6  2232/2762/6  2233/2745/6

o entity0_brush280
usemtl arcade/trench/soviet
f  2236/2770/97  2237/2771/97  2238/2772/97  2239/2773/97
usemtl arcade/trench/soviet
f  2240/2774/98  2238/2775/98  2237/2776/98  2241/2777/98
usemtl arcade/trench/soviet
f  2241/2774/4  2237/2778/4  2236/2779/4  2242/2780/4
usemtl arcade/trench/soviet
f  2243/2780/7  2239/2781/7  2238/2782/7  2240/2783/7
usemtl arcade/trench/soviet
f  2242/2777/99  2236/2776/99  2239/2775/99  2243/2774/99
usemtl arcade/trench/soviet
f  2243/2784/6  2240/2785/6  2241/2786/6  2242/2787/6

o entity0_brush281
usemtl clean/cherrybark
f  2244/2800/1  2245/2801/1  2246/2802/1  2247/2803/1
usemtl clean/cherrybark
f  2248/2804/3  2246/2805/3  2245/2806/3  2249/2807/3
usemtl clean/cherrybark
f  2249/2804/4  2245/2805/4  2244/2808/4  2250/2809/4
usemtl clean/cherrybark
f  2251/2809/7  2247/2808/7  2246/2805/7  2248/2804/7
usemtl clean/cherrybark
f  2250/2807/5  2244/2806/5  2247/2805/5  2251/2804/5
usemtl clean/cherrybark
f  2251/2803/6  2248/2802/6  2249/2801/6  2250/2800/6

o entity0_brush282
usemtl brick_medieval
f  2252/2822/1  2253/2823/1  2254/2824/1  2255/2825/1
usemtl brick_medieval
f  2256/2814/3  2254/2815/3  2253/2816/3  2257/2817/3
usemtl brick_medieval
f  2257/2826/4  2253/2827/4  2252/2828/4  2258/2829/4
usemtl brick_medieval
f  2259/2829/7  2255/2828/7  2254/2827/7  2256/2826/7
usemtl brick_medieval
f  2258/2817/5  2252/2816/5  2255/2815/5  2259/2814/5
usemtl brick_medieval
f  2259/2825/6  2256/2824/6  2257/2823/6  2258/2822/6

o entity0_brush283
usemtl brick_medieval
f  2260/2810/1  2261/2811/1  2262/2812/1  2263/2813/1
usemtl brick_medieval
f  2264/2814/3  2262/2815/3  2261/2816/3  2265/2817/3
usemtl brick_medieval
f  2265/2818/4  2261/2819/4  2260/2820/4  2266/2821/4
usemtl brick_medieval
f  2267/2821/7  2263/2820/7  2262/2819/7  2264/2818/7
usemtl brick_medieval
f  2266/2817/5  2260/2816/5  2263/2815/5  2267/2814/5
usemtl brick_medieval
f  2267/2813/6  2264/2812/6  2265/2811/6  2266/2810/6

o entity0_brush284
usemtl brick_medieval
f  2268/2830/1  2269/2831/1  2270/2825/1  2271/2812/1
usemtl brick_medieval
f  2272/2814/3  2270/2815/3  2269/2832/3  2273/2833/3
usemtl brick_medieval
f  2273/2829/4  2269/2828/4  2268/2819/4  2274/2818/4
usemtl brick_medieval
f  2275/2818/7  2271/2819/7  2270/2828/7  2272/2829/7
usemtl brick_medieval
f  2274/2833/5  2268/2832/5  2271/2815/5  2275/2814/5
usemtl brick_medieval
f  2275/2812/6  2272/2825/6  2273/2831/6  2274/2830/6

o entity0_brush285
usemtl clean/cherrybark
f  2276/2875/102  2277/2876/102  2278/2877/102  2279/2878/102
usemtl clean/cherrybark
f  2280/2879/103  2278/2880/103  2277/2881/103  2281/2882/103
usemtl clean/cherrybark
f  2282/2883/104  2279/2884/104  2278/2885/104  2280/2886/104
usemtl clean/cherrybark
f  2281/2887/105  2277/2888/105  2276/2889/105  2283/2890/105
usemtl clean/cherrybark
f  2283/2891/106  2276/2892/106  2279/2893/106  2282/2894/106
usemtl clean/cherrybark
f  2281/2895/107  2283/2896/107  2282/2897/107  2280/2898/107

o entity0_brush286
usemtl brick_medieval
f  2284/2900/117  2285/2916/117  2286/2943/117  2287/2944/117
usemtl brick_medieval
f  2288/2945/118  2286/2946/118  2285/2927/118  2289/2926/118
usemtl brick_medieval
f  2289/2922/4  2285/2921/4  2284/2908/4  2290/2907/4
usemtl brick_medieval
f  2291/2907/7  2287/2947/7  2286/2948/7  2288/2949/7
usemtl brick_medieval
f  2290/2906/119  2284/2905/119  2287/2950/119  2291/2951/119
usemtl brick_medieval
f  2291/2952/6  2288/2953/6  2289/2931/6  2290/2915/6

o entity0_brush287
usemtl brick_medieval
f  2292/2916/111  2293/2917/111  2294/2918/111  2295/2919/111
usemtl brick_medieval
f  2296/2862/112  2294/2913/112  2293/2912/112  2297/2863/112
usemtl brick_medieval
f  2297/2866/4  2293/2920/4  2292/2921/4  2298/2922/4
usemtl brick_medieval
f  2299/2923/7  2295/2924/7  2294/2925/7  2296/2869/7
usemtl brick_medieval
f  2298/2926/113  2292/2927/113  2295/2928/113  2299/2929/113
usemtl brick_medieval
f  2299/2930/6  2296/2859/6  2297/2858/6  2298/2931/6

o entity0_brush288
usemtl brick_medieval
f  2300/2745/1  2301/2744/1  2302/2746/1  2303/2762/1
usemtl brick_medieval
f  2304/2761/3  2302/2753/3  2301/2755/3  2305/2754/3
usemtl brick_medieval
f  2305/2758/4  2301/2759/4  2300/2756/4  2306/2757/4
usemtl brick_medieval
f  2307/2760/7  2303/2756/7  2302/2759/7  2304/2758/7
usemtl brick_medieval
f  2306/2954/5  2300/2769/5  2303/2753/5
usemtl brick_medieval
f  2306/2955/120  2303/2956/120  2307/2957/120
usemtl brick_medieval
f  2306/2958/121  2307/2959/121  2304/2960/121
usemtl brick_medieval
f  2304/2746/6  2305/2763/6  2306/2764/6

o entity0_brush289
usemtl arcade/trench/soviet
f  2308/2961/1  2309/2962/1  2310/2963/1  2311/2964/1
usemtl arcade/trench/soviet
f  2312/2965/122  2310/2966/122  2309/2967/122  2313/2968/122
usemtl arcade/trench/soviet
f  2313/2969/4  2309/2970/4  2308/2971/4  2314/2972/4
usemtl arcade/trench/soviet
f  2315/2973/7  2311/2974/7  2310/2975/7  2312/2976/7
usemtl arcade/trench/soviet
f  2314/2968/123  2308/2967/123  2311/2966/123  2315/2965/123
usemtl arcade/trench/soviet
f  2315/2977/124  2312/2978/124  2313/2979/124  2314/2980/124

o entity0_brush290
usemtl clean/cherrybark
f  2316/2801/1  2317/2800/1  2318/2803/1  2319/2802/1
usemtl clean/cherrybark
f  2320/2805/3  2318/2804/3  2317/2807/3  2321/2806/3
usemtl clean/cherrybark
f  2321/2808/4  2317/2809/4  2316/2804/4  2322/2805/4
usemtl clean/cherrybark
f  2323/2805/7  2319/2804/7  2318/2809/7  2320/2808/7
usemtl clean/cherrybark
f  2322/2806/5  2316/2807/5  2319/2804/5  2323/2805/5
usemtl clean/cherrybark
f  2323/2802/6  2320/2803/6  2321/2800/6  2322/2801/6

o entity0_brush291
usemtl brick_medieval
f  2324/2823/1  2325/2822/1  2326/2825/1  2327/2824/1
usemtl brick_medieval
f  2328/2815/3  2326/2814/3  2325/2817/3  2329/2816/3
usemtl brick_medieval
f  2329/2828/4  2325/2829/4  2324/2826/4  2330/2827/4
usemtl brick_medieval
f  2331/2827/7  2327/2826/7  2326/2829/7  2328/2828/7
usemtl brick_medieval
f  2330/2816/5  2324/2817/5  2327/2814/5  2331/2815/5
usemtl brick_medieval
f  2331/2824/6  2328/2825/6  2329/2822/6  2330/2823/6

o entity0_brush292
usemtl brick_medieval
f  2332/2811/1  2333/2810/1  2334/2813/1  2335/2812/1
usemtl brick_medieval
f  2336/2815/3  2334/2814/3  2333/2817/3  2337/2816/3
usemtl brick_medieval
f  2337/2820/4  2333/2821/4  2332/2818/4  2338/2819/4
usemtl brick_medieval
f  2339/2819/7  2335/2818/7  2334/2821/7  2336/2820/7
usemtl brick_medieval
f  2338/2816/5  2332/2817/5  2335/2814/5  2339/2815/5
usemtl brick_medieval
f  2339/2812/6  2336/2813/6  2337/2810/6  2338/2811/6

o entity0_brush293
usemtl brick_medieval
f  2340/2831/1  2341/2830/1  2342/2812/1  2343/2825/1
usemtl brick_medieval
f  2344/2815/3  2342/2814/3  2341/2833/3  2345/2832/3
usemtl brick_medieval
f  2345/2819/4  2341/2818/4  2340/2829/4  2346/2828/4
usemtl brick_medieval
f  2347/2828/7  2343/2829/7  2342/2818/7  2344/2819/7
usemtl brick_medieval
f  2346/2832/5  2340/2833/5  2343/2814/5  2347/2815/5
usemtl brick_medieval
f  2347/2825/6  2344/2812/6  2345/2830/6  2346/2831/6

o entity0_brush294
usemtl clean/cherrybark
f  2348/2981/125  2349/2896/125  2350/2982/125  2351/2983/125
usemtl clean/cherrybark
f  2352/2984/126  2350/2985/126  2349/2986/126  2353/2987/126
usemtl clean/cherrybark
f  2353/2988/127  2349/2989/127  2348/2990/127  2354/2991/127
usemtl clean/cherrybark
f  2355/2992/128  2351/2993/128  2350/2994/128  2352/2995/128
usemtl clean/cherrybark
f  2354/2996/129  2348/2997/129  2351/2998/129  2355/2999/129
usemtl clean/cherrybark
f  2355/2877/130  2352/3000/130  2353/2875/130  2354/2876/130

o entity0_brush295
usemtl brick_medieval
f  2356/2931/1  2357/2915/1  2358/2952/1  2359/2953/1
usemtl brick_medieval
f  2360/2950/131  2358/2951/131  2357/2906/131  2361/3001/131
usemtl brick_medieval
f  2361/2908/4  2357/2907/4  2356/2922/4  2362/2921/4
usemtl brick_medieval
f  2363/2948/7  2359/2949/7  2358/2907/7  2360/2947/7
usemtl brick_medieval
f  2362/2927/132  2356/2926/132  2359/2945/132  2363/2946/132
usemtl brick_medieval
f  2363/2943/133  2360/2944/133  2361/2900/133  2362/2916/133

o entity0_brush296
usemtl brick_medieval
f  2364/3002/1  2365/2931/1  2366/3003/1  2367/2859/1
usemtl brick_medieval
f  2368/2928/134  2366/2929/134  2365/2926/134  2369/2927/134
usemtl brick_medieval
f  2369/2921/4  2365/2922/4  2364/3004/4  2370/3005/4
usemtl brick_medieval
f  2371/2925/7  2367/2869/7  2366/3006/7  2368/2924/7
usemtl brick_medieval
f  2370/2912/135  2364/2863/135  2367/2862/135  2371/2913/135
usemtl brick_medieval
f  2371/2918/136  2368/2919/136  2369/2916/136  2370/3007/136

o entity0_brush297
usemtl clean/delete
f  2372/2789/1  2373/2788/1  2374/2791/1  2375/2790/1
usemtl clean/delete
f  2376/2793/3  2374/2792/3  2373/2795/3  2377/2794/3
usemtl clean/delete
f  2377/2798/4  2373/2799/4  2372/2796/4  2378/2797/4
usemtl clean/delete
f  2379/2797/7  2375/2796/7  2374/2799/7  2376/2798/7
usemtl clean/delete
f  2378/2794/5  2372/2795/5  2375/2792/5  2379/2793/5
usemtl clean/delete
f  2379/2790/6  2376/2791/6  2377/2788/6  2378/2789/6

o entity0_brush298
usemtl brick_medieval
f  2380/2745/1  2381/2744/1  2382/2746/1  2383/2762/1
usemtl brick_medieval
f  2384/2761/3  2382/2753/3  2381/2755/3  2385/2754/3
usemtl brick_medieval
f  2385/2758/4  2381/2759/4  2380/2756/4  2386/2757/4
usemtl brick_medieval
f  2387/2760/7  2383/2756/7  2382/2759/7  2384/2758/7
usemtl brick_medieval
f  2386/3008/5  2380/2755/5  2383/2753/5
usemtl brick_medieval
f  2386/2955/120  2383/2956/120  2387/2957/120
usemtl brick_medieval
f  2386/2958/121  2387/2959/121  2384/2960/121
usemtl brick_medieval
f  2384/2746/6  2385/2744/6  2386/2745/6

o entity0_brush299
usemtl arcade/trench/soviet
f  2388/2961/1  2389/2962/1  2390/2963/1  2391/2964/1
usemtl arcade/trench/soviet
f  2392/3009/122  2390/2966/122  2389/2967/122  2393/2968/122
usemtl arcade/trench/soviet
f  2393/3010/4  2389/3011/4  2388/3012/4  2394/3013/4
usemtl arcade/trench/soviet
f  2395/3014/7  2391/3015/7  2390/3011/7  2392/3016/7
usemtl arcade/trench/soviet
f  2394/2968/123  2388/2967/123  2391/2966/123  2395/3009/123
usemtl arcade/trench/soviet
f  2395/3017/124  2392/2978/124  2393/3018/124  2394/3019/124

o entity0_brush300
usemtl clean/cherrybark
f  2396/2801/1  2397/2800/1  2398/2803/1  2399/2802/1
usemtl clean/cherrybark
f  2400/2805/3  2398/2804/3  2397/2807/3  2401/2806/3
usemtl clean/cherrybark
f  2401/2808/4  2397/2809/4  2396/2804/4  2402/2805/4
usemtl clean/cherrybark
f  2403/2805/7  2399/2804/7  2398/2809/7  2400/2808/7
usemtl clean/cherrybark
f  2402/2806/5  2396/2807/5  2399/2804/5  2403/2805/5
usemtl clean/cherrybark
f  2403/2802/6  2400/2803/6  2401/2800/6  2402/2801/6

o entity0_brush301
usemtl brick_medieval
f  2404/2823/1  2405/2822/1  2406/2825/1  2407/2824/1
usemtl brick_medieval
f  2408/2815/3  2406/2814/3  2405/2817/3  2409/2816/3
usemtl brick_medieval
f  2409/2828/4  2405/2829/4  2404/2826/4  2410/2827/4
usemtl brick_medieval
f  2411/2827/7  2407/2826/7  2406/2829/7  2408/2828/7
usemtl brick_medieval
f  2410/2816/5  2404/2817/5  2407/2814/5  2411/2815/5
usemtl brick_medieval
f  2411/2824/6  2408/2825/6  2409/2822/6  2410/2823/6

o entity0_brush302
usemtl brick_medieval
f  2412/2811/1  2413/2810/1  2414/2813/1  2415/2812/1
usemtl brick_medieval
f  2416/2815/3  2414/2814/3  2413/2817/3  2417/2816/3
usemtl brick_medieval
f  2417/2820/4  2413/2821/4  2412/2818/4  2418/2819/4
usemtl brick_medieval
f  2419/2819/7  2415/2818/7  2414/2821/7  2416/2820/7
usemtl brick_medieval
f  2418/2816/5  2412/2817/5  2415/2814/5  2419/2815/5
usemtl brick_medieval
f  2419/2812/6  2416/2813/6  2417/2810/6  2418/2811/6

o entity0_brush303
usemtl brick_medieval
f  2420/2831/1  2421/2830/1  2422/2812/1  2423/2825/1
usemtl brick_medieval
f  2424/2815/3  2422/2814/3  2421/2833/3  2425/2832/3
usemtl brick_medieval
f  2425/2819/4  2421/2818/4  2420/2829/4  2426/2828/4
usemtl brick_medieval
f  2427/2828/7  2423/2829/7  2422/2818/7  2424/2819/7
usemtl brick_medieval
f  2426/2832/5  2420/2833/5  2423/2814/5  2427/2815/5
usemtl brick_medieval
f  2427/2825/6  2424/2812/6  2425/2830/6  2426/2831/6

o entity0_brush304
usemtl clean/cherrybark
f  2428/3020/125  2429/3021/125  2430/3022/125  2431/3023/125
usemtl clean/cherrybark
f  2432/3024/126  2430/3025/126  2429/3026/126  2433/3027/126
usemtl clean/cherrybark
f  2433/3028/127  2429/3029/127  2428/3030/127  2434/3031/127
usemtl clean/cherrybark
f  2435/3032/128  2431/3033/128  2430/3034/128  2432/3035/128
usemtl clean/cherrybark
f  2434/3036/129  2428/3037/129  2431/3038/129  2435/3039/129
usemtl clean/cherrybark
f  2435/2877/130  2432/3040/130  2433/2875/130  2434/2876/130

o entity0_brush305
usemtl brick_medieval
f  2436/2931/1  2437/2915/1  2438/2952/1  2439/2953/1
usemtl brick_medieval
f  2440/2950/131  2438/2951/131  2437/2906/131  2441/2905/131
usemtl brick_medieval
f  2441/2908/4  2437/2907/4  2436/2922/4  2442/2921/4
usemtl brick_medieval
f  2443/3041/7  2439/2949/7  2438/2907/7  2440/2947/7
usemtl brick_medieval
f  2442/2927/132  2436/2926/132  2439/2945/132  2443/2946/132
usemtl brick_medieval
f  2443/3042/133  2440/2944/133  2441/2900/133  2442/2916/133

o entity0_brush306
usemtl brick_medieval
f  2444/3002/1  2445/2931/1  2446/3003/1  2447/2859/1
usemtl brick_medieval
f  2448/2928/134  2446/2929/134  2445/2926/134  2449/2927/134
usemtl brick_medieval
f  2449/2921/4  2445/2922/4  2444/3004/4  2450/3005/4
usemtl brick_medieval
f  2451/3043/7  2447/2869/7  2446/3006/7  2448/2924/7
usemtl brick_medieval
f  2450/2912/135  2444/2863/135  2447/2862/135  2451/2913/135
usemtl brick_medieval
f  2451/2918/136  2448/2919/136  2449/2916/136  2450/3007/136

o entity0_brush307
usemtl clean/delete
f  2452/2789/1  2453/2788/1  2454/2791/1  2455/2790/1
usemtl clean/delete
f  2456/2793/3  2454/2792/3  2453/2795/3  2457/2794/3
usemtl clean/delete
f  2457/2798/4  2453/2799/4  2452/2796/4  2458/2797/4
usemtl clean/delete
f  2459/2797/7  2455/2796/7  2454/2799/7  2456/2798/7
usemtl clean/delete
f  2458/2794/5  2452/2795/5  2455/2792/5  2459/2793/5
usemtl clean/delete
f  2459/2790/6  2456/2791/6  2457/2788/6  2458/2789/6

o entity0_brush308
usemtl clean/tunnel_road
f  2460/3044/1  2461/3045/1  2462/3046/1  2463/3047/1
usemtl clean/tunnel_road
f  2464/3048/3  2462/3049/3  2461/3050/3  2465/3051/3
usemtl clean/tunnel_road
f  2465/3052/4  2461/3053/4  2460/3054/4  2466/3055/4
usemtl clean/tunnel_road
f  2467/3055/7  2463/3054/7  2462/3053/7  2464/3052/7
usemtl clean/tunnel_road
f  2466/3051/5  2460/3050/5  2463/3049/5  2467/3048/5
usemtl clean/tunnel_road
f  2467/3047/6  2464/3046/6  2465/3045/6  2466/3044/6

o entity0_brush309
usemtl arcade/trench/highway
f  2468/3056/1  2469/3057/1  2470/3058/1  2471/3059/1
usemtl arcade/trench/highway
f  2472/3060/3  2470/3061/3  2469/3062/3  2473/3063/3
usemtl arcade/trench/highway
f  2473/3064/4  2469/3065/4  2468/3066/4  2474/3067/4
usemtl arcade/trench/highway
f  2475/3067/7  2471/3066/7  2470/3065/7  2472/3064/7
usemtl arcade/trench/highway
f  2474/3063/5  2468/3062/5  2471/3061/5  2475/3060/5
usemtl arcade/trench/highway
f  2475/3059/6  2472/3058/6  2473/3057/6  2474/3056/6

o entity0_brush310
usemtl arcade/trench/highway
f  2476/3068/1  2477/3057/1  2478/3058/1  2479/3069/1
usemtl arcade/trench/highway
f  2480/3060/3  2478/3061/3  2477/3062/3  2481/3063/3
usemtl arcade/trench/highway
f  2481/3064/4  2477/3065/4  2476/3070/4  2482/3071/4
usemtl arcade/trench/highway
f  2483/3071/7  2479/3070/7  2478/3065/7  2480/3064/7
usemtl arcade/trench/highway
f  2482/3063/5  2476/3062/5  2479/3061/5  2483/3060/5
usemtl arcade/trench/highway
f  2483/3069/6  2480/3058/6  2481/3057/6  2482/3068/6

o entity0_brush311
usemtl clean/tunnel_road
f  2484/3072/1  2485/3073/1  2486/3046/1  2487/3047/1
usemtl clean/tunnel_road
f  2488/3048/3  2486/3074/3  2485/3075/3  2489/3076/3
usemtl clean/tunnel_road
f  2489/3052/4  2485/3077/4  2484/3078/4  2490/3055/4
usemtl clean/tunnel_road
f  2491/3055/7  2487/3078/7  2486/3077/7  2488/3052/7
usemtl clean/tunnel_road
f  2490/3076/5  2484/3075/5  2487/3074/5  2491/3048/5
usemtl clean/tunnel_road
f  2491/3047/6  2488/3046/6  2489/3073/6  2490/3072/6

o entity0_brush312
usemtl arcade/trench/highway
f  2492/3068/1  2493/3057/1  2494/3058/1  2495/3069/1
usemtl arcade/trench/highway
f  2496/3060/3  2494/3079/3  2493/3080/3  2497/3063/3
usemtl arcade/trench/highway
f  2497/3064/4  2493/3081/4  2492/3082/4  2498/3071/4
usemtl arcade/trench/highway
f  2499/3071/7  2495/3082/7  2494/3081/7  2496/3064/7
usemtl arcade/trench/highway
f  2498/3063/5  2492/3080/5  2495/3079/5  2499/3060/5
usemtl arcade/trench/highway
f  2499/3069/6  2496/3058/6  2497/3057/6  2498/3068/6

o entity0_brush313
usemtl arcade/trench/highway
f  2500/3068/1  2501/3057/1  2502/3058/1  2503/3069/1
usemtl arcade/trench/highway
f  2504/3060/3  2502/3083/3  2501/3084/3  2505/3063/3
usemtl arcade/trench/highway
f  2505/3064/4  2501/3085/4  2500/3086/4  2506/3071/4
usemtl arcade/trench/highway
f  2507/3071/7  2503/3086/7  2502/3085/7  2504/3064/7
usemtl arcade/trench/highway
f  2506/3063/5  2500/3084/5  2503/3083/5  2507/3060/5
usemtl arcade/trench/highway
f  2507/3069/6  2504/3058/6  2505/3057/6  2506/3068/6

o entity0_brush314
usemtl arcade/trench/graffiti
f  2508/3087/1  2509/3088/1  2510/3089/1  2511/3090/1
usemtl arcade/trench/graffiti
f  2512/3091/3  2510/3092/3  2509/3093/3  2513/3094/3
usemtl arcade/trench/graffiti
f  2513/3095/4  2509/3096/4  2508/3097/4  2514/3098/4
usemtl arcade/trench/graffiti
f  2515/3098/7  2511/3097/7  2510/3096/7  2512/3095/7
usemtl arcade/trench/graffiti
f  2514/3094/5  2508/3093/5  2511/3092/5  2515/3091/5
usemtl arcade/trench/graffiti
f  2515/3090/6  2512/3089/6  2513/3088/6  2514/3087/6

o entity0_brush315
usemtl arcade/trench/graffiti
f  2516/3099/1  2517/3100/1  2518/3101/1  2519/3102/1
usemtl arcade/trench/graffiti
f  2520/3103/3  2518/3104/3  2517/3105/3  2521/3106/3
usemtl arcade/trench/graffiti
f  2521/3107/4  2517/3108/4  2516/3109/4  2522/3110/4
usemtl arcade/trench/graffiti
f  2523/3110/7  2519/3109/7  2518/3108/7  2520/3107/7
usemtl arcade/trench/graffiti
f  2522/3106/5  2516/3105/5  2519/3104/5  2523/3103/5
usemtl arcade/trench/graffiti
f  2523/3102/6  2520/3101/6  2521/3100/6  2522/3099/6

o entity0_brush316
usemtl arcade/trench/highway
f  2524/3056/1  2525/3057/1  2526/3058/1  2527/3059/1
usemtl arcade/trench/highway
f  2528/3060/3  2526/3061/3  2525/3062/3  2529/3063/3
usemtl arcade/trench/highway
f  2529/3064/4  2525/3065/4  2524/3066/4  2530/3067/4
usemtl arcade/trench/highway
f  2531/3067/7  2527/3066/7  2526/3065/7  2528/3064/7
usemtl arcade/trench/highway
f  2530/3063/5  2524/3062/5  2527/3061/5  2531/3060/5
usemtl arcade/trench/highway
f  2531/3059/6  2528/3058/6  2529/3057/6  2530/3056/6

o entity0_brush317
usemtl arcade/trench/water2
f  2532/3111/1  2533/3112/1  2534/3113/1  2535/3114/1
usemtl arcade/trench/artdeco
f  2536/3115/3  2534/3116/3  2533/3117/3  2537/3118/3
usemtl arcade/trench/artdeco
f  2537/3119/4  2533/3120/4  2532/3121/4  2538/3122/4
usemtl arcade/trench/water2
f  2539/3123/7  2535/3124/7  2534/3125/7  2536/3126/7
usemtl arcade/trench/artdeco
f  2538/3118/5  2532/3117/5  2535/3116/5  2539/3115/5
usemtl arcade/trench/artdeco
f  2539/3127/6  2536/3128/6  2537/3129/6  2538/3130/6

o entity0_brush318
usemtl arcade/trench/artdeco
f  2540/3130/1  2541/3129/1  2542/3128/1  2543/3127/1
usemtl arcade/trench/artdeco
f  2544/3131/3  2542/3132/3  2541/3133/3  2545/3134/3
usemtl arcade/trench/artdeco
f  2545/3135/4  2541/3136/4  2540/3137/4  2546/3138/4
usemtl arcade/trench/water2
f  2547/3139/7  2543/3140/7  2542/3141/7  2544/3142/7
usemtl arcade/trench/artdeco
f  2546/3134/5  2540/3133/5  2543/3132/5  2547/3131/5
usemtl arcade/trench/water2
f  2547/3114/6  2544/3113/6  2545/3112/6  2546/3111/6

o entity0_brush319
usemtl arcade/trench/water2
f  2548/3111/1  2549/2095/1  2550/3143/1  2551/3114/1
usemtl arcade/trench/water2
f  2552/3144/3  2550/873/3  2549/3145/3  2553/198/3
usemtl arcade/trench/artdeco
f  2553/3146/4  2549/3147/4  2548/3138/4  2554/3148/4
usemtl arcade/trench/water2
f  2555/3149/7  2551/3139/7  2550/3150/7  2552/3151/7
usemtl arcade/trench/artdeco
f  2554/3152/5  2548/3134/5  2551/3131/5  2555/3153/5
usemtl arcade/trench/water2
f  2555/3114/6  2552/3143/6  2553/2095/6  2554/3111/6

o entity0_brush320
usemtl arcade/trench/water2
f  2556/3154/1  2557/3112/1  2558/3113/1  2559/3155/1
usemtl arcade/trench/artdeco
f  2560/3116/3  2558/3131/3  2557/3134/3  2561/3117/3
usemtl arcade/trench/artdeco
f  2561/3120/4  2557/3135/4  2556/3156/4  2562/3157/4
usemtl arcade/trench/water2
f  2563/3158/7  2559/3159/7  2558/3142/7  2560/3125/7
usemtl arcade/trench/water2
f  2562/3160/5  2556/3145/5  2559/873/5  2563/3161/5
usemtl arcade/trench/water2
f  2563/3155/6  2560/3113/6  2561/3112/6  2562/3154/6

o entity0_brush321
usemtl arcade/trench/trimsheet
f  2564/3162/1  2565/3163/1  2566/3164/1  2567/3165/1
usemtl arcade/trench/trimsheet
f  2568/3166/3  2566/3167/3  2565/3168/3  2569/3169/3
usemtl arcade/trench/trimsheet
f  2569/3170/4  2565/3171/4  2564/3172/4  2570/3173/4
usemtl arcade/trench/trimsheet
f  2571/3173/7  2567/3172/7  2566/3171/7  2568/3170/7
usemtl arcade/trench/trimsheet
f  2570/3169/5  2564/3168/5  2567/3167/5  2571/3166/5
usemtl arcade/trench/trimsheet
f  2571/3165/6  2568/3164/6  2569/3163/6  2570/3162/6

o entity0_brush322
usemtl arcade/trench/trimsheet
f  2572/3174/1  2573/3175/1  2574/3176/1  2575/3177/1
usemtl arcade/trench/trimsheet
f  2576/3178/3  2574/3179/3  2573/3180/3  2577/3181/3
usemtl arcade/trench/trimsheet
f  2577/3182/4  2573/3183/4  2572/3184/4  2578/3185/4
usemtl arcade/trench/trimsheet
f  2579/3185/7  2575/3184/7  2574/3183/7  2576/3182/7
usemtl arcade/trench/trimsheet
f  2578/3181/5  2572/3180/5  2575/3179/5  2579/3178/5
usemtl arcade/trench/trimsheet
f  2579/3177/6  2576/3176/6  2577/3175/6  2578/3174/6

o entity0_brush323
usemtl clean/metalwithbar
f  2580/3186/1  2581/3187/1  2582/3188/1  2583/3189/1
usemtl clean/metalwithbar
f  2584/3190/3  2582/3191/3  2581/3192/3  2585/3193/3
usemtl clean/metalwithbar
f  2585/3194/4  2581/3195/4  2580/3196/4  2586/3197/4
usemtl clean/metalwithbar
f  2587/3197/7  2583/3196/7  2582/3195/7  2584/3194/7
usemtl clean/metalwithbar
f  2586/3193/5  2580/3192/5  2583/3191/5  2587/3190/5
usemtl clean/metalwithbar
f  2587/3189/6  2584/3188/6  2585/3187/6  2586/3186/6

o entity0_brush324
usemtl clean/metalwithbar
f  2588/3198/1  2589/3187/1  2590/3188/1  2591/3199/1
usemtl clean/metalwithbar
f  2592/3190/3  2590/3191/3  2589/3192/3  2593/3193/3
usemtl clean/metalwithbar
f  2593/3194/4  2589/3195/4  2588/3200/4  2594/3201/4
usemtl clean/metalwithbar
f  2595/3201/7  2591/3200/7  2590/3195/7  2592/3194/7
usemtl clean/metalwithbar
f  2594/3193/5  2588/3192/5  2591/3191/5  2595/3190/5
usemtl clean/metalwithbar
f  2595/3199/6  2592/3188/6  2593/3187/6  2594/3198/6

o entity0_brush325
usemtl clean/metalwithbar
f  2596/3202/1  2597/3203/1  2598/3204/1  2599/3205/1
usemtl arcade/trench/arcade2
f  2600/3206/3  2598/3207/3  2597/3208/3  2601/3209/3
usemtl arcade/trench/arcade2
f  2601/3210/4  2597/3211/4  2596/3212/4  2602/3213/4
usemtl clean/metalwithbar
f  2603/3214/7  2599/3215/7  2598/3216/7  2600/3217/7
usemtl arcade/trench/arcade2
f  2602/3209/5  2596/3208/5  2599/3207/5  2603/3206/5
usemtl arcade/trench/arcade2
f  2603/3218/6  2600/3219/6  2601/3220/6  2602/3221/6

o entity0_brush326
usemtl arcade/trench/arcade2
f  2604/3222/1  2605/3223/1  2606/3224/1  2607/3225/1
usemtl arcade/trench/arcade2
f  2608/3226/3  2606/3227/3  2605/3228/3  2609/3229/3
usemtl arcade/trench/arcade2
f  2609/3230/4  2605/3231/4  2604/3232/4  2610/3233/4
usemtl clean/metalwithbar
f  2611/3234/7  2607/3235/7  2606/3236/7  2608/3237/7
usemtl arcade/trench/arcade2
f  2610/3229/5  2604/3228/5  2607/3227/5  2611/3226/5
usemtl clean/metalwithbar
f  2611/3205/6  2608/3204/6  2609/3203/6  2610/3202/6

o entity0_brush327
usemtl clean/metalwithbar
f  2612/3202/1  2613/3238/1  2614/3239/1  2615/3205/1
usemtl clean/metalwithbar
f  2616/3240/3  2614/3241/3  2613/3242/3  2617/3243/3
usemtl arcade/trench/arcade2
f  2617/3244/4  2613/3245/4  2612/3233/4  2618/3212/4
usemtl clean/metalwithbar
f  2619/3215/7  2615/3234/7  2614/3246/7  2616/3247/7
usemtl arcade/trench/arcade2
f  2618/3208/5  2612/3229/5  2615/3226/5  2619/3207/5
usemtl clean/metalwithbar
f  2619/3205/6  2616/3239/6  2617/3238/6  2618/3202/6

o entity0_brush328
usemtl clean/metalwithbar
f  2620/3248/1  2621/3203/1  2622/3204/1  2623/3249/1
usemtl arcade/trench/arcade2
f  2624/3207/3  2622/3226/3  2621/3229/3  2625/3208/3
usemtl arcade/trench/arcade2
f  2625/3211/4  2621/3230/4  2620/3250/4  2626/3251/4
usemtl clean/metalwithbar
f  2627/3252/7  2623/3253/7  2622/3237/7  2624/3216/7
usemtl clean/metalwithbar
f  2626/3243/5  2620/3242/5  2623/3241/5  2627/3240/5
usemtl clean/metalwithbar
f  2627/3249/6  2624/3204/6  2625/3203/6  2626/3248/6

o entity0_brush329
usemtl rusted_drain
f  2628/3254/1  2629/3255/1  2630/3256/1  2631/3257/1
usemtl rusted_drain
f  2632/3258/3  2630/3259/3  2629/3260/3  2633/3261/3
usemtl rusted_drain
f  2633/3262/4  2629/3263/4  2628/3264/4  2634/3265/4
usemtl rusted_drain
f  2635/3265/7  2631/3264/7  2630/3263/7  2632/3262/7
usemtl rusted_drain
f  2634/3261/5  2628/3260/5  2631/3259/5  2635/3258/5
usemtl rusted_drain
f  2635/3257/6  2632/3256/6  2633/3255/6  2634/3254/6

o entity0_brush330
usemtl arcade/trench/matrix
f  2636/3266/1  2637/3267/1  2638/3268/1  2639/3269/1
usemtl arcade/trench/matrix
f  2640/3270/3  2638/3271/3  2637/3272/3  2641/3273/3
usemtl arcade/trench/matrix
f  2641/3274/4  2637/3275/4  2636/3276/4  2642/3277/4
usemtl arcade/trench/matrix
f  2643/3277/7  2639/3276/7  2638/3275/7  2640/3274/7
usemtl arcade/trench/matrix
f  2642/3273/5  2636/3272/5  2639/3271/5  2643/3270/5
usemtl arcade/trench/matrix
f  2643/3269/6  2640/3268/6  2641/3267/6  2642/3266/6

o entity0_brush331
usemtl posters/moonshotarcade
f  2644/3278/1  2645/3279/1  2646/3280/1  2647/3281/1
usemtl posters/moonshotarcade
f  2648/3282/3  2646/3283/3  2645/3284/3  2649/3285/3
usemtl posters/moonshotarcade
f  2649/3286/4  2645/3287/4  2644/3288/4  2650/3289/4
usemtl posters/moonshotarcade
f  2651/3289/7  2647/3288/7  2646/3287/7  2648/3286/7
usemtl posters/moonshotarcade
f  2650/3285/5  2644/3284/5  2647/3283/5  2651/3282/5
usemtl posters/moonshotarcade
f  2651/3281/6  2648/3280/6  2649/3279/6  2650/3278/6

o entity0_brush332
usemtl pics/robotguy
f  2652/3290/1  2653/3291/1  2654/3292/1  2655/3293/1
usemtl pics/robotguy
f  2656/3294/3  2654/3295/3  2653/3296/3  2657/3297/3
usemtl pics/robotguy
f  2657/3298/4  2653/3299/4  2652/3300/4  2658/3301/4
usemtl pics/robotguy
f  2659/3301/7  2655/3300/7  2654/3299/7  2656/3298/7
usemtl pics/robotguy
f  2658/3297/5  2652/3296/5  2655/3295/5  2659/3294/5
usemtl pics/robotguy
f  2659/3293/6  2656/3292/6  2657/3291/6  2658/3290/6

o entity0_brush333
usemtl clean/walkwaybiglawyerbuild
f  2660/3302/1  2661/3303/1  2662/3304/1  2663/3305/1
usemtl clean/walkwaybiglawyerbuild
f  2664/3306/3  2662/3307/3  2661/3308/3  2665/3309/3
usemtl clean/walkwaybiglawyerbuild
f  2665/3310/4  2661/3311/4  2660/3312/4  2666/3313/4
usemtl clean/walkwaybiglawyerbuild
f  2667/3313/7  2663/3312/7  2662/3311/7  2664/3310/7
usemtl clean/walkwaybiglawyerbuild
f  2666/3309/5  2660/3308/5  2663/3307/5  2667/3306/5
usemtl clean/walkwaybiglawyerbuild
f  2667/3314/6  2664/3315/6  2665/3316/6  2666/3317/6

o entity0_brush334
usemtl clean/walkwaybiglawyerbuild
f  2668/3318/1  2669/3319/1  2670/3320/1  2671/3321/1
usemtl clean/walkwaybiglawyerbuild
f  2672/3322/3  2670/3323/3  2669/3324/3  2673/3325/3
usemtl clean/walkwaybiglawyerbuild
f  2673/3326/4  2669/3327/4  2668/3328/4  2674/3329/4
usemtl clean/walkwaybiglawyerbuild
f  2675/3329/7  2671/3328/7  2670/3327/7  2672/3326/7
usemtl clean/walkwaybiglawyerbuild
f  2674/3325/5  2668/3324/5  2671/3323/5  2675/3322/5
usemtl clean/walkwaybiglawyerbuild
f  2675/3321/6  2672/3320/6  2673/3319/6  2674/3318/6

o entity0_brush335
usemtl clean/metalgrid
f  2676/3330/1  2677/3331/1  2678/3332/1  2679/3333/1
usemtl clean/metalgrid
f  2680/3334/3  2678/3335/3  2677/3336/3  2681/3337/3
usemtl clean/metalgrid
f  2681/3338/4  2677/3339/4  2676/3340/4  2682/3341/4
usemtl clean/metalgrid
f  2683/3341/7  2679/3340/7  2678/3339/7  2680/3338/7
usemtl clean/metalgrid
f  2682/3337/5  2676/3336/5  2679/3335/5  2683/3334/5
usemtl clean/metalgrid
f  2683/3333/6  2680/3332/6  2681/3331/6  2682/3330/6

o entity0_brush336
usemtl clean/metalgrid
f  2684/3342/1  2685/3343/1  2686/3344/1  2687/3345/1
usemtl clean/metalgrid
f  2688/3346/3  2686/3347/3  2685/3348/3  2689/3349/3
usemtl clean/metalgrid
f  2689/3350/4  2685/3351/4  2684/3352/4  2690/3353/4
usemtl clean/metalgrid
f  2691/3353/7  2687/3352/7  2686/3351/7  2688/3350/7
usemtl clean/metalgrid
f  2690/3349/5  2684/3348/5  2687/3347/5  2691/3346/5
usemtl clean/metalgrid
f  2691/3345/6  2688/3344/6  2689/3343/6  2690/3342/6

o entity0_brush337
usemtl arcade/trench/artdeco
f  2692/3354/1  2693/3355/1  2694/3356/1  2695/3357/1
usemtl arcade/trench/artdeco
f  2696/3358/3  2694/3359/3  2693/3360/3  2697/3361/3
usemtl arcade/trench/artdeco
f  2697/3362/4  2693/3363/4  2692/3364/4  2698/3365/4
usemtl arcade/trench/artdeco
f  2699/3365/7  2695/3364/7  2694/3363/7  2696/3362/7
usemtl arcade/trench/artdeco
f  2698/3361/5  2692/3360/5  2695/3359/5  2699/3358/5
usemtl arcade/trench/arcade_carpet_512
f  2699/3366/6  2696/3367/6  2697/3368/6  2698/3369/6

o entity0_brush338
usemtl arcade/trench/arcade_carpet_512
f  2700/3370/1  2701/3371/1  2702/3367/1  2703/3372/1
usemtl arcade/trench/artdeco
f  2704/3373/3  2702/3358/3  2701/3374/3  2705/3375/3
usemtl arcade/trench/artdeco
f  2705/3376/4  2701/3362/4  2700/3377/4  2706/3378/4
usemtl arcade/trench/artdeco
f  2707/3378/7  2703/3377/7  2702/3362/7  2704/3376/7
usemtl arcade/trench/arcade_carpet_512
f  2706/3379/5  2700/3380/5  2703/3381/5  2707/3382/5
usemtl arcade/trench/arcade_carpet_512
f  2707/3372/6  2704/3367/6  2705/3371/6  2706/3370/6

o entity0_brush339
usemtl arcade/trench/arcade_carpet_512
f  2708/3383/1  2709/3384/1  2710/3385/1  2711/3386/1
usemtl arcade/trench/arcade_carpet_512
f  2712/3387/3  2710/3388/3  2709/3389/3  2713/3390/3
usemtl arcade/trench/arcade_carpet_512
f  2713/3391/4  2709/3392/4  2708/3393/4  2714/3394/4
usemtl arcade/trench/arcade_carpet_512
f  2715/3394/7  2711/3393/7  2710/3392/7  2712/3391/7
usemtl arcade/trench/arcade_carpet_512
f  2714/3390/5  2708/3389/5  2711/3388/5  2715/3387/5
usemtl arcade/trench/arcade_carpet_512
f  2715/3383/6  2712/3384/6  2713/3395/6  2714/3396/6

o entity0_brush340
usemtl arcade/trench/arcade_carpet_512
f  2716/3383/1  2717/3397/1  2718/3398/1  2719/3386/1
usemtl arcade/trench/arcade_carpet_512
f  2720/3379/3  2718/3380/3  2717/3399/3  2721/3388/3
usemtl arcade/trench/arcade_carpet_512
f  2721/3400/4  2717/3401/4  2716/3402/4  2722/3393/4
usemtl arcade/trench/arcade_carpet_512
f  2723/3393/7  2719/3402/7  2718/3401/7  2720/3400/7
usemtl arcade/trench/arcade_carpet_512
f  2722/3389/5  2716/3235/5  2719/3399/5  2723/3388/5
usemtl arcade/trench/arcade_carpet_512
f  2723/3386/6  2720/3398/6  2721/3397/6  2722/3383/6

o entity0_brush341
usemtl arcade/trench/arcade_carpet_512
f  2724/3403/1  2725/3384/1  2726/3385/1  2727/3370/1
usemtl arcade/trench/arcade_carpet_512
f  2728/3388/3  2726/3399/3  2725/3235/3  2729/3389/3
usemtl arcade/trench/arcade_carpet_512
f  2729/3392/4  2725/3404/4  2724/3405/4  2730/3406/4
usemtl arcade/trench/arcade_carpet_512
f  2731/3406/7  2727/3405/7  2726/3404/7  2728/3392/7
usemtl arcade/trench/arcade_carpet_512
f  2730/3388/5  2724/3399/5  2727/3380/5  2731/3379/5
usemtl arcade/trench/arcade_carpet_512
f  2731/3370/6  2728/3385/6  2729/3384/6  2730/3403/6

o entity0_brush342
usemtl arcade/trench/arcade_carpet_512
f  2732/3396/1  2733/3407/1  2734/3408/1  2735/3409/1
usemtl arcade/trench/arcade2
f  2736/3410/3  2734/3411/3  2733/3412/3  2737/3413/3
usemtl arcade/trench/arcade2
f  2737/3414/4  2733/3415/4  2732/3416/4  2738/3417/4
usemtl arcade/trench/arcade2
f  2739/3417/7  2735/3416/7  2734/3415/7  2736/3414/7
usemtl arcade/trench/arcade2
f  2738/3413/5  2732/3412/5  2735/3411/5  2739/3410/5
usemtl arcade/trench/arcade2
f  2739/3418/6  2736/3419/6  2737/3420/6  2738/3421/6

o entity0_brush343
usemtl arcade/trench/arcade2
f  2740/3421/1  2741/3420/1  2742/3419/1  2743/3418/1
usemtl arcade/trench/arcade2
f  2744/3422/3  2742/3423/3  2741/3424/3  2745/3425/3
usemtl arcade/trench/arcade2
f  2745/3426/4  2741/3427/4  2740/3428/4  2746/3429/4
usemtl arcade/trench/arcade2
f  2747/3429/7  2743/3428/7  2742/3427/7  2744/3426/7
usemtl arcade/trench/arcade2
f  2746/3425/5  2740/3424/5  2743/3423/5  2747/3422/5
usemtl arcade/trench/arcade_carpet_512
f  2747/3409/6  2744/3408/6  2745/3407/6  2746/3396/6

o entity0_brush344
usemtl arcade/trench/arcade_carpet_512
f  2748/3396/1  2749/3430/1  2750/3431/1  2751/3409/1
usemtl arcade/trench/arcade_carpet_512
f  2752/3432/3  2750/3433/3  2749/3235/3  2753/3389/3
usemtl arcade/trench/arcade2
f  2753/3434/4  2749/3435/4  2748/3429/4  2754/3416/4
usemtl arcade/trench/arcade2
f  2755/3416/7  2751/3429/7  2750/3435/7  2752/3434/7
usemtl arcade/trench/arcade2
f  2754/3412/5  2748/3425/5  2751/3422/5  2755/3411/5
usemtl arcade/trench/arcade_carpet_512
f  2755/3409/6  2752/3431/6  2753/3430/6  2754/3396/6

o entity0_brush345
usemtl arcade/trench/arcade_carpet_512
f  2756/3436/1  2757/3437/1  2758/3408/1  2759/3431/1
usemtl arcade/trench/arcade2
f  2760/3411/3  2758/3422/3  2757/3438/3  2761/3439/3
usemtl arcade/trench/arcade_carpet_512
f  2761/3440/4  2757/3441/4  2756/3401/4  2762/3400/4
usemtl arcade/trench/arcade2
f  2763/3434/7  2759/3435/7  2758/3426/7  2760/3415/7
usemtl arcade/trench/arcade_carpet_512
f  2762/3442/5  2756/3443/5  2759/3433/5  2763/3432/5
usemtl arcade/trench/arcade_carpet_512
f  2763/3431/6  2760/3408/6  2761/3437/6  2762/3436/6

o entity0_brush346
usemtl arcade/trench/arcade_carpet_512
f  2764/3430/1  2765/3407/1  2766/3444/1  2767/3397/1
usemtl arcade/trench/arcade2
f  2768/3445/3  2766/3446/3  2765/3425/3  2769/3412/3
usemtl arcade/trench/arcade2
f  2769/3415/4  2765/3426/4  2764/3435/4  2770/3434/4
usemtl arcade/trench/arcade_carpet_512
f  2771/3400/7  2767/3401/7  2766/3441/7  2768/3440/7
usemtl arcade/trench/arcade_carpet_512
f  2770/3389/5  2764/3235/5  2767/3399/5  2771/3388/5
usemtl arcade/trench/arcade_carpet_512
f  2771/3397/6  2768/3444/6  2769/3407/6  2770/3430/6

o entity0_brush347
usemtl arcade/trench/artdeco
f  2772/3447/1  2773/3448/1  2774/2071/1  2775/2072/1
usemtl arcade/trench/artdeco
f  2776/2073/3  2774/2074/3  2773/3449/3  2777/3450/3
usemtl arcade/trench/artdeco
f  2777/2077/4  2773/2078/4  2772/2079/4  2778/2080/4
usemtl arcade/trench/artdeco
f  2779/2080/7  2775/2079/7  2774/2078/7  2776/2077/7
usemtl arcade/trench/artdeco
f  2778/3450/5  2772/3449/5  2775/2074/5  2779/2073/5
usemtl arcade/trench/artdeco
f  2779/2072/6  2776/2071/6  2777/3448/6  2778/3447/6

o entity0_brush348
usemtl arcade/trench/arcade_carpet_512
f  2780/3451/1  2781/3452/1  2782/3453/1  2783/3454/1
usemtl arcade/trench/arcade_carpet_512
f  2784/3455/3  2782/3456/3  2781/3457/3  2785/3458/3
usemtl arcade/trench/arcade_carpet_512
f  2785/3459/4  2781/3460/4  2780/3461/4  2786/3462/4
usemtl arcade/trench/arcade_carpet_512
f  2787/3462/7  2783/3461/7  2782/3460/7  2784/3459/7
usemtl arcade/trench/arcade_carpet_512
f  2786/3458/5  2780/3457/5  2783/3456/5  2787/3455/5
usemtl arcade/trench/arcade_carpet_512
f  2787/3454/6  2784/3453/6  2785/3452/6  2786/3451/6

o entity0_brush349
usemtl arcade/trench/arcade_carpet_512
f  2788/3463/1  2789/3451/1  2790/3454/1  2791/3464/1
usemtl arcade/trench/arcade_carpet_512
f  2792/3465/3  2790/3455/3  2789/3458/3  2793/3466/3
usemtl arcade/trench/arcade_carpet_512
f  2793/3467/4  2789/3462/4  2788/3468/4  2794/3469/4
usemtl arcade/trench/arcade_carpet_512
f  2795/3469/7  2791/3468/7  2790/3462/7  2792/3467/7
usemtl arcade/trench/arcade_carpet_512
f  2794/3466/5  2788/3458/5  2791/3455/5  2795/3465/5
usemtl arcade/trench/arcade_carpet_512
f  2795/3464/6  2792/3454/6  2793/3451/6  2794/3463/6

o entity0_brush350
usemtl arcade/trench/brick
f  2796/3470/1  2797/3471/1  2798/3472/1  2799/3473/1
usemtl arcade/trench/brick
f  2800/3474/3  2798/3475/3  2797/3476/3  2801/3477/3
usemtl arcade/trench/brick
f  2801/3478/4  2797/3479/4  2796/3480/4  2802/3481/4
usemtl arcade/trench/brick
f  2803/3481/7  2799/3480/7  2798/3479/7  2800/3478/7
usemtl arcade/trench/brick
f  2802/3482/5  2796/3483/5  2799/3484/5  2803/3485/5
usemtl arcade/trench/halo3
f  2803/3486/6  2800/3487/6  2801/3488/6  2802/3489/6

o entity0_brush351
usemtl arcade/trench/halo3
f  2804/3489/1  2805/3490/1  2806/3491/1  2807/3486/1
usemtl arcade/trench/halo3
f  2808/3492/3  2806/3493/3  2805/3494/3  2809/3495/3
usemtl arcade/trench/brick
f  2809/3496/4  2805/3497/4  2804/3481/4  2810/3498/4
usemtl arcade/trench/brick
f  2811/3498/7  2807/3481/7  2806/3497/7  2808/3496/7
usemtl arcade/trench/brick
f  2810/3499/5  2804/3482/5  2807/3485/5  2811/3500/5
usemtl arcade/trench/brick
f  2811/3501/6  2808/3502/6  2809/3503/6  2810/3504/6

o entity0_brush352
usemtl arcade/trench/halo3
f  2812/3505/1  2813/3488/1  2814/3487/1  2815/3506/1
usemtl arcade/trench/brick
f  2816/3507/3  2814/3474/3  2813/3477/3  2817/3508/3
usemtl arcade/trench/brick
f  2817/3509/4  2813/3478/4  2812/3510/4  2818/3511/4
usemtl arcade/trench/brick
f  2819/3511/7  2815/3510/7  2814/3478/7  2816/3509/7
usemtl arcade/trench/halo3
f  2818/3495/5  2812/3494/5  2815/3493/5  2819/3492/5
usemtl arcade/trench/brick
f  2819/3512/6  2816/3513/6  2817/3514/6  2818/3515/6

o entity0_brush353
usemtl arcade/trench/halo3
f  2820/3516/1  2821/3517/1  2822/3506/1  2823/3491/1
usemtl arcade/trench/halo3
f  2824/3492/3  2822/3493/3  2821/3518/3  2825/3519/3
usemtl arcade/trench/halo3
f  2825/3520/4  2821/3521/4  2820/3522/4  2826/3523/4
usemtl arcade/trench/brick
f  2827/3496/7  2823/3497/7  2822/3510/7  2824/3511/7
usemtl arcade/trench/halo3
f  2826/3519/5  2820/3518/5  2823/3493/5  2827/3492/5
usemtl arcade/trench/brick
f  2827/3502/6  2824/3512/6  2825/3524/6  2826/3525/6

o entity0_brush354
usemtl arcade/trench/halo3
f  2828/3490/1  2829/3505/1  2830/3526/1  2831/3527/1
usemtl arcade/trench/halo3
f  2832/3528/3  2830/3529/3  2829/3494/3  2833/3495/3
usemtl arcade/trench/brick
f  2833/3511/4  2829/3510/4  2828/3497/4  2834/3496/4
usemtl arcade/trench/halo3
f  2835/3523/7  2831/3522/7  2830/3521/7  2832/3520/7
usemtl arcade/trench/halo3
f  2834/3495/5  2828/3494/5  2831/3529/5  2835/3528/5
usemtl arcade/trench/brick
f  2835/3530/6  2832/3531/6  2833/3515/6  2834/3503/6

o entity0_brush355
usemtl brick_medieval
f  2836/3532/1  2837/3533/1  2838/3534/1  2839/3535/1
usemtl brick_medieval
f  2840/3536/3  2838/3537/3  2837/3538/3  2841/3539/3
usemtl brick_medieval
f  2841/3540/4  2837/3541/4  2836/3542/4  2842/3543/4
usemtl brick_medieval
f  2843/3543/7  2839/3542/7  2838/3541/7  2840/3540/7
usemtl brick_medieval
f  2842/3539/5  2836/3538/5  2839/3537/5  2843/3536/5
usemtl brick_medieval
f  2843/3535/6  2840/3534/6  2841/3533/6  2842/3532/6

o entity0_brush356
usemtl brick_medieval
f  2844/3544/1  2845/3532/1  2846/3545/1  2847/3546/1
usemtl brick_medieval
f  2848/3547/3  2846/3548/3  2845/3538/3  2849/3549/3
usemtl brick_medieval
f  2849/3550/4  2845/3542/4  2844/3551/4  2850/3552/4
usemtl brick_medieval
f  2851/3552/7  2847/3551/7  2846/3542/7  2848/3550/7
usemtl brick_medieval
f  2850/3549/5  2844/3538/5  2847/3548/5  2851/3547/5
usemtl brick_medieval
f  2851/3546/6  2848/3545/6  2849/3532/6  2850/3544/6

o entity0_brush357
usemtl terminals/terminal
f  2852/3553/1  2853/3554/1  2854/3555/1  2855/3556/1
usemtl terminals/terminal
f  2856/3557/3  2854/3558/3  2853/3559/3  2857/3560/3
usemtl terminals/terminal
f  2857/3561/4  2853/3562/4  2852/3563/4  2858/3564/4
usemtl terminals/terminal
f  2859/3564/7  2855/3563/7  2854/3562/7  2856/3561/7
usemtl terminals/terminal
f  2858/3560/5  2852/3559/5  2855/3558/5  2859/3557/5
usemtl terminals/terminal
f  2859/3556/6  2856/3555/6  2857/3554/6  2858/3553/6

o entity0_brush358
usemtl arcade/trench/trimsheet
f  2860/3565/1  2861/3566/1  2862/3567/1  2863/3568/1
usemtl arcade/trench/trimsheet
f  2864/3569/3  2862/3570/3  2861/3571/3  2865/3572/3
usemtl arcade/trench/trimsheet
f  2865/3573/4  2861/3574/4  2860/3575/4  2866/3576/4
usemtl arcade/trench/trimsheet
f  2867/3576/7  2863/3575/7  2862/3574/7  2864/3573/7
usemtl arcade/trench/trimsheet
f  2866/3572/5  2860/3571/5  2863/3570/5  2867/3569/5
usemtl arcade/trench/trimsheet
f  2867/3568/6  2864/3567/6  2865/3566/6  2866/3565/6

o entity0_brush359
usemtl arcade/trench/soviet
f  2868/3577/1  2869/3578/1  2870/3579/1  2871/3580/1
usemtl arcade/trench/soviet
f  2872/3581/3  2870/3582/3  2869/3583/3  2873/3584/3
usemtl arcade/trench/soviet
f  2873/3585/4  2869/3586/4  2868/3587/4  2874/3588/4
usemtl arcade/trench/soviet
f  2875/3588/7  2871/3587/7  2870/3586/7  2872/3585/7
usemtl arcade/trench/soviet
f  2874/3584/5  2868/3583/5  2871/3582/5  2875/3581/5
usemtl arcade/trench/soviet
f  2875/3580/6  2872/3579/6  2873/3578/6  2874/3577/6

o entity0_brush360
usemtl arcade/trench/soviet
f  2876/3589/1  2877/3590/1  2878/3591/1  2879/3592/1
usemtl arcade/trench/soviet
f  2880/3593/3  2878/3594/3  2877/3595/3  2881/3596/3
usemtl arcade/trench/soviet
f  2881/3597/4  2877/3598/4  2876/3599/4  2882/3600/4
usemtl arcade/trench/soviet
f  2883/3600/7  2879/3599/7  2878/3598/7  2880/3597/7
usemtl arcade/trench/soviet
f  2882/3596/5  2876/3595/5  2879/3594/5  2883/3593/5
usemtl arcade/trench/soviet
f  2883/3592/6  2880/3591/6  2881/3590/6  2882/3589/6

o entity0_brush361
usemtl arcade/trench/soviet
f  2884/3601/1  2885/3602/1  2886/3591/1  2887/3592/1
usemtl arcade/trench/soviet
f  2888/3593/3  2886/3594/3  2885/3603/3  2889/3604/3
usemtl arcade/trench/soviet
f  2889/3597/4  2885/3598/4  2884/3599/4  2890/3600/4
usemtl arcade/trench/soviet
f  2891/3600/7  2887/3599/7  2886/3598/7  2888/3597/7
usemtl arcade/trench/soviet
f  2890/3604/5  2884/3603/5  2887/3594/5  2891/3593/5
usemtl arcade/trench/soviet
f  2891/3592/6  2888/3591/6  2889/3602/6  2890/3601/6

o entity0_brush362
usemtl arcade/trench/soviet
f  2892/3605/1  2893/3606/1  2894/3591/1  2895/3592/1
usemtl arcade/trench/soviet
f  2896/3593/3  2894/3594/3  2893/3607/3  2897/3608/3
usemtl arcade/trench/soviet
f  2897/3597/4  2893/3598/4  2892/3599/4  2898/3600/4
usemtl arcade/trench/soviet
f  2899/3600/7  2895/3599/7  2894/3598/7  2896/3597/7
usemtl arcade/trench/soviet
f  2898/3608/5  2892/3607/5  2895/3594/5  2899/3593/5
usemtl arcade/trench/soviet
f  2899/3592/6  2896/3591/6  2897/3606/6  2898/3605/6

o entity0_brush363
usemtl arcade/trench/soviet
f  2900/3609/1  2901/3610/1  2902/3611/1  2903/3612/1
usemtl arcade/trench/soviet
f  2904/3593/3  2902/3613/3  2901/3614/3  2905/3604/3
usemtl arcade/trench/soviet
f  2905/3615/4  2901/3616/4  2900/3617/4  2906/3618/4
usemtl arcade/trench/soviet
f  2907/3618/7  2903/3617/7  2902/3616/7  2904/3615/7
usemtl arcade/trench/soviet
f  2906/3604/5  2900/3614/5  2903/3613/5  2907/3593/5
usemtl arcade/trench/soviet
f  2907/3612/6  2904/3611/6  2905/3610/6  2906/3609/6

o entity0_brush364
usemtl arcade/trench/soviet
f  2908/3619/1  2909/3620/1  2910/3611/1  2911/3612/1
usemtl arcade/trench/soviet
f  2912/3593/3  2910/3613/3  2909/3621/3  2913/3596/3
usemtl arcade/trench/soviet
f  2913/3615/4  2909/3616/4  2908/3617/4  2914/3618/4
usemtl arcade/trench/soviet
f  2915/3618/7  2911/3617/7  2910/3616/7  2912/3615/7
usemtl arcade/trench/soviet
f  2914/3596/5  2908/3621/5  2911/3613/5  2915/3593/5
usemtl arcade/trench/soviet
f  2915/3612/6  2912/3611/6  2913/3620/6  2914/3619/6

o entity0_brush365
usemtl arcade/trench/testhouse
f  2916/3622/1  2917/3623/1  2918/3624/1  2919/3625/1
usemtl arcade/trench/stone
f  2920/3626/3  2918/3627/3  2917/3628/3  2921/3629/3
usemtl arcade/trench/stone
f  2921/3630/4  2917/3631/4  2916/3632/4  2922/3633/4
usemtl arcade/trench/testhouse
f  2923/3634/7  2919/3635/7  2918/3636/7  2920/3637/7
usemtl arcade/trench/testhouse
f  2922/3638/5  2916/3639/5  2919/3640/5  2923/3641/5
usemtl arcade/trench/stone
f  2923/3642/6  2920/3643/6  2921/3644/6  2922/3645/6

o entity0_brush366
usemtl arcade/trench/testhouse
f  2924/3646/1  2925/3647/1  2926/3648/1  2927/3624/1
usemtl arcade/trench/stone
f  2928/3626/3  2926/3627/3  2925/3632/3  2929/3633/3
usemtl arcade/trench/stone
f  2929/3649/4  2925/3650/4  2924/3631/4  2930/3630/4
usemtl arcade/trench/testhouse
f  2931/3637/7  2927/3636/7  2926/3651/7  2928/3652/7
usemtl arcade/trench/stone
f  2930/3633/5  2924/3632/5  2927/3627/5  2931/3626/5
usemtl arcade/trench/stone
f  2931/3643/6  2928/3653/6  2929/3654/6  2930/3655/6

o entity0_brush367
usemtl arcade/trench/stone
f  2932/3656/1  2933/3657/1  2934/3658/1  2935/3659/1
usemtl arcade/trench/stone
f  2936/3660/3  2934/3661/3  2933/3662/3  2937/3663/3
usemtl arcade/trench/stone
f  2937/3664/4  2933/3665/4  2932/3666/4  2938/3667/4
usemtl arcade/trench/stone
f  2939/3667/7  2935/3666/7  2934/3665/7  2936/3664/7
usemtl arcade/trench/stone
f  2938/3663/5  2932/3662/5  2935/3661/5  2939/3660/5
usemtl arcade/trench/stone
f  2939/3659/6  2936/3658/6  2937/3657/6  2938/3656/6

o entity0_brush368
usemtl arcade/trench/soviet
f  2940/3668/1  2941/3669/1  2942/3611/1  2943/3670/1
usemtl arcade/trench/soviet
f  2944/3671/3  2942/3613/3  2941/3672/3  2945/3673/3
usemtl arcade/trench/stone
f  2945/3674/4  2941/3675/4  2940/3676/4  2946/3677/4
usemtl arcade/trench/soviet
f  2947/3678/7  2943/3679/7  2942/3616/7  2944/3680/7
usemtl arcade/trench/stone
f  2946/3681/5  2940/3682/5  2943/3683/5  2947/3684/5
usemtl arcade/trench/stone
f  2947/3685/6  2944/3686/6  2945/3687/6  2946/3688/6

o entity0_brush369
usemtl arcade/trench/soviet
f  2948/3689/1  2949/3690/1  2950/3670/1  2951/3612/1
usemtl arcade/trench/stone
f  2952/3684/3  2950/3683/3  2949/3691/3  2953/3692/3
usemtl arcade/trench/stone
f  2953/3677/4  2949/3676/4  2948/3693/4  2954/3694/4
usemtl arcade/trench/soviet
f  2955/3695/7  2951/3617/7  2950/3679/7  2952/3678/7
usemtl arcade/trench/soviet
f  2954/3696/5  2948/3697/5  2951/3613/5  2955/3671/5
usemtl arcade/trench/stone
f  2955/3698/6  2952/3685/6  2953/3699/6  2954/3700/6

o entity0_brush370
usemtl arcade/trench/stone
f  2956/3701/1  2957/3702/1  2958/3703/1  2959/3653/1
usemtl arcade/trench/testhouse
f  2960/3641/3  2958/3704/3  2957/3705/3  2961/3638/3
usemtl arcade/trench/stone
f  2961/3706/4  2957/3707/4  2956/3708/4  2962/3709/4
usemtl arcade/trench/testhouse
f  2963/3652/7  2959/3710/7  2958/3711/7  2960/3712/7
usemtl arcade/trench/stone
f  2962/3629/5  2956/3713/5  2959/3714/5  2963/3626/5
usemtl arcade/trench/stone
f  2963/3653/6  2960/3703/6  2961/3702/6  2962/3701/6

o entity0_brush371
usemtl arcade/trench/testhouse
f  2964/3715/1  2965/3716/1  2966/3717/1  2967/3648/1
usemtl arcade/trench/stone
f  2968/3718/3  2966/3719/3  2965/3682/3  2969/3681/3
usemtl arcade/trench/stone
f  2969/3720/4  2965/3721/4  2964/3722/4  2970/3708/4
usemtl arcade/trench/testhouse
f  2971/3710/7  2967/3651/7  2966/3723/7  2968/3724/7
usemtl arcade/trench/stone
f  2970/3713/5  2964/3628/5  2967/3627/5  2971/3714/5
usemtl arcade/trench/stone
f  2971/3653/6  2968/3725/6  2969/3726/6  2970/3701/6

o entity0_brush372
usemtl arcade/trench/testhouse
f  2972/3727/1  2973/3728/1  2974/3729/1  2975/3717/1
usemtl arcade/trench/testhouse
f  2976/3704/3  2974/3640/3  2973/3730/3  2977/3731/3
usemtl arcade/trench/stone
f  2977/3707/4  2973/3732/4  2972/3721/4  2978/3720/4
usemtl arcade/trench/testhouse
f  2979/3724/7  2975/3723/7  2974/3733/7  2976/3711/7
usemtl arcade/trench/stone
f  2978/3692/5  2972/3691/5  2975/3719/5  2979/3718/5
usemtl arcade/trench/stone
f  2979/3725/6  2976/3703/6  2977/3734/6  2978/3735/6

o entity0_brush373
usemtl clean/metalgrid
f  2980/3736/1  2981/3737/1  2982/3738/1  2983/3739/1
usemtl clean/metalgrid
f  2984/3740/3  2982/3741/3  2981/3742/3  2985/3743/3
usemtl clean/metalgrid
f  2985/3744/4  2981/3745/4  2980/3746/4  2986/3747/4
usemtl clean/metalgrid
f  2987/3747/7  2983/3746/7  2982/3745/7  2984/3744/7
usemtl clean/metalgrid
f  2986/3743/5  2980/3742/5  2983/3741/5  2987/3740/5
usemtl clean/metalgrid
f  2987/3739/6  2984/3738/6  2985/3737/6  2986/3736/6

o entity0_brush374
usemtl arcade/trench/testhouse
f  2988/3748/1  2989/3749/1  2990/3750/1  2991/3751/1
usemtl arcade/trench/testhouse
f  2992/3752/3  2990/3753/3  2989/3754/3  2993/3755/3
usemtl arcade/trench/testhouse
f  2993/3756/4  2989/3757/4  2988/3758/4  2994/3710/4
usemtl arcade/trench/testhouse
f  2995/3710/7  2991/3758/7  2990/3757/7  2992/3756/7
usemtl arcade/trench/testhouse
f  2994/3755/5  2988/3754/5  2991/3753/5  2995/3752/5
usemtl arcade/trench/testhouse
f  2995/3751/6  2992/3750/6  2993/3749/6  2994/3748/6

o entity0_brush375
usemtl arcade/trench/testhouse
f  2996/3759/1  2997/3760/1  2998/3761/1  2999/3762/1
usemtl arcade/trench/testhouse
f  3000/3763/3  2998/3764/3  2997/3765/3  3001/3766/3
usemtl arcade/trench/testhouse
f  3001/3767/4  2997/3768/4  2996/3769/4  3002/3770/4
usemtl arcade/trench/testhouse
f  3003/3770/7  2999/3769/7  2998/3768/7  3000/3767/7
usemtl arcade/trench/testhouse
f  3002/3766/5  2996/3765/5  2999/3764/5  3003/3763/5
usemtl arcade/trench/testhouse
f  3003/3762/6  3000/3761/6  3001/3760/6  3002/3759/6

o entity0_brush376
usemtl arcade/trench/testhouse
f  3004/3771/1  3005/3772/1  3006/3773/1  3007/3774/1
usemtl arcade/trench/soviet
f  3008/3593/3  3006/3775/3  3005/3776/3  3009/3608/3
usemtl arcade/trench/stone
f  3009/3777/4  3005/3778/4  3004/3706/4  3010/3779/4
usemtl arcade/trench/soviet
f  3011/3780/7  3007/3781/7  3006/3782/7  3008/3615/7
usemtl arcade/trench/soviet
f  3010/3783/5  3004/3784/5  3007/3785/5  3011/3786/5
usemtl arcade/trench/soviet
f  3011/3787/6  3008/3611/6  3009/3669/6  3010/3788/6

o entity0_brush377
usemtl arcade/trench/stone
f  3012/3702/1  3013/3789/1  3014/3698/1  3015/3790/1
usemtl arcade/trench/testhouse
f  3016/3791/3  3014/3792/3  3013/3793/3  3017/3794/3
usemtl arcade/trench/stone
f  3017/3795/4  3013/3694/4  3012/3707/4  3018/3706/4
usemtl arcade/trench/soviet
f  3019/3781/7  3015/3796/7  3014/3695/7  3016/3797/7
usemtl arcade/trench/soviet
f  3018/3784/5  3012/3673/5  3015/3671/5  3019/3785/5
usemtl arcade/trench/testhouse
f  3019/3774/6  3016/3798/6  3017/3799/6  3018/3771/6

o entity0_brush378
usemtl arcade/trench/stone
f  3020/3800/1  3021/3687/1  3022/3686/1  3023/3801/1
usemtl arcade/trench/soviet
f  3024/3775/3  3022/3671/3  3021/3673/3  3025/3776/3
usemtl arcade/trench/stone
f  3025/3778/4  3021/3674/4  3020/3802/4  3026/3803/4
usemtl arcade/trench/soviet
f  3027/3804/7  3023/3805/7  3022/3680/7  3024/3782/7
usemtl arcade/trench/testhouse
f  3026/3794/5  3020/3793/5  3023/3792/5  3027/3791/5
usemtl arcade/trench/testhouse
f  3027/3806/6  3024/3773/6  3025/3772/6  3026/3807/6

o entity0_brush379
usemtl arcade/trench/stone
f  3028/3808/1  3029/3809/1  3030/3801/1  3031/3698/1
usemtl arcade/trench/testhouse
f  3032/3791/3  3030/3792/3  3029/3810/3  3033/3811/3
usemtl arcade/trench/testhouse
f  3033/3812/4  3029/3813/4  3028/3814/4  3034/3815/4
usemtl arcade/trench/soviet
f  3035/3797/7  3031/3695/7  3030/3805/7  3032/3804/7
usemtl arcade/trench/testhouse
f  3034/3811/5  3028/3810/5  3031/3792/5  3035/3791/5
usemtl arcade/trench/testhouse
f  3035/3798/6  3032/3806/6  3033/3816/6  3034/3817/6

o entity0_brush380
usemtl arcade/trench/stone
f  3036/3789/1  3037/3800/1  3038/3818/1  3039/3819/1
usemtl arcade/trench/testhouse
f  3040/3820/3  3038/3821/3  3037/3793/3  3041/3794/3
usemtl arcade/trench/stone
f  3041/3803/4  3037/3802/4  3036/3694/4  3042/3795/4
usemtl arcade/trench/testhouse
f  3043/3815/7  3039/3814/7  3038/3813/7  3040/3812/7
usemtl arcade/trench/testhouse
f  3042/3794/5  3036/3793/5  3039/3821/5  3043/3820/5
usemtl arcade/trench/testhouse
f  3043/3822/6  3040/3823/6  3041/3807/6  3042/3799/6

o entity0_brush381
usemtl clean/chainlink
f  3044/3824/1  3045/3825/1  3046/3826/1  3047/3827/1
usemtl clean/chainlink
f  3048/3828/3  3046/3829/3  3045/3830/3  3049/3831/3
usemtl clean/chainlink
f  3049/3832/4  3045/3833/4  3044/3834/4  3050/3835/4
usemtl clean/chainlink
f  3051/3835/7  3047/3834/7  3046/3833/7  3048/3832/7
usemtl clean/chainlink
f  3050/3831/5  3044/3830/5  3047/3829/5  3051/3828/5
usemtl clean/chainlink
f  3051/3827/6  3048/3826/6  3049/3825/6  3050/3824/6

o entity0_brush382
usemtl clean/metalgrid
f  3052/3836/1  3053/3837/1  3054/3838/1  3055/3839/1
usemtl arcade/trench/soviet
f  3056/3840/3  3054/3841/3  3053/3842/3  3057/3843/3
usemtl clean/metalgrid
f  3057/3844/4  3053/3845/4  3052/3846/4  3058/3847/4
usemtl arcade/trench/soviet
f  3059/3848/7  3055/3849/7  3054/3850/7  3056/3851/7
usemtl arcade/trench/soviet
f  3058/3843/5  3052/3842/5  3055/3841/5  3059/3840/5
usemtl arcade/trench/soviet
f  3059/3852/6  3056/3853/6  3057/3854/6  3058/3855/6

o entity0_brush383
usemtl arcade/trench/soviet
f  3060/3855/1  3061/3856/1  3062/3857/1  3063/3852/1
usemtl clean/metalgrid
f  3064/3858/3  3062/3859/3  3061/3860/3  3065/3861/3
usemtl clean/metalgrid
f  3065/3862/4  3061/3863/4  3060/3864/4  3066/3846/4
usemtl arcade/trench/soviet
f  3067/3849/7  3063/3865/7  3062/3866/7  3064/3867/7
usemtl arcade/trench/soviet
f  3066/3842/5  3060/3868/5  3063/3869/5  3067/3841/5
usemtl clean/metalgrid
f  3067/3839/6  3064/3870/6  3065/3871/6  3066/3836/6

o entity0_brush384
usemtl arcade/trench/soviet
f  3068/3872/1  3069/3854/1  3070/3853/1  3071/3873/1
usemtl arcade/trench/soviet
f  3072/3841/3  3070/3869/3  3069/3868/3  3073/3842/3
usemtl clean/metalgrid
f  3073/3845/4  3069/3874/4  3068/3875/4  3074/3876/4
usemtl arcade/trench/soviet
f  3075/3877/7  3071/3878/7  3070/3879/7  3072/3850/7
usemtl clean/metalgrid
f  3074/3861/5  3068/3860/5  3071/3859/5  3075/3858/5
usemtl clean/metalgrid
f  3075/3880/6  3072/3838/6  3073/3837/6  3074/3881/6

o entity0_brush385
usemtl arcade/trench/soviet
f  3076/3882/1  3077/3883/1  3078/3873/1  3079/3857/1
usemtl clean/metalgrid
f  3080/3858/3  3078/3859/3  3077/3884/3  3081/3885/3
usemtl clean/metalgrid
f  3081/3876/4  3077/3875/4  3076/3863/4  3082/3862/4
usemtl arcade/trench/soviet
f  3083/3867/7  3079/3866/7  3078/3878/7  3080/3877/7
usemtl clean/metalgrid
f  3082/3885/5  3076/3884/5  3079/3859/5  3083/3858/5
usemtl clean/metalgrid
f  3083/3870/6  3080/3880/6  3081/3886/6  3082/3887/6

o entity0_brush386
usemtl arcade/trench/stone
f  3084/3645/1  3085/3888/1  3086/3889/1  3087/3642/1
usemtl clean/metalgrid
f  3088/3890/3  3086/3891/3  3085/3892/3  3089/3860/3
usemtl clean/metalgrid
f  3089/3863/4  3085/3893/4  3084/3894/4  3090/3895/4
usemtl arcade/trench/testhouse
f  3091/3896/7  3087/3634/7  3086/3897/7  3088/3898/7
usemtl arcade/trench/testhouse
f  3090/3899/5  3084/3638/5  3087/3641/5  3091/3900/5
usemtl arcade/trench/testhouse
f  3091/3625/6  3088/3901/6  3089/3902/6  3090/3622/6

o entity0_brush387
usemtl arcade/trench/stone
f  3092/3903/1  3093/3702/1  3094/3703/1  3095/3904/1
usemtl arcade/trench/testhouse
f  3096/3900/3  3094/3641/3  3093/3638/3  3097/3899/3
usemtl clean/metalgrid
f  3097/3905/4  3093/3906/4  3092/3907/4  3098/3875/4
usemtl arcade/trench/testhouse
f  3099/3908/7  3095/3909/7  3094/3712/7  3096/3910/7
usemtl clean/metalgrid
f  3098/3860/5  3092/3892/5  3095/3891/5  3099/3890/5
usemtl arcade/trench/testhouse
f  3099/3911/6  3096/3729/6  3097/3799/6  3098/3912/6

o entity0_brush388
usemtl arcade/trench/stone
f  3100/3913/1  3101/3914/1  3102/3904/1  3103/3889/1
usemtl clean/metalgrid
f  3104/3890/3  3102/3891/3  3101/3915/3  3105/3884/3
usemtl clean/metalgrid
f  3105/3875/4  3101/3907/4  3100/3893/4  3106/3863/4
usemtl arcade/trench/testhouse
f  3107/3898/7  3103/3897/7  3102/3909/7  3104/3908/7
usemtl clean/metalgrid
f  3106/3884/5  3100/3915/5  3103/3891/5  3107/3890/5
usemtl arcade/trench/testhouse
f  3107/3901/6  3104/3911/6  3105/3916/6  3106/3917/6

o entity0_brush389
usemtl clean/tunnel_road
f  3108/3918/1  3109/3919/1  3110/3920/1  3111/3921/1
usemtl clean/tunnel_road
f  3112/3922/3  3110/3923/3  3109/3924/3  3113/3925/3
usemtl clean/tunnel_road
f  3113/3926/4  3109/3927/4  3108/3928/4  3114/3929/4
usemtl clean/tunnel_road
f  3115/3929/7  3111/3928/7  3110/3927/7  3112/3926/7
usemtl clean/tunnel_road
f  3114/3925/5  3108/3924/5  3111/3923/5  3115/3922/5
usemtl clean/tunnel_road
f  3115/3921/6  3112/3920/6  3113/3919/6  3114/3918/6

o entity0_brush390
usemtl clean/metalgrid
f  3116/3930/1  3117/3931/1  3118/3932/1  3119/3933/1
usemtl clean/metalgrid
f  3120/3934/3  3118/3935/3  3117/3936/3  3121/3937/3
usemtl clean/metalgrid
f  3121/3938/4  3117/3939/4  3116/3940/4  3122/3941/4
usemtl clean/metalgrid
f  3123/3941/7  3119/3940/7  3118/3939/7  3120/3938/7
usemtl clean/metalgrid
f  3122/3937/5  3116/3936/5  3119/3935/5  3123/3934/5
usemtl clean/metalgrid
f  3123/3933/6  3120/3932/6  3121/3931/6  3122/3930/6

o entity0_brush391
usemtl arcade/trench/soviet
f  3124/3942/1  3125/3943/1  3126/3944/1  3127/3945/1
usemtl arcade/trench/soviet
f  3128/3946/3  3126/3947/3  3125/3948/3  3129/3949/3
usemtl arcade/trench/soviet
f  3129/3950/4  3125/3951/4  3124/3952/4  3130/3953/4
usemtl arcade/trench/soviet
f  3131/3953/7  3127/3952/7  3126/3951/7  3128/3950/7
usemtl arcade/trench/soviet
f  3130/3949/5  3124/3948/5  3127/3947/5  3131/3946/5
usemtl arcade/trench/soviet
f  3131/3945/6  3128/3944/6  3129/3943/6  3130/3942/6

o entity0_brush392
usemtl arcade/trench/fancywood
f  3132/3954/1  3133/3955/1  3134/3956/1  3135/3957/1
usemtl arcade/trench/fancywood
f  3136/3958/3  3134/3959/3  3133/3960/3  3137/3961/3
usemtl arcade/trench/fancywood
f  3137/3962/4  3133/3963/4  3132/3964/4  3138/3965/4
usemtl arcade/trench/fancywood
f  3139/3965/7  3135/3964/7  3134/3963/7  3136/3962/7
usemtl arcade/trench/fancywood
f  3138/3961/5  3132/3960/5  3135/3959/5  3139/3958/5
usemtl arcade/trench/fancywood
f  3139/3957/6  3136/3956/6  3137/3955/6  3138/3954/6

o entity0_brush393
usemtl arcade/trench/fancywood
f  3140/3956/137  3141/3957/137  3142/3954/137  3143/3955/137
usemtl arcade/trench/fancywood
f  3144/3961/138  3142/3960/138  3141/3959/138  3145/3958/138
usemtl arcade/trench/fancywood
f  3146/3966/4  3143/3967/4  3142/3968/4  3144/3969/4
usemtl arcade/trench/fancywood
f  3145/3969/7  3141/3968/7  3140/3967/7  3147/3966/7
usemtl arcade/trench/fancywood
f  3147/3970/139  3140/3959/139  3143/3960/139  3146/3971/139
usemtl arcade/trench/fancywood
f  3145/3957/140  3147/3956/140  3146/3955/140  3144/3954/140

o entity0_brush394
usemtl arcade/trench/brick
f  3148/3972/1  3149/3973/1  3150/3974/1  3151/3975/1
usemtl arcade/trench/brick
f  3152/3976/3  3150/3977/3  3149/3978/3  3153/3979/3
usemtl arcade/trench/brick
f  3153/3980/4  3149/3981/4  3148/3982/4  3154/3983/4
usemtl arcade/trench/brick
f  3155/3983/7  3151/3982/7  3150/3981/7  3152/3980/7
usemtl clean/stonydirt
f  3154/3984/5  3148/3985/5  3151/3986/5  3155/3987/5
usemtl arcade/trench/brick
f  3155/3975/6  3152/3974/6  3153/3973/6  3154/3972/6

o entity0_brush395
usemtl arcade/trench/testhouse
f  3156/3988/1  3157/3989/1  3158/3990/1  3159/3991/1
usemtl arcade/trench/testhouse
f  3160/3992/3  3158/3993/3  3157/3994/3  3161/3995/3
usemtl arcade/trench/testhouse
f  3161/3996/4  3157/3997/4  3156/3998/4  3162/3999/4
usemtl arcade/trench/testhouse
f  3163/3999/7  3159/3998/7  3158/3997/7  3160/3996/7
usemtl arcade/trench/testhouse
f  3162/3995/5  3156/3994/5  3159/3993/5  3163/3992/5
usemtl arcade/trench/testhouse
f  3163/3991/6  3160/3990/6  3161/3989/6  3162/3988/6

o entity0_brush396
usemtl arcade/trench/brick
f  3164/4000/1  3165/3972/1  3166/4001/1  3167/4002/1
usemtl clean/stonydirt
f  3168/4003/3  3166/4004/3  3165/3985/3  3169/3984/3
usemtl arcade/trench/brick
f  3169/3983/4  3165/3982/4  3164/4005/4  3170/4006/4
usemtl clean/stonydirt
f  3171/4007/7  3167/4008/7  3166/4009/7  3168/4010/7
usemtl clean/stonydirt
f  3170/3984/5  3164/3985/5  3167/4004/5  3171/4003/5
usemtl arcade/trench/brick
f  3171/4002/6  3168/4001/6  3169/3972/6  3170/4000/6

o entity0_brush397
usemtl arcade/trench/brick
f  3172/4011/1  3173/4012/1  3174/3975/1  3175/4013/1
usemtl clean/stonydirt
f  3176/4010/141  3173/4009/141  3172/4008/141  3177/4007/141
usemtl clean/stonydirt
f  3178/3987/3  3174/3986/3  3173/4014/3  3176/4015/3
usemtl arcade/trench/brick
f  3179/4006/7  3175/4005/7  3174/3982/7  3178/3983/7
usemtl clean/stonydirt
f  3177/4016/5  3172/4014/5  3175/3986/5  3179/3987/5
usemtl arcade/trench/brick
f  3177/4017/6  3179/4013/6  3178/3975/6  3176/4018/6

o entity0_brush398
usemtl arcade/trench/brick
f  3180/3973/1  3181/4019/1  3182/4020/1  3183/3974/1
usemtl arcade/trench/brick
f  3184/3976/3  3182/4021/3  3181/4022/3  3185/3979/3
usemtl arcade/trench/brick
f  3185/4023/4  3181/4024/4  3180/4025/4  3186/3980/4
usemtl arcade/trench/brick
f  3187/3980/7  3183/4025/7  3182/4024/7  3184/4023/7
usemtl arcade/trench/brick
f  3186/3979/5  3180/4022/5  3183/4021/5  3187/3976/5
usemtl arcade/trench/brick
f  3187/3974/6  3184/4020/6  3185/4019/6  3186/3973/6

o entity0_brush399
usemtl clean/stonydirt
f  3188/4026/1  3189/4027/1  3190/4028/1  3191/4029/1
usemtl clean/stonydirt
f  3192/4030/3  3190/4031/3  3189/4032/3  3193/4033/3
usemtl clean/stonydirt
f  3193/4034/4  3189/4035/4  3188/4036/4  3194/4037/4
usemtl clean/stonydirt
f  3195/4037/7  3191/4036/7  3190/4035/7  3192/4034/7
usemtl clean/stonydirt
f  3194/4033/5  3188/4032/5  3191/4031/5  3195/4030/5
usemtl clean/stonydirt
f  3195/4029/6  3192/4028/6  3193/4027/6  3194/4026/6

o entity0_brush400
usemtl arcade/trench/brick
f  3196/4038/1  3197/4000/1  3198/4039/1  3199/4040/1
usemtl clean/stonydirt
f  3200/4041/3  3198/4014/3  3197/3985/3  3201/3984/3
usemtl arcade/trench/brick
f  3201/4006/4  3197/4005/4  3196/4042/4  3202/4043/4
usemtl arcade/trench/brick
f  3203/4043/7  3199/4042/7  3198/4005/7  3200/4006/7
usemtl arcade/trench/brick
f  3202/3979/5  3196/3978/5  3199/4044/5  3203/4045/5
usemtl arcade/trench/brick
f  3203/4040/6  3200/4039/6  3201/4000/6  3202/4038/6

o entity0_brush401
usemtl electronics/electromech
f  3204/4046/1  3205/4047/1  3206/4048/1  3207/4049/1
usemtl electronics/electromech
f  3208/4050/3  3206/4051/3  3205/4052/3  3209/4053/3
usemtl electronics/electromech
f  3209/4054/4  3205/4055/4  3204/4056/4  3210/4057/4
usemtl electronics/electromech
f  3211/4057/7  3207/4056/7  3206/4055/7  3208/4054/7
usemtl electronics/electromech
f  3210/4053/5  3204/4052/5  3207/4051/5  3211/4050/5
usemtl electronics/electromech
f  3211/4049/6  3208/4048/6  3209/4047/6  3210/4046/6

o entity0_brush402
usemtl arcade/trench/graffiti
f  3212/4058/1  3213/4059/1  3214/4060/1  3215/4061/1
usemtl arcade/trench/graffiti
f  3216/4062/3  3214/4063/3  3213/4064/3  3217/4065/3
usemtl arcade/trench/graffiti
f  3217/4066/4  3213/4067/4  3212/1832/4  3218/4068/4
usemtl arcade/trench/graffiti
f  3219/4068/7  3215/1832/7  3214/4067/7  3216/4066/7
usemtl arcade/trench/graffiti
f  3218/4065/5  3212/4064/5  3215/4063/5  3219/4062/5
usemtl arcade/trench/graffiti
f  3219/4061/6  3216/4060/6  3217/4059/6  3218/4058/6

o entity4_brush0
usemtl __TB_empty
f  3220/4069/1  3221/4070/1  3222/4071/1  3223/4072/1
usemtl __TB_empty
f  3224/4073/3  3222/4074/3  3221/4075/3  3225/4076/3
usemtl __TB_empty
f  3225/4077/4  3221/4078/4  3220/4079/4  3226/4080/4
usemtl __TB_empty
f  3227/4080/7  3223/4079/7  3222/4078/7  3224/4077/7
usemtl __TB_empty
f  3226/4076/5  3220/4075/5  3223/4074/5  3227/4073/5
usemtl __TB_empty
f  3227/4072/6  3224/4071/6  3225/4070/6  3226/4069/6

o entity5_brush0
usemtl __TB_empty
f  3228/4081/1  3229/4082/1  3230/4083/1  3231/4084/1
usemtl __TB_empty
f  3232/4085/3  3230/4086/3  3229/4087/3  3233/4088/3
usemtl __TB_empty
f  3233/4089/4  3229/4090/4  3228/4091/4  3234/4092/4
usemtl __TB_empty
f  3235/4092/7  3231/4091/7  3230/4090/7  3232/4089/7
usemtl __TB_empty
f  3234/4088/5  3228/4087/5  3231/4086/5  3235/4085/5
usemtl __TB_empty
f  3235/4084/6  3232/4083/6  3233/4082/6  3234/4081/6

